1,'Tier4',0.00070,26.600098,'USDC',0.00090,34.200126,'OB333576                            '
2,'Tier1',0.00150,32.196495,'USDC',0.00030,6.439299,'OB798737                            '
3,'Tier3',0.00170,66.557516,'USD',0.00030,11.745444,'OB179652                            '
4,'Tier4',0.00060,136.359768,'USDT',0.00060,136.359768,'OB827275                            '
5,'Tier2',0.00050,22.547510,'USDC',0.00080,36.076016,'OB736523                            '
6,'Tier3',0.00050,67.899835,'USD',0.00080,108.639736,'OB575491                            '
7,'Tier2',0.00100,16.146180,'USDC',0.00080,12.916944,'OB892943                            '
8,'Tier1',0.00090,64.468233,'USDC',0.00000,0.000000,'OB824478                            '
9,'Tier4',0.00160,107.367152,'USDC',0.00030,20.131341,'OB214938                            '
10,'Tier4',0.00120,39.189492,'USD',0.00100,32.657910,'OB825463                            '
11,'Tier3',0.00090,21.563685,'USD',0.00020,4.791930,'OB606787                            '
12,'Tier2',0.00060,11.686992,'USDC',0.00030,5.843496,'OB343060                            '
13,'Tier2',0.00170,11.720463,'USD',0.00020,1.378878,'OB351236                            '
14,'Tier3',0.00140,212.954126,'USDC',0.00010,15.211009,'OB808052                            '
15,'Tier3',0.00110,16.223075,'USDT',0.00010,1.474825,'OB947435                            '
16,'Tier1',0.00010,0.279563,'USD',0.00020,0.559126,'OB521601                            '
17,'Tier4',0.00150,340.630530,'USDT',0.00100,227.087020,'OB779587                            '
18,'Tier1',0.00190,305.128429,'USDC',0.00070,112.415737,'OB504770                            '
19,'Tier4',0.00140,5.751256,'USD',0.00050,2.054020,'OB267869                            '
20,'Tier3',0.00120,27.586404,'USDT',0.00020,4.597734,'OB193060                            '
21,'Tier2',0.00150,420.621240,'USD',0.00100,280.414160,'OB745580                            '
22,'Tier1',0.00180,120.192120,'USDC',0.00070,46.741380,'OB696539                            '
23,'Tier4',0.00060,0.451092,'USDT',0.00080,0.601456,'OB196905                            '
24,'Tier2',0.00100,27.106580,'USDT',0.00090,24.395922,'OB588281                            '
25,'Tier2',0.00060,5.186034,'USD',0.00040,3.457356,'OB231520                            '
26,'Tier4',0.00140,1.853264,'USDT',0.00010,0.132376,'OB479561                            '
27,'Tier3',0.00120,25.345944,'USD',0.00000,0.000000,'OB180974                            '
28,'Tier3',0.00140,9.865142,'USDT',0.00010,0.704653,'OB102886                            '
29,'Tier4',0.00160,140.094608,'USDC',0.00080,70.047304,'OB910132                            '
30,'Tier1',0.00070,11.095399,'USDT',0.00050,7.925285,'OB219311                            '
31,'Tier2',0.00060,24.557922,'USD',0.00060,24.557922,'OB539591                            '
32,'Tier2',0.00130,58.004336,'USD',0.00030,13.385616,'OB238651                            '
33,'Tier3',0.00120,24.888036,'USDT',0.00020,4.148006,'OB546344                            '
34,'Tier1',0.00150,98.728875,'USDC',0.00030,19.745775,'OB647205                            '
35,'Tier3',0.00060,178.714476,'USDT',0.00060,178.714476,'OB899042                            '
36,'Tier3',0.00170,15.030448,'USD',0.00050,4.420720,'OB302796                            '
37,'Tier2',0.00200,483.832760,'USD',0.00030,72.574914,'OB696050                            '
38,'Tier3',0.00070,19.532009,'USDT',0.00020,5.580574,'OB979689                            '
39,'Tier2',0.00020,4.053516,'USD',0.00020,4.053516,'OB689531                            '
40,'Tier1',0.00180,2.208528,'USDT',0.00060,0.736176,'OB998346                            '
41,'Tier2',0.00140,122.976728,'USDT',0.00080,70.272416,'OB416235                            '
42,'Tier4',0.00010,21.685232,'USDT',0.00020,43.370464,'OB514241                            '
43,'Tier1',0.00070,43.795563,'USDT',0.00010,6.256509,'OB960409                            '
44,'Tier2',0.00030,6.830391,'USDC',0.00040,9.107188,'OB934549                            '
45,'Tier4',0.00070,14.889833,'USDC',0.00030,6.381357,'OB110391                            '
46,'Tier3',0.00020,22.105612,'USD',0.00020,22.105612,'OB297610                            '
47,'Tier1',0.00200,54.882300,'USD',0.00100,27.441150,'OB913859                            '
48,'Tier4',0.00080,2.392064,'USDT',0.00030,0.897024,'OB638117                            '
49,'Tier2',0.00150,72.174945,'USD',0.00080,38.493304,'OB191769                            '
50,'Tier1',0.00090,7.551954,'USDT',0.00020,1.678212,'OB295001                            '
51,'Tier4',0.00080,1.285704,'USDT',0.00030,0.482139,'OB694127                            '
52,'Tier1',0.00020,3.582088,'USD',0.00060,10.746264,'OB640190                            '
53,'Tier3',0.00090,48.877452,'USDC',0.00050,27.154140,'OB120521                            '
54,'Tier4',0.00040,30.018572,'USD',0.00080,60.037144,'OB128747                            '
55,'Tier2',0.00020,2.071436,'USDT',0.00050,5.178590,'OB405678                            '
56,'Tier4',0.00020,23.747552,'USDC',0.00040,47.495104,'OB668479                            '
57,'Tier1',0.00160,65.360640,'USDC',0.00010,4.085040,'OB994651                            '
58,'Tier1',0.00020,25.006214,'USDT',0.00060,75.018642,'OB558446                            '
59,'Tier3',0.00090,64.128528,'USDC',0.00010,7.125392,'OB557892                            '
60,'Tier4',0.00030,1.271259,'USD',0.00080,3.390024,'OB477564                            '
61,'Tier2',0.00090,103.551453,'USDC',0.00080,92.045736,'OB452714                            '
62,'Tier1',0.00060,27.555282,'USD',0.00090,41.332923,'OB264975                            '
63,'Tier3',0.00080,2.367920,'USDT',0.00040,1.183960,'OB957911                            '
64,'Tier2',0.00200,141.468120,'USDC',0.00080,56.587248,'OB350846                            '
65,'Tier3',0.00140,13.080060,'USD',0.00040,3.737160,'OB512329                            '
66,'Tier3',0.00130,5.476276,'USD',0.00020,0.842504,'OB647688                            '
67,'Tier1',0.00100,4.836470,'USDT',0.00060,2.901882,'OB267355                            '
68,'Tier2',0.00140,109.997398,'USDT',0.00030,23.570871,'OB648538                            '
69,'Tier2',0.00040,0.570668,'USDC',0.00090,1.284003,'OB351503                            '
70,'Tier2',0.00040,38.700268,'USDT',0.00010,9.675067,'OB236229                            '
71,'Tier4',0.00080,10.874328,'USDT',0.00010,1.359291,'OB662976                            '
72,'Tier2',0.00060,2.298360,'USD',0.00090,3.447540,'OB575387                            '
73,'Tier2',0.00200,42.439060,'USDC',0.00010,2.121953,'OB494562                            '
74,'Tier1',0.00020,1.440070,'USDT',0.00050,3.600175,'OB175164                            '
75,'Tier3',0.00160,274.744480,'USD',0.00040,68.686120,'OB300022                            '
76,'Tier2',0.00160,28.349680,'USD',0.00060,10.631130,'OB864086                            '
77,'Tier1',0.00100,119.498780,'USDT',0.00050,59.749390,'OB699921                            '
78,'Tier3',0.00160,166.039920,'USD',0.00070,72.642465,'OB744328                            '
79,'Tier3',0.00050,0.504605,'USDT',0.00080,0.807368,'OB168358                            '
80,'Tier4',0.00190,15.961311,'USDT',0.00050,4.200345,'OB944462                            '
81,'Tier2',0.00010,1.370416,'USD',0.00040,5.481664,'OB794961                            '
82,'Tier2',0.00190,2.026198,'USD',0.00060,0.639852,'OB826101                            '
83,'Tier1',0.00060,33.703746,'USDC',0.00070,39.321037,'OB400145                            '
84,'Tier1',0.00060,8.336088,'USD',0.00080,11.114784,'OB476830                            '
85,'Tier3',0.00110,223.761648,'USD',0.00050,101.709840,'OB187351                            '
86,'Tier4',0.00090,99.071397,'USDT',0.00090,99.071397,'OB166920                            '
87,'Tier3',0.00060,46.865538,'USD',0.00100,78.109230,'OB505264                            '
88,'Tier1',0.00170,7.106102,'USDC',0.00040,1.672024,'OB613783                            '
89,'Tier1',0.00130,79.160601,'USD',0.00060,36.535662,'OB246254                            '
90,'Tier3',0.00050,41.329205,'USDT',0.00030,24.797523,'OB713729                            '
91,'Tier2',0.00170,63.384755,'USDC',0.00040,14.914060,'OB988949                            '
92,'Tier1',0.00160,112.803808,'USD',0.00090,63.452142,'OB364841                            '
93,'Tier1',0.00160,26.277584,'USDC',0.00100,16.423490,'OB612435                            '
94,'Tier3',0.00120,25.361820,'USD',0.00050,10.567425,'OB828463                            '
95,'Tier4',0.00200,23.749680,'USDC',0.00070,8.312388,'OB932853                            '
96,'Tier3',0.00070,2.035600,'USDT',0.00020,0.581600,'OB382976                            '
97,'Tier2',0.00080,1.810160,'USDT',0.00030,0.678810,'OB772793                            '
98,'Tier4',0.00090,198.726318,'USD',0.00060,132.484212,'OB976577                            '
99,'Tier4',0.00020,15.384700,'USDC',0.00080,61.538800,'OB578100                            '
100,'Tier3',0.00080,83.767600,'USDT',0.00100,104.709500,'OB660093                            '
101,'Tier4',0.00020,8.176270,'USDT',0.00020,8.176270,'OB496154                            '
102,'Tier2',0.00050,112.033625,'USD',0.00030,67.220175,'OB272030                            '
103,'Tier1',0.00130,145.855476,'USD',0.00090,100.976868,'OB823466                            '
104,'Tier1',0.00170,0.532984,'USDT',0.00010,0.031352,'OB680961                            '
105,'Tier4',0.00070,9.337986,'USDC',0.00020,2.667996,'OB384249                            '
106,'Tier4',0.00120,32.994564,'USDC',0.00040,10.998188,'OB242525                            '
107,'Tier3',0.00040,5.732996,'USDC',0.00000,0.000000,'OB743831                            '
108,'Tier4',0.00070,4.394327,'USDC',0.00040,2.511044,'OB612500                            '
109,'Tier2',0.00120,54.040836,'USD',0.00070,31.523821,'OB369194                            '
110,'Tier1',0.00040,0.003536,'USDT',0.00080,0.007072,'OB838378                            '
111,'Tier1',0.00180,30.304962,'USD',0.00040,6.734436,'OB188166                            '
112,'Tier3',0.00030,19.887462,'USD',0.00060,39.774924,'OB349928                            '
113,'Tier2',0.00030,4.406355,'USDT',0.00060,8.812710,'OB489781                            '
114,'Tier4',0.00020,47.931338,'USD',0.00020,47.931338,'OB740599                            '
115,'Tier3',0.00010,4.995856,'USDT',0.00050,24.979280,'OB705444                            '
116,'Tier4',0.00200,60.869200,'USDC',0.00050,15.217300,'OB507614                            '
117,'Tier1',0.00020,1.580352,'USD',0.00000,0.000000,'OB707497                            '
118,'Tier3',0.00070,0.048027,'USD',0.00050,0.034305,'OB189741                            '
119,'Tier4',0.00170,26.977487,'USDT',0.00030,4.760733,'OB841550                            '
120,'Tier4',0.00130,60.780239,'USDC',0.00020,9.350806,'OB820413                            '
121,'Tier4',0.00190,652.455288,'USDC',0.00020,68.679504,'OB651079                            '
122,'Tier2',0.00140,16.137982,'USD',0.00040,4.610852,'OB381913                            '
123,'Tier1',0.00060,42.003894,'USDT',0.00070,49.004543,'OB181948                            '
124,'Tier3',0.00030,36.282990,'USDC',0.00060,72.565980,'OB344053                            '
125,'Tier1',0.00100,42.123680,'USD',0.00050,21.061840,'OB657290                            '
126,'Tier3',0.00150,7.376955,'USDT',0.00070,3.442579,'OB867451                            '
127,'Tier1',0.00090,26.105085,'USDC',0.00020,5.801130,'OB804303                            '
128,'Tier2',0.00150,1.603830,'USD',0.00070,0.748454,'OB137288                            '
129,'Tier2',0.00180,53.683776,'USDC',0.00060,17.894592,'OB341193                            '
130,'Tier2',0.00140,70.139566,'USDC',0.00040,20.039876,'OB958565                            '
131,'Tier4',0.00140,179.544400,'USD',0.00060,76.947600,'OB711337                            '
132,'Tier4',0.00040,0.967796,'USD',0.00010,0.241949,'OB815349                            '
133,'Tier2',0.00140,73.357816,'USD',0.00060,31.439064,'OB158220                            '
134,'Tier3',0.00060,154.123926,'USD',0.00060,154.123926,'OB977659                            '
135,'Tier2',0.00120,176.088804,'USDC',0.00090,132.066603,'OB795485                            '
136,'Tier4',0.00030,33.947028,'USDT',0.00070,79.209732,'OB579175                            '
137,'Tier1',0.00030,16.340847,'USDT',0.00040,21.787796,'OB432086                            '
138,'Tier3',0.00190,13.053684,'USD',0.00090,6.183324,'OB638005                            '
139,'Tier1',0.00100,79.444520,'USD',0.00030,23.833356,'OB893444                            '
140,'Tier2',0.00060,0.014370,'USD',0.00000,0.000000,'OB365713                            '
141,'Tier2',0.00150,30.893895,'USD',0.00040,8.238372,'OB188954                            '
142,'Tier3',0.00040,27.287996,'USDT',0.00040,27.287996,'OB323355                            '
143,'Tier4',0.00070,3.138163,'USD',0.00080,3.586472,'OB632431                            '
144,'Tier3',0.00140,17.535210,'USDC',0.00020,2.505030,'OB577753                            '
145,'Tier2',0.00120,77.317392,'USDT',0.00040,25.772464,'OB779482                            '
146,'Tier3',0.00130,114.895209,'USDT',0.00070,61.866651,'OB197533                            '
147,'Tier4',0.00190,54.389552,'USD',0.00050,14.313040,'OB294228                            '
148,'Tier2',0.00120,23.790876,'USD',0.00040,7.930292,'OB190667                            '
149,'Tier4',0.00020,1.941400,'USDT',0.00010,0.970700,'OB202426                            '
150,'Tier4',0.00090,1.346985,'USDT',0.00030,0.448995,'OB315705                            '
151,'Tier4',0.00160,169.474384,'USDC',0.00070,74.145043,'OB640760                            '
152,'Tier4',0.00040,0.043420,'USDT',0.00060,0.065130,'OB187065                            '
153,'Tier1',0.00170,34.161942,'USD',0.00060,12.057156,'OB627858                            '
154,'Tier4',0.00080,42.220728,'USD',0.00050,26.387955,'OB950981                            '
155,'Tier4',0.00150,314.477355,'USDT',0.00040,83.860628,'OB109871                            '
156,'Tier4',0.00170,4.378248,'USD',0.00090,2.317896,'OB972658                            '
157,'Tier1',0.00070,159.058088,'USDC',0.00060,136.335504,'OB490062                            '
158,'Tier1',0.00160,96.482272,'USDT',0.00020,12.060284,'OB392757                            '
159,'Tier3',0.00050,67.662610,'USDC',0.00090,121.792698,'OB754935                            '
160,'Tier2',0.00100,12.151510,'USDC',0.00090,10.936359,'OB676853                            '
161,'Tier3',0.00120,149.019936,'USD',0.00070,86.928296,'OB936833                            '
162,'Tier1',0.00090,232.833627,'USDT',0.00100,258.704030,'OB725569                            '
163,'Tier3',0.00060,4.499526,'USD',0.00080,5.999368,'OB514850                            '
164,'Tier4',0.00110,25.011723,'USDC',0.00060,13.642758,'OB222155                            '
165,'Tier2',0.00020,0.966356,'USD',0.00090,4.348602,'OB631176                            '
166,'Tier2',0.00160,25.598496,'USDC',0.00090,14.399154,'OB143843                            '
167,'Tier2',0.00050,25.183960,'USDT',0.00020,10.073584,'OB701095                            '
168,'Tier3',0.00020,17.160814,'USD',0.00000,0.000000,'OB579115                            '
169,'Tier1',0.00090,123.448122,'USDT',0.00080,109.731664,'OB669145                            '
170,'Tier3',0.00130,14.505543,'USDC',0.00060,6.694866,'OB487599                            '
171,'Tier4',0.00160,373.688160,'USD',0.00030,70.066530,'OB517978                            '
172,'Tier2',0.00110,319.225797,'USDC',0.00010,29.020527,'OB591658                            '
173,'Tier2',0.00150,58.675095,'USDC',0.00100,39.116730,'OB567606                            '
174,'Tier1',0.00020,0.152786,'USDC',0.00070,0.534751,'OB759521                            '
175,'Tier1',0.00110,27.833575,'USDC',0.00030,7.590975,'OB998455                            '
176,'Tier4',0.00080,8.642168,'USDC',0.00060,6.481626,'OB374095                            '
177,'Tier3',0.00180,2.149812,'USDC',0.00030,0.358302,'OB671801                            '
178,'Tier1',0.00140,2.386258,'USDT',0.00020,0.340894,'OB275265                            '
179,'Tier2',0.00020,14.835202,'USDT',0.00090,66.758409,'OB787263                            '
180,'Tier2',0.00060,86.513838,'USDT',0.00040,57.675892,'OB795107                            '
181,'Tier3',0.00120,153.857436,'USDT',0.00030,38.464359,'OB665325                            '
182,'Tier3',0.00160,19.668416,'USD',0.00010,1.229276,'OB244831                            '
183,'Tier2',0.00040,4.625084,'USDC',0.00070,8.093897,'OB651163                            '
184,'Tier3',0.00020,9.081006,'USD',0.00050,22.702515,'OB159588                            '
185,'Tier3',0.00020,40.380880,'USDT',0.00030,60.571320,'OB496023                            '
186,'Tier2',0.00020,2.392978,'USDC',0.00060,7.178934,'OB804340                            '
187,'Tier3',0.00150,1.010010,'USDC',0.00100,0.673340,'OB524685                            '
188,'Tier2',0.00180,48.164454,'USDT',0.00040,10.703212,'OB552005                            '
189,'Tier4',0.00050,137.366650,'USDC',0.00100,274.733300,'OB514539                            '
190,'Tier2',0.00020,14.655832,'USD',0.00100,73.279160,'OB336166                            '
191,'Tier1',0.00080,0.391680,'USDT',0.00040,0.195840,'OB710012                            '
192,'Tier1',0.00200,284.820460,'USDC',0.00080,113.928184,'OB953471                            '
193,'Tier4',0.00170,3.351737,'USDC',0.00040,0.788644,'OB287602                            '
194,'Tier2',0.00040,73.532388,'USDC',0.00010,18.383097,'OB722032                            '
195,'Tier2',0.00020,2.452134,'USD',0.00010,1.226067,'OB910773                            '
196,'Tier4',0.00020,15.407572,'USDC',0.00020,15.407572,'OB488167                            '
197,'Tier3',0.00110,76.218065,'USDC',0.00050,34.644575,'OB657244                            '
198,'Tier3',0.00030,81.933822,'USDC',0.00090,245.801466,'OB748142                            '
199,'Tier4',0.00110,8.887351,'USDT',0.00050,4.039705,'OB175881                            '
200,'Tier2',0.00130,131.926119,'USD',0.00080,81.185304,'OB562666                            '
201,'Tier1',0.00140,30.744532,'USD',0.00010,2.196038,'OB579324                            '
202,'Tier1',0.00020,6.286736,'USDC',0.00010,3.143368,'OB292910                            '
203,'Tier4',0.00140,134.505042,'USD',0.00090,86.467527,'OB724312                            '
204,'Tier1',0.00180,27.029970,'USDC',0.00060,9.009990,'OB651510                            '
205,'Tier2',0.00060,46.138794,'USDT',0.00010,7.689799,'OB968971                            '
206,'Tier1',0.00070,54.366634,'USDT',0.00040,31.066648,'OB358820                            '
207,'Tier3',0.00120,402.530460,'USD',0.00020,67.088410,'OB817140                            '
208,'Tier3',0.00150,5.792400,'USDT',0.00060,2.316960,'OB767861                            '
209,'Tier3',0.00080,19.182440,'USD',0.00020,4.795610,'OB346374                            '
210,'Tier3',0.00030,33.225315,'USDC',0.00090,99.675945,'OB741152                            '
211,'Tier1',0.00070,15.851073,'USD',0.00070,15.851073,'OB874586                            '
212,'Tier4',0.00120,13.783416,'USDC',0.00040,4.594472,'OB114774                            '
213,'Tier4',0.00080,93.940464,'USDC',0.00050,58.712790,'OB695932                            '
214,'Tier2',0.00190,12.155763,'USD',0.00080,5.118216,'OB361744                            '
215,'Tier4',0.00150,33.624345,'USD',0.00020,4.483246,'OB888606                            '
216,'Tier4',0.00080,0.300112,'USD',0.00000,0.000000,'OB242690                            '
217,'Tier3',0.00060,40.538760,'USDT',0.00090,60.808140,'OB913916                            '
218,'Tier1',0.00110,21.366114,'USDT',0.00010,1.942374,'OB813102                            '
219,'Tier4',0.00080,128.681352,'USDC',0.00050,80.425845,'OB334741                            '
220,'Tier4',0.00080,2.045848,'USD',0.00090,2.301579,'OB303099                            '
221,'Tier2',0.00160,0.270912,'USDT',0.00040,0.067728,'OB573327                            '
222,'Tier4',0.00200,24.163040,'USD',0.00010,1.208152,'OB132575                            '
223,'Tier3',0.00060,14.978610,'USDC',0.00050,12.482175,'OB370619                            '
224,'Tier3',0.00040,0.794780,'USDT',0.00020,0.397390,'OB614742                            '
225,'Tier3',0.00170,89.823036,'USD',0.00090,47.553372,'OB233475                            '
226,'Tier2',0.00020,7.863018,'USD',0.00070,27.520563,'OB639228                            '
227,'Tier2',0.00100,48.358700,'USDC',0.00040,19.343480,'OB994552                            '
228,'Tier2',0.00130,98.283029,'USDT',0.00010,7.560233,'OB304792                            '
229,'Tier3',0.00100,10.264790,'USDT',0.00050,5.132395,'OB688285                            '
230,'Tier4',0.00040,1.290972,'USD',0.00030,0.968229,'OB289719                            '
231,'Tier4',0.00130,0.385983,'USDC',0.00010,0.029691,'OB123320                            '
232,'Tier3',0.00050,136.654640,'USDC',0.00090,245.978352,'OB181823                            '
233,'Tier2',0.00160,56.666208,'USDT',0.00060,21.249828,'OB466861                            '
234,'Tier1',0.00090,1.712070,'USDC',0.00050,0.951150,'OB258514                            '
235,'Tier1',0.00180,107.390178,'USDC',0.00080,47.728968,'OB215893                            '
236,'Tier2',0.00080,60.881152,'USDC',0.00060,45.660864,'OB452096                            '
237,'Tier1',0.00120,466.222860,'USDT',0.00040,155.407620,'OB305699                            '
238,'Tier4',0.00120,8.099460,'USDC',0.00100,6.749550,'OB930901                            '
239,'Tier3',0.00090,3.944691,'USDC',0.00060,2.629794,'OB492662                            '
240,'Tier3',0.00130,128.633583,'USDC',0.00070,69.264237,'OB752295                            '
241,'Tier1',0.00130,139.883575,'USDC',0.00100,107.602750,'OB291909                            '
242,'Tier3',0.00190,14.178408,'USDC',0.00060,4.477392,'OB431060                            '
243,'Tier3',0.00100,12.865470,'USDC',0.00040,5.146188,'OB326130                            '
244,'Tier4',0.00180,120.215142,'USDT',0.00070,46.750333,'OB451967                            '
245,'Tier1',0.00070,29.427118,'USD',0.00100,42.038740,'OB505421                            '
246,'Tier2',0.00040,76.630188,'USDT',0.00030,57.472641,'OB813930                            '
247,'Tier3',0.00090,48.839832,'USDT',0.00070,37.986536,'OB697463                            '
248,'Tier3',0.00070,31.917060,'USDC',0.00030,13.678740,'OB709672                            '
249,'Tier4',0.00140,110.687920,'USDT',0.00090,71.156520,'OB821399                            '
250,'Tier3',0.00150,236.300760,'USD',0.00060,94.520304,'OB208553                            '
251,'Tier3',0.00080,37.319272,'USDT',0.00090,41.984181,'OB517644                            '
252,'Tier1',0.00080,55.485912,'USDT',0.00030,20.807217,'OB138938                            '
253,'Tier3',0.00100,52.317740,'USDC',0.00050,26.158870,'OB778185                            '
254,'Tier4',0.00200,140.840780,'USD',0.00100,70.420390,'OB867292                            '
255,'Tier3',0.00080,47.912456,'USDC',0.00040,23.956228,'OB190748                            '
256,'Tier3',0.00140,2.747640,'USDC',0.00060,1.177560,'OB434588                            '
257,'Tier4',0.00020,1.163982,'USDC',0.00080,4.655928,'OB896335                            '
258,'Tier1',0.00110,220.450736,'USDC',0.00000,0.000000,'OB674487                            '
259,'Tier2',0.00020,7.070974,'USDT',0.00020,7.070974,'OB427532                            '
260,'Tier4',0.00160,61.622752,'USDT',0.00080,30.811376,'OB118977                            '
261,'Tier2',0.00140,211.046920,'USDC',0.00090,135.673020,'OB536272                            '
262,'Tier2',0.00180,480.101904,'USDT',0.00020,53.344656,'OB931557                            '
263,'Tier4',0.00080,56.042152,'USDC',0.00050,35.026345,'OB991026                            '
264,'Tier2',0.00100,1.032980,'USDT',0.00000,0.000000,'OB683321                            '
265,'Tier2',0.00040,22.266648,'USDT',0.00050,27.833310,'OB623254                            '
266,'Tier2',0.00120,29.167260,'USD',0.00090,21.875445,'OB147724                            '
267,'Tier1',0.00060,2.119824,'USDC',0.00040,1.413216,'OB795275                            '
268,'Tier4',0.00070,10.759735,'USDC',0.00050,7.685525,'OB355625                            '
269,'Tier3',0.00070,0.619745,'USD',0.00010,0.088535,'OB572239                            '
270,'Tier2',0.00060,8.129172,'USDC',0.00020,2.709724,'OB605138                            '
271,'Tier2',0.00080,18.237872,'USDC',0.00100,22.797340,'OB519270                            '
272,'Tier3',0.00140,66.736334,'USDT',0.00040,19.067524,'OB229684                            '
273,'Tier3',0.00170,2.821252,'USDT',0.00070,1.161692,'OB357929                            '
274,'Tier1',0.00050,11.353840,'USDT',0.00100,22.707680,'OB582559                            '
275,'Tier3',0.00020,8.729046,'USD',0.00020,8.729046,'OB102755                            '
276,'Tier4',0.00110,45.236587,'USD',0.00050,20.562085,'OB403098                            '
277,'Tier4',0.00140,1.754438,'USDT',0.00070,0.877219,'OB689896                            '
278,'Tier1',0.00120,10.594812,'USDC',0.00010,0.882901,'OB750284                            '
279,'Tier1',0.00040,88.579460,'USD',0.00060,132.869190,'OB343088                            '
280,'Tier2',0.00080,5.595096,'USD',0.00000,0.000000,'OB165887                            '
281,'Tier2',0.00120,34.748268,'USDT',0.00080,23.165512,'OB425166                            '
282,'Tier1',0.00160,10.633264,'USDT',0.00030,1.993737,'OB917254                            '
283,'Tier4',0.00140,8.427748,'USDC',0.00030,1.805946,'OB831244                            '
284,'Tier2',0.00110,0.762322,'USDT',0.00090,0.623718,'OB765376                            '
285,'Tier1',0.00020,8.157578,'USD',0.00060,24.472734,'OB253455                            '
286,'Tier3',0.00110,38.633485,'USDC',0.00080,28.097080,'OB456735                            '
287,'Tier4',0.00170,59.754014,'USDT',0.00100,35.149420,'OB266856                            '
288,'Tier3',0.00040,20.541920,'USDC',0.00050,25.677400,'OB621595                            '
289,'Tier2',0.00050,19.477525,'USD',0.00040,15.582020,'OB790525                            '
290,'Tier3',0.00080,14.892784,'USDC',0.00070,13.031186,'OB993574                            '
291,'Tier2',0.00160,16.441328,'USD',0.00000,0.000000,'OB223996                            '
292,'Tier3',0.00020,8.754690,'USD',0.00070,30.641415,'OB346335                            '
293,'Tier1',0.00050,53.503895,'USDC',0.00050,53.503895,'OB831469                            '
294,'Tier4',0.00090,66.190671,'USDC',0.00070,51.481633,'OB809244                            '
295,'Tier2',0.00200,7.815040,'USD',0.00040,1.563008,'OB987717                            '
296,'Tier3',0.00030,1.628400,'USDC',0.00020,1.085600,'OB393456                            '
297,'Tier4',0.00030,2.208489,'USDT',0.00040,2.944652,'OB279323                            '
298,'Tier2',0.00140,8.060500,'USDT',0.00020,1.151500,'OB782160                            '
299,'Tier2',0.00060,41.932092,'USD',0.00010,6.988682,'OB846357                            '
300,'Tier4',0.00140,8.602804,'USDT',0.00030,1.843458,'OB832107                            '
301,'Tier2',0.00090,66.158298,'USDC',0.00100,73.509220,'OB719831                            '
302,'Tier1',0.00080,138.635936,'USDC',0.00020,34.658984,'OB373406                            '
303,'Tier1',0.00030,14.592636,'USDT',0.00030,14.592636,'OB793480                            '
304,'Tier1',0.00170,166.349165,'USD',0.00010,9.785245,'OB913603                            '
305,'Tier4',0.00070,2.327115,'USDT',0.00020,0.664890,'OB212790                            '
306,'Tier1',0.00090,21.555738,'USD',0.00100,23.950820,'OB170442                            '
307,'Tier2',0.00160,15.114976,'USDT',0.00020,1.889372,'OB987936                            '
308,'Tier4',0.00120,42.897360,'USDT',0.00050,17.873900,'OB555370                            '
309,'Tier4',0.00100,54.822010,'USDC',0.00100,54.822010,'OB578333                            '
310,'Tier2',0.00080,9.944024,'USDC',0.00080,9.944024,'OB380523                            '
311,'Tier4',0.00060,2.685750,'USDT',0.00070,3.133375,'OB534657                            '
312,'Tier2',0.00160,111.513008,'USD',0.00060,41.817378,'OB409831                            '
313,'Tier1',0.00100,23.741900,'USDT',0.00020,4.748380,'OB435638                            '
314,'Tier3',0.00060,6.009624,'USDC',0.00010,1.001604,'OB722903                            '
315,'Tier2',0.00170,199.931424,'USDT',0.00070,82.324704,'OB463774                            '
316,'Tier3',0.00170,299.722529,'USDC',0.00020,35.261474,'OB371981                            '
317,'Tier3',0.00140,54.555872,'USDT',0.00060,23.381088,'OB631264                            '
318,'Tier4',0.00150,0.065550,'USD',0.00080,0.034960,'OB982837                            '
319,'Tier2',0.00090,19.091304,'USDT',0.00070,14.848792,'OB367675                            '
320,'Tier1',0.00180,23.983290,'USDC',0.00040,5.329620,'OB392196                            '
321,'Tier3',0.00100,65.101660,'USDC',0.00030,19.530498,'OB912400                            '
322,'Tier4',0.00100,38.217140,'USD',0.00040,15.286856,'OB929607                            '
323,'Tier2',0.00160,16.779952,'USD',0.00100,10.487470,'OB599576                            '
324,'Tier4',0.00110,58.444595,'USDC',0.00100,53.131450,'OB349903                            '
325,'Tier3',0.00200,302.742180,'USD',0.00080,121.096872,'OB465189                            '
326,'Tier1',0.00200,0.032780,'USD',0.00050,0.008195,'OB462770                            '
327,'Tier1',0.00060,10.073484,'USD',0.00090,15.110226,'OB463860                            '
328,'Tier4',0.00200,75.413040,'USD',0.00100,37.706520,'OB236106                            '
329,'Tier1',0.00120,17.674812,'USD',0.00020,2.945802,'OB398833                            '
330,'Tier1',0.00160,98.775744,'USDC',0.00050,30.867420,'OB305265                            '
331,'Tier3',0.00060,53.607912,'USDT',0.00020,17.869304,'OB894744                            '
332,'Tier2',0.00200,83.738420,'USDC',0.00010,4.186921,'OB964913                            '
333,'Tier2',0.00050,31.594085,'USDC',0.00060,37.912902,'OB553330                            '
334,'Tier1',0.00010,1.647350,'USDC',0.00050,8.236750,'OB135062                            '
335,'Tier3',0.00110,8.108287,'USDT',0.00020,1.474234,'OB239995                            '
336,'Tier2',0.00030,8.673234,'USDT',0.00040,11.564312,'OB258827                            '
337,'Tier1',0.00180,24.080166,'USDT',0.00100,13.377870,'OB113513                            '
338,'Tier2',0.00010,3.679675,'USDT',0.00050,18.398375,'OB148309                            '
339,'Tier4',0.00010,0.954541,'USDC',0.00040,3.818164,'OB181696                            '
340,'Tier2',0.00110,52.585478,'USDC',0.00020,9.560996,'OB281263                            '
341,'Tier2',0.00150,67.843935,'USDC',0.00030,13.568787,'OB227886                            '
342,'Tier4',0.00060,30.729300,'USDC',0.00100,51.215500,'OB759002                            '
343,'Tier1',0.00020,4.028918,'USDC',0.00010,2.014459,'OB381881                            '
344,'Tier4',0.00080,0.278048,'USDT',0.00100,0.347560,'OB236670                            '
345,'Tier1',0.00050,0.106410,'USDT',0.00100,0.212820,'OB585264                            '
346,'Tier4',0.00080,9.453576,'USD',0.00010,1.181697,'OB275927                            '
347,'Tier1',0.00040,109.853696,'USD',0.00050,137.317120,'OB901557                            '
348,'Tier2',0.00150,7.683735,'USDT',0.00050,2.561245,'OB273520                            '
349,'Tier3',0.00030,66.146166,'USD',0.00080,176.389776,'OB475679                            '
350,'Tier3',0.00020,0.014150,'USDT',0.00090,0.063675,'OB400576                            '
351,'Tier1',0.00090,1.433907,'USD',0.00070,1.115261,'OB330714                            '
352,'Tier3',0.00150,12.932805,'USDC',0.00070,6.035309,'OB963817                            '
353,'Tier3',0.00090,54.639414,'USDT',0.00070,42.497322,'OB929685                            '
354,'Tier4',0.00100,13.060110,'USD',0.00050,6.530055,'OB795412                            '
355,'Tier3',0.00010,2.459780,'USDT',0.00090,22.138020,'OB695333                            '
356,'Tier3',0.00170,1.008712,'USDC',0.00040,0.237344,'OB722219                            '
357,'Tier1',0.00070,51.731708,'USDC',0.00010,7.390244,'OB862314                            '
358,'Tier4',0.00030,16.164234,'USD',0.00090,48.492702,'OB985907                            '
359,'Tier4',0.00190,326.866595,'USDT',0.00020,34.407010,'OB966914                            '
360,'Tier4',0.00150,444.110640,'USD',0.00060,177.644256,'OB224740                            '
361,'Tier1',0.00180,33.392124,'USDT',0.00040,7.420472,'OB448626                            '
362,'Tier4',0.00040,60.401892,'USD',0.00080,120.803784,'OB441956                            '
363,'Tier2',0.00160,9.873952,'USDC',0.00030,1.851366,'OB171275                            '
364,'Tier1',0.00040,10.440148,'USD',0.00090,23.490333,'OB740176                            '
365,'Tier4',0.00030,9.321306,'USDT',0.00070,21.749714,'OB572355                            '
366,'Tier3',0.00080,57.570576,'USD',0.00030,21.588966,'OB142964                            '
367,'Tier4',0.00050,3.210605,'USDT',0.00020,1.284242,'OB392300                            '
368,'Tier3',0.00050,28.018405,'USD',0.00030,16.811043,'OB178944                            '
369,'Tier1',0.00150,12.379260,'USDT',0.00080,6.602272,'OB458570                            '
370,'Tier3',0.00070,10.832311,'USDC',0.00000,0.000000,'OB206129                            '
371,'Tier1',0.00170,78.731658,'USD',0.00010,4.631274,'OB587287                            '
372,'Tier1',0.00170,15.574040,'USDT',0.00030,2.748360,'OB943877                            '
373,'Tier2',0.00010,0.551940,'USDC',0.00080,4.415520,'OB524281                            '
374,'Tier2',0.00100,5.410260,'USD',0.00070,3.787182,'OB850608                            '
375,'Tier2',0.00180,24.558624,'USDC',0.00010,1.364368,'OB547511                            '
376,'Tier4',0.00130,62.424713,'USDC',0.00010,4.801901,'OB493159                            '
377,'Tier4',0.00150,50.899110,'USDT',0.00060,20.359644,'OB155960                            '
378,'Tier2',0.00110,81.592720,'USDC',0.00040,29.670080,'OB555945                            '
379,'Tier4',0.00060,65.190270,'USDT',0.00030,32.595135,'OB432649                            '
380,'Tier1',0.00160,35.645040,'USD',0.00010,2.227815,'OB120591                            '
381,'Tier3',0.00090,48.682611,'USDT',0.00070,37.864253,'OB113583                            '
382,'Tier4',0.00120,160.041372,'USDT',0.00070,93.357467,'OB151317                            '
383,'Tier4',0.00030,1.519224,'USD',0.00040,2.025632,'OB810555                            '
384,'Tier1',0.00070,0.512568,'USD',0.00020,0.146448,'OB349802                            '
385,'Tier3',0.00170,261.316639,'USD',0.00070,107.600969,'OB761570                            '
386,'Tier2',0.00040,31.426224,'USD',0.00020,15.713112,'OB837748                            '
387,'Tier2',0.00140,4.533172,'USDC',0.00090,2.914182,'OB590516                            '
388,'Tier3',0.00060,12.382578,'USDT',0.00010,2.063763,'OB393154                            '
389,'Tier1',0.00050,0.000010,'USDC',0.00000,0.000000,'OB659747                            '
390,'Tier1',0.00050,5.854285,'USDC',0.00040,4.683428,'OB402935                            '
391,'Tier4',0.00070,11.836531,'USDT',0.00070,11.836531,'OB481098                            '
392,'Tier2',0.00070,81.567773,'USD',0.00020,23.305078,'OB679206                            '
393,'Tier3',0.00130,1.335854,'USDT',0.00070,0.719306,'OB218577                            '
394,'Tier2',0.00160,0.270720,'USDC',0.00010,0.016920,'OB473650                            '
395,'Tier1',0.00030,13.496478,'USDC',0.00040,17.995304,'OB703286                            '
396,'Tier1',0.00180,586.800990,'USDT',0.00090,293.400495,'OB403979                            '
397,'Tier1',0.00010,24.225342,'USD',0.00090,218.028078,'OB555670                            '
398,'Tier1',0.00060,40.066416,'USDC',0.00030,20.033208,'OB141938                            '
399,'Tier3',0.00170,15.813604,'USDC',0.00040,3.720848,'OB110088                            '
400,'Tier2',0.00080,8.184880,'USD',0.00090,9.207990,'OB889077                            '
401,'Tier3',0.00160,60.788624,'USD',0.00030,11.397867,'OB265833                            '
402,'Tier4',0.00150,7.918230,'USDT',0.00030,1.583646,'OB468318                            '
403,'Tier1',0.00070,295.382262,'USD',0.00070,295.382262,'OB322795                            '
404,'Tier4',0.00140,74.282530,'USDT',0.00050,26.529475,'OB661872                            '
405,'Tier1',0.00180,218.403414,'USDC',0.00050,60.667615,'OB866029                            '
406,'Tier1',0.00020,8.212448,'USDT',0.00090,36.956016,'OB273736                            '
407,'Tier2',0.00170,26.782480,'USD',0.00000,0.000000,'OB201997                            '
408,'Tier2',0.00110,0.391787,'USDC',0.00010,0.035617,'OB357905                            '
409,'Tier4',0.00040,16.493492,'USD',0.00030,12.370119,'OB598086                            '
410,'Tier1',0.00090,6.400674,'USD',0.00020,1.422372,'OB355198                            '
411,'Tier1',0.00100,158.835000,'USDC',0.00040,63.534000,'OB557649                            '
412,'Tier2',0.00200,132.643560,'USD',0.00000,0.000000,'OB258847                            '
413,'Tier3',0.00100,1.707020,'USDT',0.00000,0.000000,'OB777104                            '
414,'Tier4',0.00030,48.592773,'USD',0.00020,32.395182,'OB253945                            '
415,'Tier2',0.00080,184.382576,'USD',0.00080,184.382576,'OB242080                            '
416,'Tier4',0.00130,50.926954,'USD',0.00010,3.917458,'OB672344                            '
417,'Tier2',0.00120,34.933152,'USDT',0.00090,26.199864,'OB186591                            '
418,'Tier3',0.00050,86.504670,'USDC',0.00040,69.203736,'OB999146                            '
419,'Tier4',0.00050,65.823775,'USD',0.00080,105.318040,'OB237457                            '
420,'Tier3',0.00130,86.350602,'USDT',0.00030,19.927062,'OB890015                            '
421,'Tier3',0.00180,39.241566,'USDT',0.00050,10.900435,'OB182540                            '
422,'Tier4',0.00040,51.276060,'USDC',0.00010,12.819015,'OB882664                            '
423,'Tier2',0.00050,15.243620,'USD',0.00060,18.292344,'OB225534                            '
424,'Tier1',0.00030,15.557760,'USDC',0.00050,25.929600,'OB691899                            '
425,'Tier3',0.00050,5.390740,'USD',0.00050,5.390740,'OB574842                            '
426,'Tier1',0.00120,96.627780,'USD',0.00030,24.156945,'OB585508                            '
427,'Tier3',0.00060,52.618404,'USD',0.00030,26.309202,'OB681718                            '
428,'Tier1',0.00080,0.102280,'USDT',0.00080,0.102280,'OB182711                            '
429,'Tier1',0.00010,4.407355,'USDT',0.00010,4.407355,'OB961878                            '
430,'Tier2',0.00150,127.635945,'USDC',0.00090,76.581567,'OB869189                            '
431,'Tier2',0.00030,26.501640,'USD',0.00030,26.501640,'OB577872                            '
432,'Tier4',0.00170,0.047685,'USDC',0.00070,0.019635,'OB216895                            '
433,'Tier2',0.00070,66.315046,'USD',0.00040,37.894312,'OB656679                            '
434,'Tier4',0.00130,194.083123,'USDC',0.00100,149.294710,'OB716581                            '
435,'Tier4',0.00050,114.848410,'USDC',0.00020,45.939364,'OB570389                            '
436,'Tier2',0.00120,5.519556,'USD',0.00090,4.139667,'OB559345                            '
437,'Tier2',0.00080,12.196424,'USD',0.00030,4.573659,'OB582267                            '
438,'Tier4',0.00190,74.858518,'USDT',0.00080,31.519376,'OB345661                            '
439,'Tier4',0.00170,324.377119,'USDT',0.00080,152.648056,'OB236712                            '
440,'Tier1',0.00100,28.593890,'USDC',0.00030,8.578167,'OB493011                            '
441,'Tier2',0.00120,129.899292,'USD',0.00050,54.124705,'OB277922                            '
442,'Tier2',0.00030,6.408786,'USDC',0.00040,8.545048,'OB971220                            '
443,'Tier2',0.00150,3.811035,'USDT',0.00090,2.286621,'OB468301                            '
444,'Tier3',0.00020,0.676924,'USDC',0.00070,2.369234,'OB492598                            '
445,'Tier3',0.00020,0.071872,'USDT',0.00000,0.000000,'OB102450                            '
446,'Tier1',0.00050,7.309985,'USDC',0.00060,8.771982,'OB534014                            '
447,'Tier3',0.00100,34.543880,'USDC',0.00070,24.180716,'OB838057                            '
448,'Tier1',0.00020,8.620598,'USDT',0.00080,34.482392,'OB276853                            '
449,'Tier3',0.00110,56.624436,'USD',0.00010,5.147676,'OB993572                            '
450,'Tier1',0.00080,26.074664,'USDT',0.00040,13.037332,'OB237765                            '
451,'Tier2',0.00050,1.040160,'USD',0.00030,0.624096,'OB893650                            '
452,'Tier3',0.00080,3.082320,'USDT',0.00070,2.697030,'OB122898                            '
453,'Tier1',0.00130,4.716920,'USD',0.00020,0.725680,'OB157101                            '
454,'Tier1',0.00180,186.069258,'USDT',0.00070,72.360267,'OB102450                            '
455,'Tier2',0.00080,7.032256,'USD',0.00050,4.395160,'OB422443                            '
456,'Tier4',0.00110,1.207228,'USDT',0.00090,0.987732,'OB747464                            '
457,'Tier1',0.00070,52.421411,'USD',0.00070,52.421411,'OB131400                            '
458,'Tier4',0.00090,90.837072,'USD',0.00050,50.465040,'OB435984                            '
459,'Tier1',0.00090,65.999556,'USDC',0.00070,51.332988,'OB375709                            '
460,'Tier2',0.00080,53.746832,'USDC',0.00030,20.155062,'OB885824                            '
461,'Tier1',0.00100,0.848750,'USDC',0.00070,0.594125,'OB455850                            '
462,'Tier3',0.00170,194.870269,'USDT',0.00000,0.000000,'OB669533                            '
463,'Tier2',0.00120,170.134656,'USDC',0.00010,14.177888,'OB942492                            '
464,'Tier4',0.00160,0.570304,'USD',0.00060,0.213864,'OB252770                            '
465,'Tier2',0.00110,1.491732,'USDT',0.00060,0.813672,'OB341693                            '
466,'Tier2',0.00160,44.178688,'USD',0.00080,22.089344,'OB942727                            '
467,'Tier1',0.00030,11.096865,'USD',0.00100,36.989550,'OB437444                            '
468,'Tier3',0.00060,16.042848,'USDT',0.00030,8.021424,'OB199712                            '
469,'Tier1',0.00170,390.217201,'USDT',0.00060,137.723718,'OB462122                            '
470,'Tier1',0.00090,12.120075,'USDC',0.00020,2.693350,'OB703502                            '
471,'Tier2',0.00030,35.185047,'USDT',0.00090,105.555141,'OB578117                            '
472,'Tier1',0.00080,1.688256,'USDC',0.00100,2.110320,'OB297943                            '
473,'Tier1',0.00160,505.409968,'USD',0.00010,31.588123,'OB861018                            '
474,'Tier2',0.00180,19.351206,'USD',0.00090,9.675603,'OB877388                            '
475,'Tier1',0.00060,133.693380,'USD',0.00000,0.000000,'OB989279                            '
476,'Tier1',0.00150,260.317185,'USDC',0.00040,69.417916,'OB287560                            '
477,'Tier2',0.00130,77.561731,'USD',0.00060,35.797722,'OB970944                            '
478,'Tier3',0.00190,173.769155,'USD',0.00070,64.020215,'OB709978                            '
479,'Tier2',0.00040,1.745296,'USDT',0.00020,0.872648,'OB712901                            '
480,'Tier3',0.00010,1.988464,'USDT',0.00020,3.976928,'OB680438                            '
481,'Tier2',0.00120,14.673288,'USD',0.00090,11.004966,'OB620264                            '
482,'Tier1',0.00170,21.130456,'USDT',0.00080,9.943744,'OB186254                            '
483,'Tier2',0.00190,10.530579,'USDC',0.00080,4.433928,'OB623649                            '
484,'Tier1',0.00160,68.259440,'USDC',0.00070,29.863505,'OB616494                            '
485,'Tier1',0.00180,515.959578,'USD',0.00080,229.315368,'OB188015                            '
486,'Tier3',0.00070,0.850129,'USDT',0.00090,1.093023,'OB687439                            '
487,'Tier3',0.00120,0.441300,'USDT',0.00010,0.036775,'OB351877                            '
488,'Tier1',0.00200,182.815140,'USDT',0.00010,9.140757,'OB271476                            '
489,'Tier4',0.00160,112.569072,'USD',0.00000,0.000000,'OB487228                            '
490,'Tier1',0.00090,2.857590,'USDC',0.00020,0.635020,'OB372288                            '
491,'Tier3',0.00170,299.398560,'USDC',0.00030,52.835040,'OB226985                            '
492,'Tier3',0.00130,40.591941,'USDT',0.00100,31.224570,'OB570782                            '
493,'Tier1',0.00170,10.072874,'USDC',0.00080,4.740176,'OB165078                            '
494,'Tier2',0.00100,169.951360,'USDC',0.00040,67.980544,'OB561137                            '
495,'Tier2',0.00170,210.798997,'USD',0.00060,74.399646,'OB424701                            '
496,'Tier2',0.00150,115.190865,'USDC',0.00020,15.358782,'OB775795                            '
497,'Tier1',0.00150,242.770965,'USDT',0.00020,32.369462,'OB617851                            '
498,'Tier1',0.00120,37.060332,'USD',0.00080,24.706888,'OB118160                            '
499,'Tier3',0.00090,1.131876,'USD',0.00000,0.000000,'OB485264                            '
500,'Tier1',0.00190,145.106040,'USDC',0.00090,68.734440,'OB695324                            '
501,'Tier1',0.00100,9.871290,'USDT',0.00030,2.961387,'OB693249                            '
502,'Tier2',0.00080,9.928232,'USDT',0.00020,2.482058,'OB139324                            '
503,'Tier2',0.00010,7.112289,'USDT',0.00090,64.010601,'OB668095                            '
504,'Tier1',0.00080,249.311696,'USDC',0.00050,155.819810,'OB296240                            '
505,'Tier2',0.00180,59.568642,'USDT',0.00060,19.856214,'OB550048                            '
506,'Tier3',0.00150,150.445425,'USDT',0.00040,40.118780,'OB408983                            '
507,'Tier1',0.00130,181.377131,'USD',0.00020,27.904174,'OB471732                            '
508,'Tier3',0.00040,11.815904,'USD',0.00040,11.815904,'OB456413                            '
509,'Tier1',0.00020,18.190284,'USD',0.00050,45.475710,'OB327889                            '
510,'Tier4',0.00010,11.086247,'USDC',0.00070,77.603729,'OB694455                            '
511,'Tier3',0.00040,102.680216,'USD',0.00060,154.020324,'OB837213                            '
512,'Tier4',0.00130,3.540667,'USDC',0.00030,0.817077,'OB761161                            '
513,'Tier2',0.00030,90.391284,'USDC',0.00030,90.391284,'OB767712                            '
514,'Tier3',0.00150,342.478305,'USD',0.00090,205.486983,'OB798819                            '
515,'Tier2',0.00100,2.151490,'USD',0.00070,1.506043,'OB237055                            '
516,'Tier3',0.00050,89.988675,'USDC',0.00080,143.981880,'OB354381                            '
517,'Tier3',0.00070,156.614969,'USDT',0.00090,201.362103,'OB704219                            '
518,'Tier2',0.00090,63.931023,'USDT',0.00030,21.310341,'OB540630                            '
519,'Tier2',0.00120,3.072012,'USDC',0.00040,1.024004,'OB293279                            '
520,'Tier2',0.00190,184.445103,'USD',0.00030,29.122911,'OB293698                            '
521,'Tier4',0.00070,27.417866,'USDT',0.00080,31.334704,'OB776566                            '
522,'Tier4',0.00090,2.873259,'USDC',0.00040,1.277004,'OB755493                            '
523,'Tier1',0.00090,13.907943,'USDT',0.00000,0.000000,'OB439367                            '
524,'Tier3',0.00060,4.895238,'USDT',0.00070,5.711111,'OB614180                            '
525,'Tier4',0.00080,0.741352,'USD',0.00080,0.741352,'OB177462                            '
526,'Tier1',0.00040,1.538608,'USD',0.00060,2.307912,'OB605560                            '
527,'Tier4',0.00060,62.342130,'USDC',0.00090,93.513195,'OB621683                            '
528,'Tier1',0.00160,8.710784,'USDC',0.00000,0.000000,'OB424274                            '
529,'Tier4',0.00050,2.137900,'USDC',0.00020,0.855160,'OB431694                            '
530,'Tier3',0.00200,278.571760,'USDT',0.00080,111.428704,'OB797782                            '
531,'Tier3',0.00190,84.575650,'USD',0.00070,31.159450,'OB307626                            '
532,'Tier2',0.00010,0.821837,'USDT',0.00040,3.287348,'OB384881                            '
533,'Tier1',0.00160,89.425408,'USDC',0.00050,27.945440,'OB168774                            '
534,'Tier1',0.00180,0.129906,'USDC',0.00020,0.014434,'OB961582                            '
535,'Tier1',0.00100,14.670030,'USDT',0.00010,1.467003,'OB472497                            '
536,'Tier3',0.00040,28.602692,'USDT',0.00060,42.904038,'OB837966                            '
537,'Tier1',0.00170,385.588798,'USDT',0.00010,22.681694,'OB483489                            '
538,'Tier2',0.00050,33.125225,'USDT',0.00050,33.125225,'OB732980                            '
539,'Tier4',0.00070,0.542038,'USD',0.00010,0.077434,'OB534348                            '
540,'Tier1',0.00150,221.590845,'USDC',0.00010,14.772723,'OB477789                            '
541,'Tier3',0.00080,14.921784,'USD',0.00050,9.326115,'OB657726                            '
542,'Tier1',0.00020,0.495742,'USD',0.00080,1.982968,'OB978136                            '
543,'Tier3',0.00150,145.344090,'USD',0.00070,67.827242,'OB539269                            '
544,'Tier2',0.00140,5.759572,'USD',0.00060,2.468388,'OB219463                            '
545,'Tier1',0.00100,101.000810,'USDC',0.00030,30.300243,'OB562068                            '
546,'Tier2',0.00120,1.919136,'USDT',0.00070,1.119496,'OB543051                            '
547,'Tier1',0.00050,8.678660,'USDT',0.00090,15.621588,'OB529765                            '
548,'Tier3',0.00130,252.184439,'USDC',0.00050,96.994015,'OB304119                            '
549,'Tier4',0.00190,327.178803,'USDC',0.00080,137.759496,'OB559669                            '
550,'Tier1',0.00060,0.520770,'USD',0.00050,0.433975,'OB924182                            '
551,'Tier3',0.00030,20.711874,'USDC',0.00060,41.423748,'OB459537                            '
552,'Tier3',0.00050,7.285255,'USDC',0.00010,1.457051,'OB673694                            '
553,'Tier3',0.00110,77.827398,'USDC',0.00060,42.451308,'OB223121                            '
554,'Tier4',0.00180,334.021176,'USDT',0.00010,18.556732,'OB682059                            '
555,'Tier3',0.00160,28.937264,'USD',0.00080,14.468632,'OB476099                            '
556,'Tier2',0.00030,0.853404,'USDC',0.00000,0.000000,'OB951564                            '
557,'Tier2',0.00150,147.602565,'USDT',0.00050,49.200855,'OB335932                            '
558,'Tier3',0.00040,36.415712,'USDT',0.00070,63.727496,'OB337793                            '
559,'Tier1',0.00110,20.547032,'USDC',0.00040,7.471648,'OB832469                            '
560,'Tier3',0.00050,22.461980,'USD',0.00040,17.969584,'OB599780                            '
561,'Tier2',0.00010,11.581301,'USDC',0.00050,57.906505,'OB417872                            '
562,'Tier4',0.00080,2.260248,'USD',0.00010,0.282531,'OB382696                            '
563,'Tier2',0.00100,107.434710,'USD',0.00080,85.947768,'OB160642                            '
564,'Tier2',0.00050,44.824915,'USD',0.00010,8.964983,'OB376407                            '
565,'Tier3',0.00190,47.492666,'USDT',0.00070,17.497298,'OB929085                            '
566,'Tier3',0.00200,20.016520,'USD',0.00040,4.003304,'OB831859                            '
567,'Tier4',0.00080,3.732840,'USD',0.00050,2.333025,'OB450079                            '
568,'Tier1',0.00170,524.355055,'USD',0.00050,154.222075,'OB512313                            '
569,'Tier3',0.00110,152.356094,'USDC',0.00060,83.103324,'OB352382                            '
570,'Tier3',0.00060,6.719886,'USD',0.00050,5.599905,'OB680161                            '
571,'Tier3',0.00150,27.058890,'USD',0.00090,16.235334,'OB258895                            '
572,'Tier3',0.00040,11.163760,'USDT',0.00030,8.372820,'OB263786                            '
573,'Tier1',0.00160,3.412960,'USD',0.00060,1.279860,'OB882400                            '
574,'Tier4',0.00040,31.763932,'USDC',0.00000,0.000000,'OB794119                            '
575,'Tier3',0.00050,40.855860,'USDC',0.00050,40.855860,'OB115399                            '
576,'Tier2',0.00190,127.242639,'USDT',0.00100,66.969810,'OB125423                            '
577,'Tier3',0.00120,47.479500,'USDC',0.00070,27.696375,'OB435797                            '
578,'Tier3',0.00090,7.601715,'USDT',0.00090,7.601715,'OB143588                            '
579,'Tier2',0.00090,26.817777,'USDT',0.00030,8.939259,'OB283243                            '
580,'Tier4',0.00020,3.846358,'USD',0.00050,9.615895,'OB678138                            '
581,'Tier3',0.00080,105.537472,'USDT',0.00000,0.000000,'OB850357                            '
582,'Tier1',0.00090,47.423115,'USDT',0.00050,26.346175,'OB763841                            '
583,'Tier4',0.00060,52.665462,'USDT',0.00020,17.555154,'OB183914                            '
584,'Tier4',0.00140,108.288376,'USD',0.00050,38.674420,'OB582497                            '
585,'Tier3',0.00110,13.098602,'USDT',0.00000,0.000000,'OB708701                            '
586,'Tier2',0.00030,42.351822,'USD',0.00070,98.820918,'OB693973                            '
587,'Tier1',0.00080,10.741408,'USD',0.00020,2.685352,'OB218023                            '
588,'Tier3',0.00030,17.127642,'USDT',0.00010,5.709214,'OB717589                            '
589,'Tier1',0.00200,12.843980,'USDT',0.00040,2.568796,'OB545527                            '
590,'Tier2',0.00170,18.641843,'USDC',0.00010,1.096579,'OB219450                            '
591,'Tier3',0.00120,0.103956,'USDC',0.00000,0.000000,'OB865367                            '
592,'Tier4',0.00190,8.883583,'USDT',0.00030,1.402671,'OB843684                            '
593,'Tier2',0.00120,15.914940,'USD',0.00060,7.957470,'OB186296                            '
594,'Tier4',0.00150,52.932630,'USD',0.00090,31.759578,'OB144991                            '
595,'Tier3',0.00050,81.409785,'USDC',0.00000,0.000000,'OB595861                            '
596,'Tier1',0.00160,43.204880,'USD',0.00070,18.902135,'OB209759                            '
597,'Tier3',0.00060,2.508066,'USDT',0.00040,1.672044,'OB272610                            '
598,'Tier2',0.00100,46.357570,'USDC',0.00100,46.357570,'OB180107                            '
599,'Tier1',0.00100,96.111900,'USD',0.00010,9.611190,'OB153752                            '
600,'Tier4',0.00020,12.064956,'USDT',0.00080,48.259824,'OB683457                            '
601,'Tier4',0.00110,6.214208,'USDT',0.00090,5.084352,'OB612077                            '
602,'Tier3',0.00050,0.590640,'USD',0.00080,0.945024,'OB254388                            '
603,'Tier2',0.00100,1.110940,'USD',0.00090,0.999846,'OB649482                            '
604,'Tier2',0.00180,128.771424,'USD',0.00040,28.615872,'OB820837                            '
605,'Tier2',0.00150,201.566265,'USD',0.00080,107.502008,'OB835862                            '
606,'Tier3',0.00030,26.009772,'USD',0.00090,78.029316,'OB671587                            '
607,'Tier3',0.00090,101.841345,'USD',0.00010,11.315705,'OB186380                            '
608,'Tier1',0.00020,9.254766,'USD',0.00020,9.254766,'OB432322                            '
609,'Tier2',0.00160,168.225024,'USDC',0.00080,84.112512,'OB177295                            '
610,'Tier3',0.00060,14.807376,'USDC',0.00090,22.211064,'OB806274                            '
611,'Tier2',0.00140,17.661042,'USDT',0.00100,12.615030,'OB256150                            '
612,'Tier1',0.00180,21.864780,'USDC',0.00070,8.502970,'OB992459                            '
613,'Tier4',0.00110,175.878813,'USD',0.00010,15.988983,'OB103837                            '
614,'Tier3',0.00140,12.831210,'USDT',0.00100,9.165150,'OB866370                            '
615,'Tier4',0.00110,99.904706,'USDC',0.00090,81.740214,'OB282685                            '
616,'Tier1',0.00090,6.852879,'USDC',0.00030,2.284293,'OB905468                            '
617,'Tier4',0.00090,14.453235,'USDC',0.00050,8.029575,'OB285788                            '
618,'Tier3',0.00170,105.770192,'USD',0.00050,31.108880,'OB555555                            '
619,'Tier3',0.00030,21.193884,'USDT',0.00010,7.064628,'OB770260                            '
620,'Tier2',0.00090,19.624698,'USDT',0.00030,6.541566,'OB741714                            '
621,'Tier2',0.00150,137.342220,'USDC',0.00060,54.936888,'OB278270                            '
622,'Tier2',0.00060,1.518384,'USDC',0.00060,1.518384,'OB466165                            '
623,'Tier3',0.00030,3.966480,'USDC',0.00060,7.932960,'OB632798                            '
624,'Tier1',0.00130,69.513964,'USDC',0.00080,42.777824,'OB900729                            '
625,'Tier2',0.00120,86.324916,'USD',0.00040,28.774972,'OB175559                            '
626,'Tier3',0.00200,81.903880,'USDT',0.00020,8.190388,'OB480960                            '
627,'Tier4',0.00090,76.570875,'USDC',0.00010,8.507875,'OB801812                            '
628,'Tier4',0.00090,89.975142,'USD',0.00010,9.997238,'OB198131                            '
629,'Tier3',0.00080,86.511712,'USD',0.00070,75.697748,'OB675855                            '
630,'Tier2',0.00180,89.040492,'USDC',0.00050,24.733470,'OB831781                            '
631,'Tier3',0.00010,15.897839,'USDT',0.00070,111.284873,'OB144339                            '
632,'Tier3',0.00130,272.069512,'USDT',0.00010,20.928424,'OB995206                            '
633,'Tier1',0.00100,0.640100,'USD',0.00010,0.064010,'OB360424                            '
634,'Tier4',0.00030,5.477376,'USDT',0.00070,12.780544,'OB991769                            '
635,'Tier4',0.00050,32.180890,'USD',0.00010,6.436178,'OB536943                            '
636,'Tier3',0.00110,63.064892,'USDC',0.00030,17.199516,'OB722237                            '
637,'Tier3',0.00150,25.580055,'USD',0.00020,3.410674,'OB432340                            '
638,'Tier4',0.00040,13.499440,'USD',0.00070,23.624020,'OB433562                            '
639,'Tier4',0.00060,56.019636,'USDC',0.00050,46.683030,'OB516641                            '
640,'Tier2',0.00100,7.796450,'USDC',0.00050,3.898225,'OB677124                            '
641,'Tier3',0.00130,46.237685,'USDC',0.00100,35.567450,'OB135230                            '
642,'Tier3',0.00010,0.825070,'USDT',0.00080,6.600560,'OB520751                            '
643,'Tier4',0.00190,62.438617,'USD',0.00010,3.286243,'OB970028                            '
644,'Tier3',0.00010,17.579759,'USDC',0.00070,123.058313,'OB313403                            '
645,'Tier1',0.00130,67.006589,'USDT',0.00000,0.000000,'OB853109                            '
646,'Tier2',0.00050,0.552530,'USD',0.00050,0.552530,'OB491336                            '
647,'Tier4',0.00190,31.910728,'USD',0.00010,1.679512,'OB720324                            '
648,'Tier2',0.00140,153.582772,'USDT',0.00050,54.850990,'OB716305                            '
649,'Tier3',0.00030,28.016901,'USD',0.00070,65.372769,'OB248301                            '
650,'Tier1',0.00060,5.984058,'USDT',0.00080,7.978744,'OB984864                            '
651,'Tier2',0.00130,79.742923,'USD',0.00010,6.134071,'OB790198                            '
652,'Tier4',0.00070,1.960525,'USDC',0.00030,0.840225,'OB434972                            '
653,'Tier2',0.00180,99.696420,'USD',0.00020,11.077380,'OB608605                            '
654,'Tier3',0.00040,7.489404,'USDC',0.00050,9.361755,'OB663928                            '
655,'Tier4',0.00020,3.835990,'USD',0.00060,11.507970,'OB582450                            '
656,'Tier3',0.00180,7.005222,'USDT',0.00060,2.335074,'OB824168                            '
657,'Tier1',0.00080,5.899840,'USD',0.00010,0.737480,'OB179361                            '
658,'Tier3',0.00150,4.046790,'USDT',0.00010,0.269786,'OB462786                            '
659,'Tier3',0.00130,142.000391,'USDT',0.00060,65.538642,'OB319530                            '
660,'Tier2',0.00120,345.117984,'USD',0.00050,143.799160,'OB132209                            '
661,'Tier2',0.00080,47.770104,'USDC',0.00030,17.913789,'OB708760                            '
662,'Tier2',0.00150,8.645550,'USD',0.00020,1.152740,'OB679443                            '
663,'Tier4',0.00080,15.512784,'USD',0.00050,9.695490,'OB383758                            '
664,'Tier3',0.00090,24.543387,'USDC',0.00080,21.816344,'OB736773                            '
665,'Tier4',0.00170,2.517598,'USDT',0.00070,1.036658,'OB510199                            '
666,'Tier3',0.00100,17.162640,'USDC',0.00090,15.446376,'OB221047                            '
667,'Tier1',0.00060,178.360380,'USD',0.00070,208.087110,'OB421774                            '
668,'Tier3',0.00120,40.235196,'USDC',0.00030,10.058799,'OB162774                            '
669,'Tier2',0.00040,24.024400,'USD',0.00080,48.048800,'OB506723                            '
670,'Tier4',0.00020,1.404974,'USDT',0.00050,3.512435,'OB755263                            '
671,'Tier1',0.00030,2.587323,'USD',0.00050,4.312205,'OB359753                            '
672,'Tier3',0.00180,109.912014,'USDT',0.00060,36.637338,'OB673676                            '
673,'Tier2',0.00060,6.397080,'USDT',0.00040,4.264720,'OB657245                            '
674,'Tier3',0.00100,2.004560,'USDT',0.00020,0.400912,'OB196982                            '
675,'Tier4',0.00080,9.065680,'USD',0.00070,7.932470,'OB168127                            '
676,'Tier2',0.00190,495.619332,'USD',0.00050,130.426140,'OB135699                            '
677,'Tier3',0.00120,24.690396,'USDT',0.00060,12.345198,'OB104042                            '
678,'Tier4',0.00060,3.636252,'USDT',0.00080,4.848336,'OB568752                            '
679,'Tier1',0.00070,30.975028,'USD',0.00060,26.550024,'OB709364                            '
680,'Tier3',0.00050,5.676765,'USDC',0.00050,5.676765,'OB837190                            '
681,'Tier4',0.00180,175.829634,'USD',0.00000,0.000000,'OB601139                            '
682,'Tier4',0.00090,5.732001,'USDT',0.00010,0.636889,'OB439361                            '
683,'Tier2',0.00060,3.143700,'USDT',0.00050,2.619750,'OB402397                            '
684,'Tier4',0.00190,39.404575,'USDC',0.00090,18.665325,'OB790284                            '
685,'Tier1',0.00170,22.589617,'USDT',0.00020,2.657602,'OB905914                            '
686,'Tier4',0.00100,118.155240,'USDT',0.00030,35.446572,'OB333436                            '
687,'Tier3',0.00090,90.378918,'USDT',0.00040,40.168408,'OB728956                            '
688,'Tier3',0.00190,96.946056,'USDC',0.00100,51.024240,'OB492400                            '
689,'Tier2',0.00130,3.161951,'USDT',0.00040,0.972908,'OB957340                            '
690,'Tier1',0.00120,42.632088,'USD',0.00050,17.763370,'OB762340                            '
691,'Tier2',0.00170,207.714738,'USD',0.00040,48.874056,'OB712939                            '
692,'Tier1',0.00120,46.993116,'USDT',0.00000,0.000000,'OB343125                            '
693,'Tier2',0.00150,158.395800,'USDC',0.00100,105.597200,'OB211786                            '
694,'Tier1',0.00090,15.967980,'USDC',0.00070,12.419540,'OB267404                            '
695,'Tier3',0.00080,113.993360,'USDT',0.00000,0.000000,'OB708963                            '
696,'Tier4',0.00170,20.010802,'USDT',0.00020,2.354212,'OB137112                            '
697,'Tier1',0.00040,70.388748,'USDC',0.00010,17.597187,'OB371840                            '
698,'Tier4',0.00010,4.587869,'USDT',0.00070,32.115083,'OB618843                            '
699,'Tier4',0.00130,21.204664,'USDC',0.00080,13.049024,'OB634080                            '
700,'Tier3',0.00140,47.388978,'USDT',0.00080,27.079416,'OB238790                            '
701,'Tier1',0.00040,30.255348,'USDT',0.00040,30.255348,'OB937113                            '
702,'Tier4',0.00130,46.226219,'USDT',0.00050,17.779315,'OB145265                            '
703,'Tier3',0.00040,46.090248,'USDT',0.00080,92.180496,'OB765046                            '
704,'Tier3',0.00090,154.386774,'USDT',0.00040,68.616344,'OB159421                            '
705,'Tier1',0.00180,7.679610,'USDC',0.00060,2.559870,'OB125958                            '
706,'Tier2',0.00120,4.319028,'USD',0.00040,1.439676,'OB162296                            '
707,'Tier3',0.00020,8.323804,'USDT',0.00050,20.809510,'OB926125                            '
708,'Tier1',0.00070,3.465112,'USDT',0.00080,3.960128,'OB154178                            '
709,'Tier4',0.00020,3.592062,'USDT',0.00020,3.592062,'OB435400                            '
710,'Tier3',0.00190,48.557179,'USDT',0.00100,25.556410,'OB218237                            '
711,'Tier1',0.00050,24.216090,'USDT',0.00010,4.843218,'OB917413                            '
712,'Tier1',0.00080,110.125264,'USDT',0.00040,55.062632,'OB633236                            '
713,'Tier3',0.00180,447.249204,'USDT',0.00070,173.930246,'OB237187                            '
714,'Tier1',0.00090,11.202804,'USDT',0.00010,1.244756,'OB241542                            '
715,'Tier1',0.00080,10.446968,'USDC',0.00000,0.000000,'OB819628                            '
716,'Tier2',0.00160,0.767184,'USD',0.00020,0.095898,'OB428238                            '
717,'Tier2',0.00040,0.079340,'USD',0.00050,0.099175,'OB865801                            '
718,'Tier2',0.00150,3.947205,'USDT',0.00080,2.105176,'OB138664                            '
719,'Tier3',0.00160,1.199888,'USDC',0.00080,0.599944,'OB151681                            '
720,'Tier1',0.00090,51.705072,'USDC',0.00020,11.490016,'OB723134                            '
721,'Tier1',0.00110,201.411529,'USDT',0.00030,54.930417,'OB475118                            '
722,'Tier2',0.00060,0.853242,'USD',0.00090,1.279863,'OB581486                            '
723,'Tier1',0.00120,139.849188,'USDC',0.00010,11.654099,'OB356794                            '
724,'Tier1',0.00070,73.053379,'USDC',0.00060,62.617182,'OB537057                            '
725,'Tier2',0.00040,5.653036,'USD',0.00010,1.413259,'OB370576                            '
726,'Tier1',0.00200,199.982060,'USDC',0.00080,79.992824,'OB213191                            '
727,'Tier3',0.00140,26.505500,'USD',0.00060,11.359500,'OB629304                            '
728,'Tier1',0.00090,40.758975,'USDC',0.00080,36.230200,'OB997992                            '
729,'Tier2',0.00020,1.795352,'USDC',0.00050,4.488380,'OB332827                            '
730,'Tier4',0.00070,91.924777,'USD',0.00030,39.396333,'OB528680                            '
731,'Tier2',0.00110,11.380479,'USD',0.00010,1.034589,'OB975320                            '
732,'Tier1',0.00170,98.637893,'USDT',0.00030,17.406687,'OB100239                            '
733,'Tier4',0.00150,107.233095,'USDC',0.00000,0.000000,'OB497772                            '
734,'Tier3',0.00150,198.723345,'USDT',0.00020,26.496446,'OB780369                            '
735,'Tier4',0.00130,58.200129,'USDT',0.00010,4.476933,'OB723553                            '
736,'Tier1',0.00140,4.626286,'USDT',0.00060,1.982694,'OB855088                            '
737,'Tier3',0.00080,7.388464,'USD',0.00010,0.923558,'OB371722                            '
738,'Tier1',0.00110,83.509701,'USDC',0.00040,30.367164,'OB114253                            '
739,'Tier4',0.00190,182.389094,'USDC',0.00020,19.198852,'OB760053                            '
740,'Tier4',0.00050,9.085745,'USD',0.00080,14.537192,'OB663075                            '
741,'Tier4',0.00070,33.037319,'USDC',0.00020,9.439234,'OB218380                            '
742,'Tier3',0.00020,11.478310,'USD',0.00070,40.174085,'OB432018                            '
743,'Tier1',0.00060,4.221234,'USDT',0.00070,4.924773,'OB946739                            '
744,'Tier4',0.00170,35.204042,'USDC',0.00020,4.141652,'OB617846                            '
745,'Tier1',0.00090,21.600090,'USDT',0.00040,9.600040,'OB602685                            '
746,'Tier1',0.00110,58.449336,'USDT',0.00020,10.627152,'OB156907                            '
747,'Tier4',0.00010,8.188373,'USDC',0.00020,16.376746,'OB202019                            '
748,'Tier2',0.00050,2.940800,'USDC',0.00090,5.293440,'OB186218                            '
749,'Tier3',0.00100,17.944570,'USD',0.00090,16.150113,'OB434397                            '
750,'Tier2',0.00090,18.515187,'USDC',0.00060,12.343458,'OB988280                            '
751,'Tier2',0.00180,5.329944,'USD',0.00070,2.072756,'OB548731                            '
752,'Tier2',0.00170,5.096872,'USD',0.00060,1.798896,'OB301911                            '
753,'Tier2',0.00080,2.959296,'USDC',0.00060,2.219472,'OB746379                            '
754,'Tier1',0.00150,30.207150,'USDT',0.00050,10.069050,'OB199217                            '
755,'Tier3',0.00140,95.206426,'USDC',0.00040,27.201836,'OB928912                            '
756,'Tier3',0.00130,140.211695,'USDC',0.00020,21.571030,'OB645335                            '
757,'Tier3',0.00140,187.753454,'USDT',0.00020,26.821922,'OB733258                            '
758,'Tier3',0.00090,29.959902,'USDC',0.00010,3.328878,'OB660687                            '
759,'Tier3',0.00050,12.684100,'USDT',0.00030,7.610460,'OB505896                            '
760,'Tier2',0.00180,501.776460,'USDT',0.00090,250.888230,'OB397210                            '
761,'Tier3',0.00190,11.968499,'USDT',0.00060,3.779526,'OB287076                            '
762,'Tier4',0.00040,4.468728,'USDT',0.00040,4.468728,'OB739678                            '
763,'Tier4',0.00160,49.082048,'USDC',0.00070,21.473396,'OB797209                            '
764,'Tier4',0.00050,17.836270,'USDT',0.00050,17.836270,'OB805147                            '
765,'Tier4',0.00060,107.007108,'USDT',0.00100,178.345180,'OB171806                            '
766,'Tier1',0.00040,22.400352,'USDT',0.00070,39.200616,'OB352897                            '
767,'Tier3',0.00040,7.434172,'USDT',0.00050,9.292715,'OB734528                            '
768,'Tier2',0.00060,24.987522,'USD',0.00000,0.000000,'OB568953                            '
769,'Tier3',0.00080,38.000792,'USDT',0.00100,47.500990,'OB952746                            '
770,'Tier1',0.00020,3.954378,'USDC',0.00050,9.885945,'OB897824                            '
771,'Tier1',0.00060,138.877710,'USDC',0.00080,185.170280,'OB844446                            '
772,'Tier1',0.00060,8.925642,'USDT',0.00070,10.413249,'OB775093                            '
773,'Tier1',0.00100,87.162360,'USDT',0.00070,61.013652,'OB872591                            '
774,'Tier3',0.00130,73.847852,'USD',0.00090,51.125436,'OB837440                            '
775,'Tier4',0.00110,30.891619,'USDC',0.00000,0.000000,'OB197325                            '
776,'Tier3',0.00170,105.487771,'USDC',0.00040,24.820652,'OB211024                            '
777,'Tier4',0.00160,28.010096,'USDT',0.00030,5.251893,'OB263823                            '
778,'Tier2',0.00100,30.843760,'USDT',0.00040,12.337504,'OB903501                            '
779,'Tier3',0.00120,10.358856,'USD',0.00090,7.769142,'OB380319                            '
780,'Tier3',0.00090,113.262417,'USDT',0.00020,25.169426,'OB223640                            '
781,'Tier3',0.00130,168.163021,'USDT',0.00040,51.742468,'OB922738                            '
782,'Tier4',0.00170,104.513297,'USDC',0.00020,12.295682,'OB874139                            '
783,'Tier2',0.00070,79.438429,'USDT',0.00020,22.696694,'OB720506                            '
784,'Tier2',0.00200,6.437260,'USD',0.00060,1.931178,'OB789898                            '
785,'Tier2',0.00040,6.682324,'USD',0.00030,5.011743,'OB264135                            '
786,'Tier4',0.00030,22.493934,'USDT',0.00060,44.987868,'OB802236                            '
787,'Tier4',0.00190,31.656793,'USDC',0.00040,6.664588,'OB360380                            '
788,'Tier2',0.00130,92.283399,'USD',0.00010,7.098723,'OB892109                            '
789,'Tier4',0.00180,489.535560,'USDT',0.00060,163.178520,'OB759735                            '
790,'Tier2',0.00020,29.451546,'USDT',0.00100,147.257730,'OB556781                            '
791,'Tier4',0.00160,109.844656,'USDT',0.00040,27.461164,'OB804871                            '
792,'Tier4',0.00180,4.506804,'USDC',0.00010,0.250378,'OB904470                            '
793,'Tier3',0.00030,5.894412,'USDC',0.00080,15.718432,'OB471784                            '
794,'Tier2',0.00110,0.411015,'USDC',0.00080,0.298920,'OB477098                            '
795,'Tier4',0.00080,122.135304,'USD',0.00090,137.402217,'OB375581                            '
796,'Tier3',0.00130,114.577281,'USD',0.00090,79.322733,'OB301320                            '
797,'Tier4',0.00160,412.113648,'USDC',0.00010,25.757103,'OB920885                            '
798,'Tier1',0.00020,9.844830,'USDT',0.00020,9.844830,'OB448503                            '
799,'Tier1',0.00060,56.055366,'USDC',0.00060,56.055366,'OB593353                            '
800,'Tier2',0.00060,95.699694,'USD',0.00050,79.749745,'OB295002                            '
801,'Tier2',0.00130,39.297388,'USD',0.00040,12.091504,'OB804736                            '
802,'Tier3',0.00170,154.777826,'USDC',0.00060,54.627468,'OB370861                            '
803,'Tier1',0.00130,232.062584,'USDT',0.00020,35.701936,'OB336020                            '
804,'Tier2',0.00020,0.019266,'USDC',0.00090,0.086697,'OB195428                            '
805,'Tier1',0.00050,1.434440,'USDC',0.00070,2.008216,'OB532084                            '
806,'Tier2',0.00160,63.935616,'USD',0.00040,15.983904,'OB867392                            '
807,'Tier4',0.00140,18.151560,'USDT',0.00070,9.075780,'OB341177                            '
808,'Tier3',0.00020,38.319896,'USDC',0.00010,19.159948,'OB594152                            '
809,'Tier1',0.00170,148.460167,'USDT',0.00010,8.732951,'OB401548                            '
810,'Tier3',0.00050,27.623215,'USD',0.00020,11.049286,'OB119176                            '
811,'Tier1',0.00030,11.126085,'USDC',0.00070,25.960865,'OB582248                            '
812,'Tier2',0.00060,186.906318,'USDT',0.00020,62.302106,'OB491543                            '
813,'Tier1',0.00170,377.505213,'USDC',0.00090,199.855701,'OB227232                            '
814,'Tier2',0.00140,128.412788,'USDC',0.00060,55.034052,'OB555468                            '
815,'Tier4',0.00060,13.418100,'USDT',0.00020,4.472700,'OB282572                            '
816,'Tier4',0.00080,41.290752,'USD',0.00030,15.484032,'OB935235                            '
817,'Tier4',0.00200,88.240860,'USD',0.00080,35.296344,'OB537380                            '
818,'Tier1',0.00060,8.782560,'USDT',0.00080,11.710080,'OB816525                            '
819,'Tier1',0.00060,7.170120,'USDT',0.00060,7.170120,'OB915443                            '
820,'Tier2',0.00120,2.803188,'USDC',0.00010,0.233599,'OB776872                            '
821,'Tier4',0.00170,134.436425,'USD',0.00100,79.080250,'OB509849                            '
822,'Tier4',0.00150,360.734370,'USDT',0.00000,0.000000,'OB209761                            '
823,'Tier3',0.00050,17.982690,'USDC',0.00060,21.579228,'OB411701                            '
824,'Tier2',0.00130,107.424070,'USDC',0.00080,66.107120,'OB958866                            '
825,'Tier2',0.00050,44.050340,'USDC',0.00060,52.860408,'OB884987                            '
826,'Tier3',0.00110,18.472421,'USDC',0.00000,0.000000,'OB141197                            '
827,'Tier2',0.00160,186.037568,'USD',0.00100,116.273480,'OB827619                            '
828,'Tier2',0.00050,72.263845,'USD',0.00020,28.905538,'OB644642                            '
829,'Tier2',0.00060,7.548498,'USDT',0.00000,0.000000,'OB836037                            '
830,'Tier3',0.00100,144.206850,'USDC',0.00070,100.944795,'OB987536                            '
831,'Tier4',0.00110,10.876371,'USD',0.00090,8.898849,'OB854238                            '
832,'Tier3',0.00020,0.284272,'USDT',0.00080,1.137088,'OB976697                            '
833,'Tier2',0.00090,49.330611,'USD',0.00040,21.924716,'OB513321                            '
834,'Tier3',0.00160,0.632272,'USD',0.00000,0.000000,'OB602189                            '
835,'Tier1',0.00150,40.660440,'USDC',0.00000,0.000000,'OB253865                            '
836,'Tier2',0.00160,383.810016,'USDT',0.00030,71.964378,'OB420143                            '
837,'Tier1',0.00030,13.877106,'USDT',0.00090,41.631318,'OB989342                            '
838,'Tier3',0.00150,177.148110,'USDT',0.00020,23.619748,'OB581346                            '
839,'Tier2',0.00140,228.074616,'USDT',0.00020,32.582088,'OB654447                            '
840,'Tier2',0.00190,688.601306,'USD',0.00070,253.695218,'OB954989                            '
841,'Tier4',0.00140,5.781230,'USD',0.00060,2.477670,'OB108316                            '
842,'Tier1',0.00010,0.633544,'USDT',0.00080,5.068352,'OB547421                            '
843,'Tier1',0.00160,112.133536,'USDC',0.00090,63.075114,'OB230114                            '
844,'Tier1',0.00120,0.578112,'USDT',0.00050,0.240880,'OB259007                            '
845,'Tier2',0.00030,25.836444,'USDT',0.00070,60.285036,'OB311490                            '
846,'Tier3',0.00130,15.779075,'USD',0.00090,10.923975,'OB968748                            '
847,'Tier1',0.00020,1.146620,'USDT',0.00080,4.586480,'OB462358                            '
848,'Tier3',0.00150,137.129940,'USDC',0.00000,0.000000,'OB530668                            '
849,'Tier2',0.00090,279.127026,'USD',0.00050,155.070570,'OB371243                            '
850,'Tier1',0.00100,135.786670,'USD',0.00030,40.736001,'OB393985                            '
851,'Tier4',0.00140,96.839708,'USDT',0.00080,55.336976,'OB759977                            '
852,'Tier3',0.00040,33.989320,'USD',0.00060,50.983980,'OB278812                            '
853,'Tier3',0.00020,5.514550,'USDC',0.00090,24.815475,'OB245062                            '
854,'Tier1',0.00130,28.395822,'USDT',0.00020,4.368588,'OB807863                            '
855,'Tier1',0.00010,4.594150,'USD',0.00030,13.782450,'OB547671                            '
856,'Tier1',0.00040,1.603012,'USDC',0.00050,2.003765,'OB740681                            '
857,'Tier1',0.00200,51.673360,'USDT',0.00090,23.253012,'OB989292                            '
858,'Tier1',0.00140,28.029148,'USD',0.00060,12.012492,'OB138435                            '
859,'Tier2',0.00020,7.321422,'USD',0.00060,21.964266,'OB622528                            '
860,'Tier4',0.00060,62.325744,'USDC',0.00030,31.162872,'OB838059                            '
861,'Tier1',0.00160,381.544272,'USDC',0.00000,0.000000,'OB139718                            '
862,'Tier4',0.00120,0.327240,'USD',0.00070,0.190890,'OB420745                            '
863,'Tier3',0.00160,17.298880,'USDC',0.00050,5.405900,'OB318252                            '
864,'Tier4',0.00160,16.627104,'USD',0.00030,3.117582,'OB637680                            '
865,'Tier4',0.00040,23.460904,'USD',0.00050,29.326130,'OB955195                            '
866,'Tier4',0.00140,34.249992,'USD',0.00060,14.678568,'OB280413                            '
867,'Tier4',0.00050,46.906375,'USDT',0.00100,93.812750,'OB648301                            '
868,'Tier1',0.00080,15.467216,'USDC',0.00040,7.733608,'OB930472                            '
869,'Tier4',0.00040,20.783908,'USD',0.00060,31.175862,'OB192099                            '
870,'Tier2',0.00090,43.853625,'USDC',0.00060,29.235750,'OB518835                            '
871,'Tier4',0.00110,13.275702,'USDT',0.00010,1.206882,'OB122315                            '
872,'Tier4',0.00020,7.095742,'USDC',0.00080,28.382968,'OB531582                            '
873,'Tier3',0.00130,20.901023,'USDC',0.00020,3.215542,'OB341497                            '
874,'Tier3',0.00190,598.146619,'USDC',0.00060,188.888406,'OB534434                            '
875,'Tier4',0.00030,17.397867,'USDT',0.00000,0.000000,'OB761564                            '
876,'Tier1',0.00110,61.678309,'USDT',0.00020,11.214238,'OB166007                            '
877,'Tier3',0.00060,19.439676,'USDC',0.00040,12.959784,'OB858631                            '
878,'Tier2',0.00170,329.534426,'USD',0.00090,174.459402,'OB126558                            '
879,'Tier1',0.00110,0.596090,'USDC',0.00060,0.325140,'OB462290                            '
880,'Tier1',0.00070,142.436917,'USDT',0.00000,0.000000,'OB961339                            '
881,'Tier4',0.00140,19.223988,'USDT',0.00040,5.492568,'OB372776                            '
882,'Tier4',0.00070,105.462434,'USD',0.00060,90.396372,'OB216059                            '
883,'Tier3',0.00030,19.067295,'USDC',0.00010,6.355765,'OB735675                            '
884,'Tier4',0.00060,0.144516,'USDC',0.00090,0.216774,'OB633153                            '
885,'Tier3',0.00200,0.293160,'USD',0.00090,0.131922,'OB889157                            '
886,'Tier4',0.00130,38.503751,'USDC',0.00070,20.732789,'OB437926                            '
887,'Tier3',0.00060,5.753832,'USD',0.00040,3.835888,'OB101796                            '
888,'Tier2',0.00060,17.675958,'USDT',0.00040,11.783972,'OB520825                            '
889,'Tier4',0.00190,19.361836,'USD',0.00060,6.114264,'OB847141                            '
890,'Tier4',0.00180,0.729198,'USDT',0.00090,0.364599,'OB505877                            '
891,'Tier3',0.00050,0.380165,'USD',0.00040,0.304132,'OB726982                            '
892,'Tier4',0.00040,7.229640,'USD',0.00020,3.614820,'OB253216                            '
893,'Tier3',0.00190,204.388548,'USDT',0.00090,96.815628,'OB179034                            '
894,'Tier3',0.00120,1.385172,'USDC',0.00070,0.808017,'OB994898                            '
895,'Tier3',0.00020,0.290354,'USD',0.00080,1.161416,'OB846120                            '
896,'Tier2',0.00130,90.773384,'USDT',0.00080,55.860544,'OB266038                            '
897,'Tier4',0.00130,73.564270,'USDT',0.00070,39.611530,'OB628164                            '
898,'Tier2',0.00030,1.925145,'USDC',0.00090,5.775435,'OB310745                            '
899,'Tier2',0.00040,2.302976,'USDT',0.00090,5.181696,'OB736921                            '
900,'Tier2',0.00080,122.740240,'USD',0.00090,138.082770,'OB108470                            '
901,'Tier3',0.00060,13.075104,'USDT',0.00050,10.895920,'OB382355                            '
902,'Tier1',0.00200,43.532600,'USD',0.00060,13.059780,'OB336575                            '
903,'Tier3',0.00060,18.269916,'USDT',0.00090,27.404874,'OB997365                            '
904,'Tier2',0.00100,42.582510,'USD',0.00050,21.291255,'OB679801                            '
905,'Tier3',0.00030,15.085713,'USD',0.00050,25.142855,'OB858866                            '
906,'Tier3',0.00200,32.018880,'USD',0.00080,12.807552,'OB619793                            '
907,'Tier3',0.00180,100.221642,'USD',0.00080,44.542952,'OB553572                            '
908,'Tier4',0.00030,9.677526,'USD',0.00040,12.903368,'OB456195                            '
909,'Tier2',0.00180,102.013758,'USDC',0.00080,45.339448,'OB466999                            '
910,'Tier1',0.00190,0.077919,'USDC',0.00040,0.016404,'OB801065                            '
911,'Tier2',0.00060,4.478880,'USD',0.00070,5.225360,'OB575197                            '
912,'Tier1',0.00060,32.091252,'USD',0.00010,5.348542,'OB555216                            '
913,'Tier1',0.00170,3.263167,'USDT',0.00010,0.191951,'OB550529                            '
914,'Tier2',0.00120,56.970204,'USDC',0.00070,33.232619,'OB267742                            '
915,'Tier2',0.00110,0.764555,'USDT',0.00000,0.000000,'OB621854                            '
916,'Tier3',0.00120,165.337968,'USD',0.00010,13.778164,'OB165448                            '
917,'Tier1',0.00050,53.174210,'USDT',0.00030,31.904526,'OB298752                            '
918,'Tier3',0.00110,239.862282,'USDC',0.00060,130.833972,'OB896015                            '
919,'Tier2',0.00100,171.515880,'USDT',0.00060,102.909528,'OB594788                            '
920,'Tier1',0.00040,3.987696,'USD',0.00030,2.990772,'OB892855                            '
921,'Tier1',0.00050,8.275420,'USDT',0.00010,1.655084,'OB353209                            '
922,'Tier3',0.00200,94.533460,'USD',0.00020,9.453346,'OB487150                            '
923,'Tier4',0.00090,20.346210,'USDC',0.00030,6.782070,'OB929327                            '
924,'Tier2',0.00040,42.967244,'USDC',0.00010,10.741811,'OB679276                            '
925,'Tier4',0.00020,8.195884,'USDC',0.00070,28.685594,'OB635004                            '
926,'Tier4',0.00090,12.127131,'USDC',0.00030,4.042377,'OB874241                            '
927,'Tier3',0.00170,120.118141,'USDT',0.00060,42.394638,'OB643069                            '
928,'Tier4',0.00140,6.671602,'USDC',0.00060,2.859258,'OB980465                            '
929,'Tier4',0.00040,49.695904,'USD',0.00040,49.695904,'OB723290                            '
930,'Tier3',0.00060,1.967412,'USDT',0.00090,2.951118,'OB547038                            '
931,'Tier4',0.00080,1.887680,'USDC',0.00070,1.651720,'OB563795                            '
932,'Tier3',0.00140,83.848744,'USDT',0.00080,47.913568,'OB178838                            '
933,'Tier3',0.00140,22.432452,'USDT',0.00030,4.806954,'OB178906                            '
934,'Tier4',0.00120,35.359056,'USDC',0.00030,8.839764,'OB599097                            '
935,'Tier1',0.00170,327.193135,'USDT',0.00100,192.466550,'OB479037                            '
936,'Tier1',0.00030,2.257746,'USDT',0.00020,1.505164,'OB765804                            '
937,'Tier3',0.00030,0.016626,'USDT',0.00050,0.027710,'OB473186                            '
938,'Tier3',0.00140,47.813122,'USD',0.00080,27.321784,'OB162582                            '
939,'Tier1',0.00140,11.600918,'USDT',0.00020,1.657274,'OB608824                            '
940,'Tier1',0.00080,72.653080,'USD',0.00070,63.571445,'OB133188                            '
941,'Tier2',0.00170,14.705748,'USDT',0.00010,0.865044,'OB462328                            '
942,'Tier4',0.00070,75.925577,'USDT',0.00000,0.000000,'OB765583                            '
943,'Tier3',0.00080,152.484016,'USDC',0.00040,76.242008,'OB825093                            '
944,'Tier4',0.00140,6.548052,'USDC',0.00060,2.806308,'OB503616                            '
945,'Tier3',0.00140,24.398150,'USD',0.00000,0.000000,'OB502994                            '
946,'Tier1',0.00160,26.389552,'USDC',0.00080,13.194776,'OB790325                            '
947,'Tier2',0.00020,0.006860,'USD',0.00020,0.006860,'OB593510                            '
948,'Tier2',0.00180,7.202214,'USD',0.00050,2.000615,'OB986716                            '
949,'Tier3',0.00010,0.036398,'USDC',0.00040,0.145592,'OB608114                            '
950,'Tier2',0.00100,54.279170,'USD',0.00000,0.000000,'OB516826                            '
951,'Tier1',0.00140,93.227638,'USDT',0.00060,39.954702,'OB339339                            '
952,'Tier1',0.00150,87.463305,'USDC',0.00050,29.154435,'OB185426                            '
953,'Tier4',0.00020,0.553132,'USDC',0.00020,0.553132,'OB822995                            '
954,'Tier3',0.00140,159.280842,'USDC',0.00000,0.000000,'OB694118                            '
955,'Tier3',0.00180,111.999528,'USD',0.00040,24.888784,'OB927230                            '
956,'Tier4',0.00190,2.546760,'USD',0.00050,0.670200,'OB783045                            '
957,'Tier2',0.00020,1.330026,'USD',0.00010,0.665013,'OB760330                            '
958,'Tier1',0.00020,1.265504,'USD',0.00020,1.265504,'OB819115                            '
959,'Tier1',0.00010,0.059107,'USDT',0.00040,0.236428,'OB515071                            '
960,'Tier2',0.00160,197.170128,'USDC',0.00030,36.969399,'OB354116                            '
961,'Tier2',0.00040,15.635448,'USDT',0.00010,3.908862,'OB372370                            '
962,'Tier2',0.00110,7.282187,'USDC',0.00020,1.324034,'OB843538                            '
963,'Tier4',0.00040,4.006464,'USDC',0.00050,5.008080,'OB896229                            '
964,'Tier3',0.00010,10.938099,'USD',0.00020,21.876198,'OB110274                            '
965,'Tier3',0.00120,75.294516,'USDT',0.00050,31.372715,'OB182296                            '
966,'Tier4',0.00050,6.706410,'USDT',0.00080,10.730256,'OB507690                            '
967,'Tier1',0.00190,51.669379,'USDT',0.00020,5.438882,'OB301680                            '
968,'Tier4',0.00070,1.136485,'USD',0.00070,1.136485,'OB104465                            '
969,'Tier1',0.00170,46.659016,'USDT',0.00040,10.978592,'OB736996                            '
970,'Tier2',0.00150,46.986945,'USDC',0.00090,28.192167,'OB200940                            '
971,'Tier1',0.00120,44.233464,'USD',0.00060,22.116732,'OB386160                            '
972,'Tier2',0.00170,618.719369,'USDC',0.00010,36.395257,'OB297785                            '
973,'Tier4',0.00120,18.082176,'USD',0.00030,4.520544,'OB207752                            '
974,'Tier3',0.00040,60.474248,'USDT',0.00040,60.474248,'OB364208                            '
975,'Tier4',0.00020,22.150730,'USDC',0.00080,88.602920,'OB121372                            '
976,'Tier2',0.00170,6.300727,'USD',0.00020,0.741262,'OB399563                            '
977,'Tier2',0.00080,31.986208,'USDT',0.00000,0.000000,'OB759808                            '
978,'Tier1',0.00030,24.147186,'USDT',0.00050,40.245310,'OB344616                            '
979,'Tier3',0.00100,11.226640,'USDT',0.00040,4.490656,'OB169961                            '
980,'Tier3',0.00180,416.292660,'USDC',0.00030,69.382110,'OB550047                            '
981,'Tier4',0.00060,98.187564,'USDC',0.00060,98.187564,'OB162656                            '
982,'Tier2',0.00100,14.299310,'USD',0.00060,8.579586,'OB782004                            '
983,'Tier1',0.00060,26.994138,'USD',0.00010,4.499023,'OB428729                            '
984,'Tier1',0.00120,13.988580,'USDC',0.00010,1.165715,'OB779061                            '
985,'Tier3',0.00070,32.578497,'USDC',0.00080,37.232568,'OB647246                            '
986,'Tier2',0.00050,66.472620,'USDT',0.00010,13.294524,'OB126635                            '
987,'Tier1',0.00010,2.443433,'USDT',0.00040,9.773732,'OB664886                            '
988,'Tier3',0.00020,2.894518,'USD',0.00040,5.789036,'OB967821                            '
989,'Tier3',0.00130,3.161405,'USDC',0.00070,1.702295,'OB116233                            '
990,'Tier2',0.00110,1.270357,'USDC',0.00080,0.923896,'OB535059                            '
991,'Tier3',0.00120,128.446440,'USDT',0.00050,53.519350,'OB934578                            '
992,'Tier1',0.00010,11.451339,'USDT',0.00100,114.513390,'OB860960                            '
993,'Tier3',0.00040,7.820788,'USDT',0.00070,13.686379,'OB338987                            '
994,'Tier2',0.00170,24.895038,'USDT',0.00050,7.322070,'OB912248                            '
995,'Tier2',0.00120,0.535620,'USDC',0.00100,0.446350,'OB990410                            '
996,'Tier2',0.00110,447.852955,'USDC',0.00030,122.141715,'OB197914                            '
997,'Tier2',0.00160,137.563216,'USDT',0.00030,25.793103,'OB641220                            '
998,'Tier1',0.00130,1.478984,'USDC',0.00020,0.227536,'OB725976                            '
999,'Tier2',0.00080,35.193688,'USDC',0.00020,8.798422,'OB352996                            '
1000,'Tier4',0.00050,60.103460,'USDT',0.00070,84.144844,'OB204055                            '
