1,'ART54317  ',7,9,4,25,9,9,'Medium','Complex   ','Unstable','Moderate'
2,'ART54254  ',3,5,7,13,1,3,'High','Moderate  ','Stable','Rapid'
3,'ART69978  ',5,10,4,4,7,3,'High','Moderate  ','Moderate','Rapid'
4,'ART50422  ',10,10,5,17,2,1,'Low','Moderate  ','Moderate','Moderate'
5,'ART95251  ',4,7,7,14,3,10,'High','Moderate  ','Moderate','Moderate'
6,'ART48028  ',2,9,8,96,4,3,'High','Complex   ','Unstable','Moderate'
7,'ART69512  ',10,1,7,1,5,6,'High','Complex   ','Unstable','Moderate'
8,'ART44049  ',4,1,1,53,2,7,'Medium','Moderate  ','Moderate','Moderate'
9,'ART22173  ',8,2,2,100,8,1,'Medium','Simple    ','Stable','Slow'
10,'ART48053  ',7,2,3,45,9,9,'Medium','Simple    ','Unstable','Rapid'
11,'ART17157  ',10,6,2,49,6,8,'Low','Moderate  ','Moderate','Slow'
12,'ART93578  ',5,2,4,41,3,3,'High','Moderate  ','Stable','Rapid'
13,'ART23875  ',6,10,10,35,6,6,'High','Complex   ','Moderate','Moderate'
14,'ART23155  ',4,5,5,38,7,5,'High','Simple    ','Unstable','Rapid'
15,'ART87883  ',2,4,5,48,7,3,'High','Complex   ','Stable','Slow'
16,'ART44432  ',2,5,8,72,3,3,'Medium','Simple    ','Unstable','Rapid'
17,'ART77091  ',7,2,6,57,7,5,'Medium','Complex   ','Unstable','Rapid'
18,'ART30247  ',9,10,4,43,10,2,'Medium','Moderate  ','Moderate','Moderate'
19,'ART54391  ',6,10,6,91,6,7,'Medium','Moderate  ','Stable','Slow'
20,'ART49538  ',9,9,3,86,6,2,'Low','Moderate  ','Stable','Rapid'
21,'ART79242  ',7,2,8,26,3,8,'Medium','Moderate  ','Unstable','Moderate'
22,'ART23455  ',8,6,3,40,8,5,'Low','Complex   ','Unstable','Moderate'
23,'ART75266  ',1,1,1,5,2,1,'High','Moderate  ','Unstable','Rapid'
24,'ART85937  ',9,10,8,85,3,8,'Low','Moderate  ','Unstable','Moderate'
25,'ART67347  ',5,5,8,57,7,1,'Medium','Moderate  ','Moderate','Slow'
26,'ART89393  ',7,7,7,89,9,8,'High','Complex   ','Stable','Moderate'
27,'ART45377  ',10,3,8,85,7,3,'High','Moderate  ','Stable','Moderate'
28,'ART70054  ',1,8,10,62,3,7,'Low','Simple    ','Unstable','Moderate'
29,'ART64175  ',1,1,10,22,3,4,'Low','Complex   ','Unstable','Rapid'
30,'ART73040  ',3,6,6,97,2,1,'Medium','Moderate  ','Stable','Rapid'
31,'ART97169  ',6,2,8,42,9,6,'High','Simple    ','Moderate','Moderate'
32,'ART27258  ',1,6,2,74,3,1,'Medium','Complex   ','Unstable','Slow'
33,'ART19807  ',9,7,5,98,10,10,'Low','Moderate  ','Unstable','Slow'
34,'ART56964  ',1,2,7,35,10,1,'Low','Simple    ','Stable','Rapid'
35,'ART52327  ',2,2,4,19,3,7,'Low','Moderate  ','Unstable','Moderate'
36,'ART95026  ',1,8,9,98,2,8,'High','Simple    ','Stable','Rapid'
37,'ART75963  ',8,2,2,23,10,7,'Low','Simple    ','Stable','Slow'
38,'ART74018  ',1,6,7,30,7,2,'High','Simple    ','Moderate','Moderate'
39,'ART33769  ',8,2,9,85,5,10,'Medium','Moderate  ','Stable','Moderate'
40,'ART49793  ',7,7,2,45,1,3,'Medium','Moderate  ','Unstable','Rapid'
41,'ART84247  ',3,3,1,40,4,8,'Medium','Simple    ','Stable','Rapid'
42,'ART35668  ',6,1,8,95,4,8,'Medium','Moderate  ','Unstable','Slow'
43,'ART55333  ',6,5,6,40,9,10,'Medium','Simple    ','Moderate','Slow'
44,'ART78189  ',5,6,4,30,8,5,'Medium','Simple    ','Unstable','Slow'
45,'ART98570  ',5,7,4,37,7,6,'High','Simple    ','Unstable','Slow'
46,'ART86437  ',3,3,10,6,1,2,'High','Moderate  ','Unstable','Rapid'
47,'ART77193  ',10,7,10,15,5,1,'Low','Moderate  ','Unstable','Slow'
48,'ART11997  ',8,10,1,100,4,4,'High','Moderate  ','Unstable','Moderate'
49,'ART71036  ',8,9,5,79,1,8,'Medium','Complex   ','Unstable','Moderate'
50,'ART74448  ',2,10,4,90,4,10,'Medium','Moderate  ','Stable','Moderate'
51,'ART16032  ',3,2,10,77,6,7,'Medium','Complex   ','Stable','Moderate'
52,'ART75678  ',4,5,3,93,3,5,'High','Moderate  ','Unstable','Moderate'
53,'ART62574  ',8,1,2,16,9,9,'Low','Moderate  ','Unstable','Moderate'
54,'ART74715  ',2,1,10,45,1,10,'High','Simple    ','Stable','Rapid'
55,'ART15630  ',7,5,3,14,5,1,'Medium','Simple    ','Unstable','Rapid'
56,'ART71177  ',8,2,10,92,4,2,'Medium','Simple    ','Moderate','Slow'
57,'ART34027  ',10,4,3,55,4,2,'High','Simple    ','Moderate','Rapid'
58,'ART66667  ',10,8,5,90,7,8,'High','Complex   ','Unstable','Slow'
59,'ART32567  ',4,6,8,50,10,8,'Low','Simple    ','Moderate','Rapid'
60,'ART32207  ',3,7,3,91,8,9,'High','Complex   ','Moderate','Slow'
61,'ART89880  ',5,5,9,81,4,6,'High','Complex   ','Stable','Rapid'
62,'ART41900  ',7,5,9,87,7,9,'Medium','Complex   ','Unstable','Rapid'
63,'ART51066  ',10,10,8,58,8,8,'Low','Moderate  ','Stable','Slow'
64,'ART96778  ',8,1,2,47,6,1,'Low','Complex   ','Moderate','Slow'
65,'ART14428  ',6,5,10,91,4,1,'Medium','Simple    ','Unstable','Moderate'
66,'ART24037  ',10,10,5,5,4,4,'Medium','Moderate  ','Unstable','Slow'
67,'ART56119  ',1,7,4,18,6,2,'High','Moderate  ','Moderate','Moderate'
68,'ART20918  ',2,8,4,66,3,1,'Low','Simple    ','Moderate','Slow'
69,'ART72699  ',2,5,2,90,5,7,'Medium','Moderate  ','Moderate','Rapid'
70,'ART71203  ',6,3,2,48,4,3,'Medium','Moderate  ','Stable','Moderate'
71,'ART57819  ',4,8,3,69,7,7,'Medium','Simple    ','Unstable','Slow'
72,'ART99720  ',4,10,1,80,6,6,'Medium','Complex   ','Moderate','Rapid'
73,'ART53791  ',7,7,7,13,4,2,'Low','Complex   ','Stable','Slow'
74,'ART64791  ',7,1,6,14,2,9,'Low','Complex   ','Moderate','Moderate'
75,'ART63153  ',6,2,1,21,7,7,'Medium','Moderate  ','Stable','Slow'
76,'ART99599  ',8,6,8,58,6,7,'High','Complex   ','Unstable','Slow'
77,'ART92270  ',9,4,1,62,7,9,'High','Simple    ','Stable','Moderate'
78,'ART59106  ',8,8,5,33,10,4,'High','Complex   ','Unstable','Rapid'
79,'ART64367  ',5,8,3,46,5,5,'Medium','Moderate  ','Stable','Rapid'
80,'ART29176  ',4,5,4,30,7,7,'Medium','Moderate  ','Unstable','Slow'
81,'ART66971  ',4,1,2,20,1,7,'Low','Moderate  ','Moderate','Slow'
82,'ART18099  ',10,2,5,42,4,2,'Medium','Complex   ','Unstable','Moderate'
83,'ART25088  ',8,8,3,24,7,5,'Medium','Complex   ','Moderate','Slow'
84,'ART69692  ',9,8,6,10,6,7,'Medium','Complex   ','Moderate','Rapid'
85,'ART51762  ',9,2,1,47,6,10,'Low','Simple    ','Unstable','Rapid'
86,'ART47896  ',8,9,9,72,6,6,'Medium','Moderate  ','Unstable','Moderate'
87,'ART13944  ',2,10,2,45,2,6,'High','Moderate  ','Unstable','Rapid'
88,'ART45648  ',9,10,2,64,7,7,'Medium','Moderate  ','Moderate','Moderate'
89,'ART69396  ',6,3,10,43,4,8,'Low','Complex   ','Moderate','Slow'
90,'ART45572  ',4,9,5,89,7,3,'High','Simple    ','Stable','Moderate'
91,'ART94538  ',8,2,2,73,2,3,'High','Complex   ','Moderate','Slow'
92,'ART14093  ',2,2,8,31,4,1,'High','Moderate  ','Moderate','Slow'
93,'ART31333  ',1,5,1,13,6,2,'High','Complex   ','Unstable','Moderate'
94,'ART44866  ',1,5,6,48,3,8,'Medium','Moderate  ','Stable','Moderate'
95,'ART22236  ',4,7,4,93,6,9,'High','Moderate  ','Unstable','Rapid'
96,'ART24363  ',8,2,4,48,9,5,'Medium','Moderate  ','Unstable','Moderate'
97,'ART12970  ',2,6,9,41,1,3,'High','Moderate  ','Moderate','Rapid'
98,'ART86696  ',6,9,4,97,1,2,'Low','Complex   ','Unstable','Slow'
99,'ART54193  ',1,5,3,76,4,7,'Low','Moderate  ','Unstable','Moderate'
100,'ART49076  ',8,10,2,67,3,5,'Low','Simple    ','Unstable','Moderate'
101,'ART43209  ',2,3,1,56,5,2,'Low','Simple    ','Moderate','Moderate'
102,'ART34850  ',4,6,8,27,10,1,'Low','Moderate  ','Stable','Moderate'
103,'ART41552  ',7,7,7,35,1,2,'Medium','Complex   ','Moderate','Rapid'
104,'ART19184  ',8,9,7,70,10,8,'Medium','Complex   ','Moderate','Moderate'
105,'ART61296  ',2,3,7,40,8,1,'Medium','Complex   ','Stable','Rapid'
106,'ART10877  ',6,10,4,2,3,2,'High','Complex   ','Stable','Moderate'
107,'ART20549  ',9,9,3,75,9,9,'Medium','Simple    ','Stable','Slow'
108,'ART98976  ',6,7,1,21,5,8,'High','Moderate  ','Moderate','Slow'
109,'ART23101  ',2,10,6,19,7,4,'Low','Moderate  ','Moderate','Slow'
110,'ART35857  ',8,1,1,29,7,8,'Low','Simple    ','Unstable','Slow'
111,'ART32997  ',10,10,9,89,4,7,'High','Simple    ','Unstable','Moderate'
112,'ART15992  ',3,8,5,44,5,3,'Medium','Moderate  ','Stable','Slow'
113,'ART16961  ',3,10,7,45,5,6,'Low','Simple    ','Unstable','Slow'
114,'ART85062  ',4,8,10,92,6,6,'Medium','Complex   ','Unstable','Rapid'
115,'ART48891  ',1,1,9,83,3,4,'Low','Simple    ','Stable','Rapid'
116,'ART19391  ',7,10,3,82,8,1,'High','Complex   ','Moderate','Moderate'
117,'ART45353  ',1,1,6,40,7,7,'High','Moderate  ','Stable','Moderate'
118,'ART62822  ',6,10,4,74,10,9,'Low','Complex   ','Moderate','Moderate'
119,'ART32952  ',8,6,4,13,1,4,'High','Complex   ','Moderate','Slow'
120,'ART75762  ',1,1,5,91,9,9,'High','Moderate  ','Unstable','Rapid'
121,'ART68475  ',1,5,1,72,1,10,'Medium','Complex   ','Moderate','Slow'
122,'ART52132  ',10,7,8,16,10,5,'Low','Simple    ','Unstable','Rapid'
123,'ART94790  ',7,10,6,89,5,6,'High','Simple    ','Moderate','Slow'
124,'ART61992  ',5,3,1,57,6,9,'Medium','Simple    ','Moderate','Rapid'
125,'ART17018  ',10,1,6,14,7,9,'Low','Moderate  ','Stable','Moderate'
126,'ART28471  ',9,4,8,27,10,8,'High','Complex   ','Moderate','Slow'
127,'ART33180  ',2,2,9,70,7,9,'High','Simple    ','Unstable','Moderate'
128,'ART11692  ',4,3,5,82,7,10,'Low','Moderate  ','Unstable','Slow'
129,'ART89295  ',8,8,6,82,8,8,'Medium','Complex   ','Stable','Rapid'
130,'ART18814  ',9,1,8,82,10,2,'Medium','Complex   ','Stable','Slow'
131,'ART51143  ',5,5,8,54,6,5,'High','Moderate  ','Stable','Rapid'
132,'ART99610  ',7,8,7,26,3,6,'High','Complex   ','Stable','Moderate'
133,'ART16937  ',1,8,8,76,4,5,'Low','Simple    ','Moderate','Moderate'
134,'ART51120  ',3,6,6,43,7,9,'Low','Complex   ','Unstable','Slow'
135,'ART65334  ',10,1,5,82,9,10,'High','Moderate  ','Stable','Slow'
136,'ART70347  ',1,2,2,75,4,3,'High','Moderate  ','Stable','Moderate'
137,'ART33322  ',1,6,6,50,10,9,'Medium','Moderate  ','Moderate','Slow'
138,'ART36172  ',8,3,9,61,6,3,'Medium','Simple    ','Unstable','Slow'
139,'ART65274  ',2,8,9,45,9,7,'Medium','Moderate  ','Stable','Rapid'
140,'ART19319  ',7,2,6,36,8,5,'High','Moderate  ','Stable','Moderate'
141,'ART73961  ',10,4,10,95,8,8,'Medium','Complex   ','Stable','Rapid'
142,'ART81270  ',9,2,3,39,6,2,'High','Simple    ','Stable','Slow'
143,'ART35714  ',6,7,9,84,8,3,'Medium','Moderate  ','Stable','Slow'
144,'ART82822  ',10,8,7,1,8,8,'Medium','Complex   ','Unstable','Slow'
145,'ART60318  ',8,2,10,24,5,8,'High','Simple    ','Moderate','Slow'
146,'ART30431  ',4,2,10,97,9,6,'Low','Simple    ','Unstable','Rapid'
147,'ART25584  ',7,6,2,100,8,2,'High','Simple    ','Stable','Rapid'
148,'ART89376  ',8,2,1,91,8,8,'High','Simple    ','Moderate','Moderate'
149,'ART21113  ',3,10,5,56,2,6,'High','Moderate  ','Stable','Rapid'
150,'ART97628  ',7,4,2,12,7,8,'High','Complex   ','Stable','Moderate'
151,'ART30341  ',2,3,5,7,2,4,'Low','Complex   ','Moderate','Slow'
152,'ART20790  ',9,2,6,25,5,3,'Low','Complex   ','Unstable','Rapid'
153,'ART18418  ',6,10,3,96,7,5,'Medium','Moderate  ','Unstable','Slow'
154,'ART54038  ',10,9,10,46,6,6,'Medium','Moderate  ','Moderate','Slow'
155,'ART97133  ',10,6,5,16,10,9,'High','Simple    ','Stable','Slow'
156,'ART52809  ',7,7,8,86,8,7,'High','Moderate  ','Unstable','Moderate'
157,'ART75086  ',8,1,10,55,10,8,'Low','Complex   ','Stable','Rapid'
158,'ART33042  ',8,2,4,30,1,7,'Medium','Moderate  ','Unstable','Slow'
159,'ART10016  ',7,10,6,61,3,8,'Medium','Simple    ','Unstable','Slow'
160,'ART49884  ',9,3,3,58,10,6,'High','Moderate  ','Stable','Slow'
161,'ART66947  ',10,2,3,5,9,9,'Low','Moderate  ','Unstable','Slow'
162,'ART87110  ',7,3,1,48,8,7,'Low','Simple    ','Moderate','Moderate'
163,'ART16170  ',10,2,7,74,7,4,'Low','Moderate  ','Unstable','Moderate'
164,'ART89792  ',5,2,3,25,7,7,'Medium','Simple    ','Unstable','Rapid'
165,'ART92254  ',2,4,5,53,5,10,'Medium','Simple    ','Unstable','Moderate'
166,'ART27324  ',7,6,10,76,7,1,'Medium','Simple    ','Moderate','Rapid'
167,'ART42898  ',9,7,8,90,8,3,'High','Complex   ','Moderate','Moderate'
168,'ART67567  ',4,9,10,83,1,8,'Medium','Simple    ','Unstable','Rapid'
169,'ART70811  ',7,6,8,88,6,10,'Low','Moderate  ','Stable','Slow'
170,'ART12836  ',10,3,8,42,9,6,'High','Simple    ','Unstable','Moderate'
171,'ART99181  ',10,8,5,84,5,1,'Low','Moderate  ','Moderate','Slow'
172,'ART50461  ',10,5,8,53,2,9,'Medium','Moderate  ','Unstable','Slow'
173,'ART87783  ',3,4,10,35,5,10,'Low','Moderate  ','Stable','Rapid'
174,'ART80978  ',8,2,4,77,9,7,'Medium','Complex   ','Stable','Rapid'
175,'ART23004  ',9,9,6,17,6,3,'Low','Moderate  ','Unstable','Rapid'
176,'ART98449  ',10,5,2,37,6,3,'Low','Simple    ','Unstable','Rapid'
177,'ART25084  ',1,9,5,50,5,9,'Low','Simple    ','Moderate','Moderate'
178,'ART13491  ',2,1,8,100,6,4,'Low','Complex   ','Unstable','Moderate'
179,'ART24745  ',4,3,7,22,2,1,'High','Simple    ','Stable','Moderate'
180,'ART65719  ',5,3,8,57,4,10,'Low','Complex   ','Unstable','Rapid'
181,'ART91309  ',3,3,1,41,10,8,'Medium','Simple    ','Moderate','Slow'
182,'ART53019  ',4,10,1,51,9,1,'Medium','Complex   ','Stable','Slow'
183,'ART14403  ',6,2,8,6,8,5,'High','Moderate  ','Unstable','Rapid'
184,'ART38276  ',2,3,10,35,5,3,'Low','Simple    ','Unstable','Moderate'
185,'ART42404  ',5,4,9,11,4,5,'Low','Simple    ','Stable','Moderate'
186,'ART83629  ',9,9,4,61,2,1,'Medium','Complex   ','Unstable','Moderate'
187,'ART13974  ',1,8,5,98,5,8,'Low','Simple    ','Stable','Moderate'
188,'ART88917  ',9,1,8,93,4,1,'High','Simple    ','Moderate','Rapid'
189,'ART41493  ',6,10,1,28,9,1,'Medium','Moderate  ','Moderate','Slow'
190,'ART69240  ',8,8,10,26,6,4,'Low','Simple    ','Stable','Slow'
191,'ART49914  ',6,10,4,31,1,2,'High','Complex   ','Stable','Slow'
192,'ART80033  ',9,3,7,72,3,9,'High','Moderate  ','Stable','Rapid'
193,'ART94972  ',5,3,6,18,8,5,'Medium','Moderate  ','Stable','Slow'
194,'ART72194  ',6,5,2,83,7,9,'Low','Complex   ','Stable','Rapid'
195,'ART84114  ',4,2,6,56,9,7,'Medium','Complex   ','Unstable','Rapid'
196,'ART45437  ',10,10,10,13,2,2,'Medium','Moderate  ','Moderate','Slow'
197,'ART31758  ',7,5,8,51,1,8,'Medium','Simple    ','Moderate','Slow'
198,'ART83252  ',4,7,4,69,2,4,'Low','Simple    ','Stable','Rapid'
199,'ART67613  ',5,10,1,77,9,5,'High','Complex   ','Unstable','Moderate'
200,'ART27147  ',3,1,8,26,1,5,'Low','Moderate  ','Moderate','Moderate'
201,'ART60258  ',7,1,7,62,7,5,'Medium','Moderate  ','Stable','Slow'
202,'ART50323  ',4,7,8,97,3,3,'Low','Complex   ','Stable','Slow'
203,'ART74964  ',6,6,9,42,9,6,'High','Complex   ','Stable','Rapid'
204,'ART13446  ',9,4,5,17,8,8,'Low','Moderate  ','Stable','Rapid'
205,'ART71021  ',8,3,6,65,8,2,'Medium','Moderate  ','Moderate','Moderate'
206,'ART32811  ',10,2,2,29,5,8,'Medium','Simple    ','Unstable','Rapid'
207,'ART71301  ',1,8,10,17,9,6,'High','Complex   ','Unstable','Rapid'
208,'ART12707  ',6,2,7,77,8,10,'Low','Moderate  ','Unstable','Rapid'
209,'ART37297  ',6,6,10,58,8,8,'High','Moderate  ','Unstable','Moderate'
210,'ART73892  ',3,8,3,72,4,8,'High','Moderate  ','Stable','Moderate'
211,'ART50269  ',3,10,9,63,3,7,'Low','Moderate  ','Moderate','Moderate'
212,'ART86574  ',5,4,6,81,2,5,'High','Complex   ','Moderate','Slow'
213,'ART94976  ',6,3,3,100,3,1,'High','Complex   ','Stable','Moderate'
214,'ART11696  ',2,9,5,74,7,3,'High','Complex   ','Unstable','Rapid'
215,'ART82931  ',7,9,5,16,5,1,'High','Complex   ','Moderate','Slow'
216,'ART80111  ',4,8,6,53,10,6,'Low','Moderate  ','Unstable','Slow'
217,'ART40717  ',8,4,1,46,4,7,'Medium','Complex   ','Stable','Rapid'
218,'ART87584  ',2,9,2,89,6,5,'Low','Moderate  ','Unstable','Moderate'
219,'ART74379  ',5,10,10,22,3,9,'Low','Complex   ','Unstable','Slow'
220,'ART42099  ',7,10,6,37,8,7,'Medium','Moderate  ','Moderate','Slow'
221,'ART95273  ',7,1,5,92,2,5,'Medium','Simple    ','Unstable','Slow'
222,'ART30207  ',3,9,1,12,8,1,'Low','Moderate  ','Unstable','Rapid'
223,'ART58660  ',9,5,7,100,5,7,'Medium','Simple    ','Stable','Moderate'
224,'ART32258  ',8,8,2,41,3,3,'Low','Complex   ','Unstable','Rapid'
225,'ART13670  ',4,7,4,63,2,10,'High','Complex   ','Stable','Moderate'
226,'ART44828  ',9,2,10,26,9,6,'Medium','Simple    ','Moderate','Moderate'
227,'ART27188  ',5,3,4,46,3,9,'High','Simple    ','Moderate','Moderate'
228,'ART43891  ',9,5,6,46,10,9,'Low','Complex   ','Unstable','Rapid'
229,'ART76964  ',5,10,10,79,7,1,'Low','Complex   ','Moderate','Slow'
230,'ART24532  ',6,8,5,41,6,3,'High','Complex   ','Unstable','Slow'
231,'ART55249  ',2,2,5,15,4,4,'High','Simple    ','Unstable','Slow'
232,'ART24931  ',9,3,10,92,6,9,'Low','Moderate  ','Moderate','Slow'
233,'ART73597  ',10,2,10,14,10,7,'Low','Moderate  ','Unstable','Moderate'
234,'ART45358  ',8,6,10,34,5,3,'Medium','Moderate  ','Unstable','Rapid'
235,'ART71982  ',9,8,3,72,6,2,'Medium','Complex   ','Unstable','Moderate'
236,'ART71172  ',4,3,8,23,1,6,'High','Moderate  ','Moderate','Rapid'
237,'ART55873  ',1,7,3,86,6,4,'High','Moderate  ','Stable','Slow'
238,'ART38073  ',3,4,5,36,7,8,'Medium','Moderate  ','Moderate','Moderate'
239,'ART51883  ',8,5,10,34,10,8,'Medium','Moderate  ','Unstable','Rapid'
240,'ART17559  ',9,2,3,17,10,7,'High','Moderate  ','Moderate','Rapid'
241,'ART15309  ',8,2,2,57,6,8,'High','Complex   ','Stable','Moderate'
242,'ART39560  ',8,9,4,54,2,10,'Medium','Moderate  ','Stable','Moderate'
243,'ART90960  ',2,9,8,67,3,10,'High','Simple    ','Moderate','Slow'
244,'ART63740  ',5,2,9,81,6,4,'Medium','Simple    ','Moderate','Rapid'
245,'ART86498  ',10,5,4,76,9,10,'Low','Simple    ','Unstable','Moderate'
246,'ART98285  ',10,9,8,21,2,9,'Low','Simple    ','Unstable','Moderate'
247,'ART43152  ',10,1,3,8,5,2,'Medium','Moderate  ','Unstable','Rapid'
248,'ART17254  ',10,1,4,15,2,10,'High','Moderate  ','Stable','Moderate'
249,'ART22444  ',8,6,3,47,8,4,'Low','Simple    ','Stable','Moderate'
250,'ART78343  ',1,4,4,66,8,1,'High','Simple    ','Stable','Rapid'
251,'ART90427  ',8,9,2,16,9,10,'High','Simple    ','Moderate','Rapid'
252,'ART98320  ',1,9,2,9,10,7,'Low','Moderate  ','Stable','Slow'
253,'ART41917  ',5,8,1,47,4,3,'Low','Complex   ','Stable','Moderate'
254,'ART79729  ',9,4,7,49,1,5,'High','Complex   ','Moderate','Rapid'
255,'ART15822  ',4,6,1,42,7,6,'Low','Complex   ','Stable','Slow'
256,'ART74169  ',6,9,5,17,8,5,'High','Moderate  ','Moderate','Moderate'
257,'ART43645  ',9,3,9,87,5,4,'Medium','Moderate  ','Moderate','Slow'
258,'ART60637  ',7,2,5,66,6,7,'Medium','Moderate  ','Moderate','Slow'
259,'ART91265  ',2,5,3,77,6,10,'Low','Complex   ','Unstable','Slow'
260,'ART13864  ',2,5,8,74,1,3,'Low','Complex   ','Moderate','Moderate'
261,'ART25931  ',1,6,6,31,1,6,'Low','Simple    ','Moderate','Slow'
262,'ART93236  ',4,10,8,61,10,7,'Low','Simple    ','Moderate','Moderate'
263,'ART99384  ',4,3,1,81,1,6,'Low','Simple    ','Unstable','Moderate'
264,'ART53116  ',1,5,1,89,4,3,'Medium','Complex   ','Unstable','Slow'
265,'ART85703  ',9,8,1,87,4,7,'High','Complex   ','Unstable','Moderate'
266,'ART12943  ',9,10,6,38,3,8,'High','Moderate  ','Moderate','Moderate'
267,'ART78887  ',6,3,5,81,6,1,'Medium','Complex   ','Unstable','Moderate'
268,'ART30190  ',6,6,1,68,3,8,'High','Moderate  ','Stable','Moderate'
269,'ART38721  ',3,7,3,17,3,5,'High','Moderate  ','Moderate','Rapid'
270,'ART30217  ',10,6,1,16,1,1,'High','Moderate  ','Moderate','Moderate'
271,'ART47243  ',3,2,6,98,3,8,'Medium','Moderate  ','Stable','Moderate'
272,'ART83882  ',3,9,7,70,7,10,'High','Simple    ','Moderate','Moderate'
273,'ART77801  ',8,4,3,58,2,10,'Medium','Complex   ','Unstable','Slow'
274,'ART45260  ',7,5,3,69,5,5,'Medium','Simple    ','Moderate','Moderate'
275,'ART73910  ',10,2,5,57,1,7,'Medium','Simple    ','Unstable','Moderate'
276,'ART47531  ',3,7,4,28,2,8,'Medium','Moderate  ','Unstable','Slow'
277,'ART73091  ',2,6,9,74,7,10,'Medium','Moderate  ','Moderate','Moderate'
278,'ART45554  ',10,5,2,92,8,6,'Low','Complex   ','Stable','Rapid'
279,'ART50718  ',2,9,1,26,6,2,'High','Moderate  ','Unstable','Rapid'
280,'ART47788  ',3,10,3,49,1,7,'Medium','Moderate  ','Moderate','Rapid'
281,'ART37928  ',1,3,3,52,8,3,'Low','Simple    ','Moderate','Rapid'
282,'ART38978  ',5,10,9,80,5,2,'Low','Complex   ','Stable','Slow'
283,'ART69605  ',2,7,8,4,5,5,'High','Moderate  ','Stable','Slow'
284,'ART31121  ',1,5,6,35,10,8,'Medium','Moderate  ','Moderate','Moderate'
285,'ART59264  ',9,8,3,87,3,4,'High','Moderate  ','Unstable','Slow'
286,'ART97827  ',9,2,7,33,9,7,'Medium','Moderate  ','Unstable','Rapid'
287,'ART64402  ',8,10,4,4,1,6,'Medium','Moderate  ','Moderate','Moderate'
288,'ART15493  ',7,8,8,27,1,2,'High','Simple    ','Unstable','Moderate'
289,'ART68755  ',10,10,3,72,3,2,'Medium','Simple    ','Stable','Slow'
290,'ART28417  ',10,7,4,94,8,9,'Medium','Simple    ','Stable','Rapid'
291,'ART42781  ',7,10,1,11,6,5,'Low','Moderate  ','Unstable','Slow'
292,'ART66169  ',4,9,8,31,5,3,'Medium','Moderate  ','Stable','Slow'
293,'ART96280  ',8,2,1,54,5,10,'Medium','Moderate  ','Unstable','Moderate'
294,'ART97495  ',9,5,1,27,1,5,'Low','Moderate  ','Moderate','Rapid'
295,'ART24396  ',3,5,7,33,1,7,'Low','Moderate  ','Unstable','Moderate'
296,'ART25032  ',5,5,4,72,8,6,'Low','Simple    ','Stable','Slow'
297,'ART62961  ',9,10,9,38,9,4,'Low','Complex   ','Unstable','Rapid'
298,'ART77111  ',5,2,10,3,10,10,'Low','Complex   ','Moderate','Slow'
299,'ART49476  ',9,8,1,17,8,6,'High','Simple    ','Unstable','Slow'
300,'ART99394  ',2,9,10,8,7,6,'Low','Complex   ','Unstable','Slow'
301,'ART50006  ',4,10,2,87,5,8,'Medium','Simple    ','Unstable','Rapid'
302,'ART18330  ',1,7,2,84,7,10,'Low','Complex   ','Stable','Moderate'
303,'ART65641  ',2,4,4,93,2,2,'Medium','Simple    ','Moderate','Moderate'
304,'ART85565  ',9,8,6,7,2,8,'Medium','Simple    ','Stable','Moderate'
305,'ART90714  ',10,8,5,25,5,2,'High','Complex   ','Stable','Slow'
306,'ART14535  ',8,2,4,58,1,3,'High','Simple    ','Unstable','Rapid'
307,'ART47326  ',2,7,5,1,10,2,'High','Moderate  ','Moderate','Moderate'
308,'ART83116  ',3,5,1,11,5,7,'Medium','Simple    ','Stable','Slow'
309,'ART37946  ',1,9,1,34,2,6,'High','Moderate  ','Unstable','Rapid'
310,'ART18394  ',5,8,8,8,4,1,'Low','Complex   ','Stable','Rapid'
311,'ART43678  ',8,4,5,38,5,10,'Low','Complex   ','Moderate','Moderate'
312,'ART93347  ',9,9,2,39,10,10,'Low','Complex   ','Stable','Slow'
313,'ART54065  ',10,1,1,16,5,7,'High','Moderate  ','Unstable','Moderate'
314,'ART23045  ',6,2,7,14,7,10,'Low','Moderate  ','Moderate','Rapid'
315,'ART44354  ',2,7,4,78,4,4,'Low','Moderate  ','Unstable','Rapid'
316,'ART72253  ',2,4,10,100,9,8,'Low','Moderate  ','Unstable','Rapid'
317,'ART10868  ',9,3,10,67,6,1,'High','Complex   ','Moderate','Moderate'
318,'ART42503  ',6,10,9,77,1,7,'Low','Complex   ','Moderate','Rapid'
319,'ART32176  ',3,6,6,13,4,9,'Medium','Simple    ','Stable','Slow'
320,'ART64633  ',10,6,2,47,3,8,'High','Moderate  ','Stable','Rapid'
321,'ART87910  ',9,9,6,92,1,10,'Low','Simple    ','Unstable','Slow'
322,'ART62028  ',10,5,4,80,8,1,'High','Complex   ','Stable','Moderate'
323,'ART75371  ',1,4,10,99,3,3,'Medium','Complex   ','Unstable','Slow'
324,'ART47766  ',6,5,1,80,3,3,'Medium','Complex   ','Stable','Slow'
325,'ART52069  ',8,10,6,100,4,8,'Medium','Simple    ','Moderate','Moderate'
326,'ART57217  ',5,9,4,12,5,8,'High','Simple    ','Stable','Moderate'
327,'ART93455  ',4,3,7,77,3,5,'Low','Moderate  ','Moderate','Slow'
328,'ART89006  ',1,4,1,46,9,6,'High','Complex   ','Moderate','Slow'
329,'ART33345  ',4,5,9,8,3,2,'Low','Moderate  ','Unstable','Slow'
330,'ART22032  ',7,10,1,35,9,9,'Medium','Complex   ','Stable','Rapid'
331,'ART66995  ',9,5,8,29,3,10,'High','Complex   ','Unstable','Moderate'
332,'ART54879  ',9,3,10,43,9,5,'Low','Simple    ','Unstable','Slow'
333,'ART99458  ',6,4,10,31,3,1,'Medium','Complex   ','Moderate','Rapid'
334,'ART18632  ',8,8,8,72,10,4,'Medium','Moderate  ','Stable','Moderate'
335,'ART16702  ',3,7,4,42,10,4,'Medium','Complex   ','Unstable','Slow'
336,'ART10454  ',2,4,4,36,7,10,'High','Moderate  ','Unstable','Moderate'
337,'ART57763  ',3,10,1,94,5,3,'Medium','Moderate  ','Unstable','Rapid'
338,'ART88421  ',1,8,8,29,6,10,'Low','Moderate  ','Moderate','Moderate'
339,'ART89757  ',8,2,8,61,5,8,'High','Simple    ','Stable','Moderate'
340,'ART92972  ',3,1,7,24,2,1,'High','Moderate  ','Moderate','Slow'
341,'ART60139  ',6,6,7,85,4,1,'High','Simple    ','Moderate','Rapid'
342,'ART11238  ',2,7,6,14,3,3,'Low','Moderate  ','Moderate','Slow'
343,'ART10101  ',7,4,1,86,3,8,'High','Moderate  ','Moderate','Moderate'
344,'ART31106  ',8,4,7,63,3,4,'High','Complex   ','Stable','Slow'
345,'ART93115  ',1,4,3,61,9,1,'High','Simple    ','Stable','Moderate'
346,'ART24723  ',4,3,8,53,3,8,'Low','Simple    ','Stable','Slow'
347,'ART59972  ',7,1,6,94,6,9,'High','Moderate  ','Unstable','Moderate'
348,'ART45346  ',9,5,2,32,3,9,'Medium','Simple    ','Moderate','Slow'
349,'ART98793  ',8,1,8,61,5,5,'Medium','Simple    ','Moderate','Slow'
350,'ART69266  ',4,2,1,29,9,2,'Medium','Complex   ','Moderate','Rapid'
351,'ART20924  ',7,9,1,1,4,7,'Low','Moderate  ','Moderate','Moderate'
352,'ART70901  ',8,2,7,13,3,5,'Medium','Simple    ','Unstable','Moderate'
353,'ART20155  ',4,5,2,91,3,1,'High','Simple    ','Stable','Slow'
354,'ART41568  ',4,2,10,70,4,5,'Low','Complex   ','Stable','Moderate'
355,'ART21920  ',8,5,3,66,6,6,'High','Complex   ','Moderate','Rapid'
356,'ART83067  ',10,4,4,16,10,8,'High','Simple    ','Unstable','Slow'
357,'ART84330  ',7,5,7,3,8,3,'Low','Simple    ','Unstable','Moderate'
358,'ART69450  ',3,3,4,59,8,2,'Medium','Moderate  ','Stable','Rapid'
359,'ART46628  ',5,3,2,4,4,7,'High','Moderate  ','Stable','Rapid'
360,'ART66581  ',7,8,5,28,9,8,'High','Complex   ','Moderate','Rapid'
361,'ART86761  ',1,3,8,7,6,6,'Low','Simple    ','Moderate','Moderate'
362,'ART22545  ',3,6,2,8,2,4,'Medium','Complex   ','Unstable','Moderate'
363,'ART76062  ',8,5,6,65,4,2,'High','Moderate  ','Stable','Rapid'
364,'ART93962  ',4,3,8,90,8,8,'High','Complex   ','Unstable','Slow'
365,'ART30978  ',8,3,8,15,1,7,'High','Complex   ','Moderate','Moderate'
366,'ART28359  ',5,10,2,68,4,7,'Low','Complex   ','Stable','Moderate'
367,'ART53309  ',3,1,1,16,6,9,'High','Complex   ','Stable','Slow'
368,'ART50684  ',9,5,4,76,3,2,'High','Complex   ','Moderate','Moderate'
369,'ART98005  ',7,6,9,36,6,5,'High','Moderate  ','Moderate','Moderate'
370,'ART96062  ',5,1,4,59,1,6,'High','Complex   ','Stable','Slow'
371,'ART43108  ',1,4,5,81,5,8,'Medium','Simple    ','Moderate','Moderate'
372,'ART73568  ',7,8,3,8,6,8,'Medium','Complex   ','Moderate','Moderate'
373,'ART31268  ',6,3,1,23,2,2,'High','Simple    ','Unstable','Rapid'
374,'ART88648  ',5,8,5,86,5,7,'Low','Complex   ','Stable','Moderate'
375,'ART55795  ',1,5,6,63,5,5,'High','Complex   ','Unstable','Slow'
376,'ART70354  ',5,5,7,22,5,8,'Low','Simple    ','Moderate','Slow'
377,'ART51915  ',7,2,7,24,6,1,'Low','Simple    ','Stable','Slow'
378,'ART85171  ',1,8,4,79,9,7,'Medium','Complex   ','Moderate','Moderate'
379,'ART42439  ',6,3,9,100,6,4,'High','Moderate  ','Stable','Rapid'
380,'ART26707  ',6,2,10,32,2,5,'Low','Moderate  ','Stable','Slow'
381,'ART63520  ',2,9,4,24,5,1,'High','Complex   ','Stable','Rapid'
382,'ART80110  ',2,6,8,48,1,6,'Medium','Simple    ','Unstable','Rapid'
383,'ART53554  ',7,1,9,89,3,4,'High','Complex   ','Stable','Moderate'
384,'ART55648  ',8,8,5,51,4,7,'Low','Moderate  ','Unstable','Rapid'
385,'ART47609  ',10,3,6,99,6,3,'Low','Moderate  ','Moderate','Moderate'
386,'ART77482  ',10,1,2,44,3,10,'High','Complex   ','Stable','Slow'
387,'ART48269  ',1,4,5,78,9,7,'High','Moderate  ','Moderate','Rapid'
388,'ART46875  ',8,7,7,4,7,3,'Medium','Simple    ','Moderate','Rapid'
389,'ART63518  ',4,9,8,27,1,1,'Low','Simple    ','Stable','Slow'
390,'ART70034  ',2,2,3,50,3,6,'High','Moderate  ','Unstable','Moderate'
391,'ART28711  ',8,3,2,23,5,6,'Medium','Complex   ','Stable','Moderate'
392,'ART48999  ',7,2,4,51,9,6,'High','Moderate  ','Stable','Moderate'
393,'ART28231  ',8,9,4,60,10,8,'Medium','Moderate  ','Unstable','Moderate'
394,'ART53235  ',8,9,1,24,8,4,'High','Moderate  ','Moderate','Moderate'
395,'ART68953  ',10,7,7,39,3,7,'Medium','Simple    ','Moderate','Rapid'
396,'ART47293  ',5,5,6,66,4,2,'Low','Moderate  ','Stable','Moderate'
397,'ART65248  ',6,10,10,61,2,8,'High','Moderate  ','Unstable','Rapid'
398,'ART31256  ',4,3,3,68,1,6,'Low','Simple    ','Stable','Moderate'
399,'ART78039  ',5,4,4,50,10,8,'High','Simple    ','Stable','Rapid'
400,'ART30501  ',9,3,3,54,2,2,'High','Simple    ','Moderate','Moderate'
401,'ART42435  ',3,8,2,37,9,9,'Low','Moderate  ','Stable','Rapid'
402,'ART81325  ',7,1,2,59,4,9,'Low','Simple    ','Unstable','Moderate'
403,'ART57335  ',10,4,1,69,1,7,'Medium','Moderate  ','Unstable','Rapid'
404,'ART98663  ',6,5,8,78,8,9,'Low','Moderate  ','Unstable','Moderate'
405,'ART16086  ',7,6,7,49,7,10,'High','Complex   ','Moderate','Slow'
406,'ART33827  ',4,1,10,22,8,2,'Low','Simple    ','Unstable','Rapid'
407,'ART45622  ',3,5,4,54,1,10,'Medium','Complex   ','Stable','Moderate'
408,'ART30160  ',9,1,8,21,9,1,'High','Complex   ','Stable','Slow'
409,'ART51359  ',3,10,8,14,9,1,'Medium','Moderate  ','Moderate','Slow'
410,'ART64648  ',5,8,10,21,2,4,'Medium','Moderate  ','Unstable','Moderate'
411,'ART74477  ',10,4,9,30,2,8,'Low','Complex   ','Moderate','Rapid'
412,'ART97528  ',8,2,6,44,3,7,'Low','Simple    ','Moderate','Moderate'
413,'ART17969  ',3,8,10,60,2,5,'Low','Complex   ','Moderate','Rapid'
414,'ART92812  ',1,8,4,31,6,2,'Low','Moderate  ','Moderate','Slow'
415,'ART83654  ',2,4,7,13,3,8,'High','Simple    ','Stable','Rapid'
416,'ART39222  ',2,2,4,99,5,9,'High','Moderate  ','Unstable','Rapid'
417,'ART83109  ',6,2,9,42,5,3,'Medium','Complex   ','Moderate','Rapid'
418,'ART99476  ',10,1,3,76,6,3,'Low','Moderate  ','Stable','Rapid'
419,'ART91545  ',7,7,6,84,9,9,'High','Simple    ','Unstable','Rapid'
420,'ART18956  ',4,7,4,26,4,10,'High','Simple    ','Stable','Rapid'
421,'ART84236  ',1,1,3,77,4,4,'Low','Simple    ','Unstable','Slow'
422,'ART41693  ',2,2,3,96,8,2,'High','Complex   ','Stable','Slow'
423,'ART85466  ',4,6,5,43,6,5,'Low','Complex   ','Moderate','Slow'
424,'ART51626  ',10,10,1,21,5,1,'High','Simple    ','Stable','Slow'
425,'ART26984  ',2,3,7,19,5,1,'Low','Complex   ','Moderate','Moderate'
426,'ART90499  ',2,3,5,95,10,8,'High','Simple    ','Moderate','Rapid'
427,'ART84173  ',9,9,4,71,1,4,'Medium','Complex   ','Moderate','Moderate'
428,'ART18753  ',8,9,5,51,10,8,'Medium','Complex   ','Unstable','Moderate'
429,'ART49676  ',8,6,5,52,6,4,'Medium','Moderate  ','Unstable','Slow'
430,'ART10796  ',6,7,4,15,2,7,'High','Complex   ','Stable','Rapid'
431,'ART30608  ',5,1,1,2,5,5,'High','Complex   ','Stable','Slow'
432,'ART21993  ',5,10,3,67,4,3,'Low','Complex   ','Moderate','Moderate'
433,'ART30022  ',2,4,9,57,7,6,'High','Moderate  ','Moderate','Rapid'
434,'ART89862  ',2,1,1,94,9,2,'Low','Moderate  ','Unstable','Moderate'
435,'ART18141  ',3,4,10,5,7,7,'High','Simple    ','Stable','Slow'
436,'ART40431  ',6,1,8,80,1,7,'Medium','Moderate  ','Unstable','Moderate'
437,'ART63009  ',8,6,2,18,8,9,'Low','Moderate  ','Moderate','Moderate'
438,'ART10304  ',10,4,7,10,7,4,'High','Complex   ','Stable','Slow'
439,'ART94825  ',9,3,4,42,4,3,'High','Moderate  ','Stable','Moderate'
440,'ART27503  ',7,3,6,81,1,4,'Medium','Complex   ','Moderate','Slow'
441,'ART96200  ',7,2,2,69,8,5,'Medium','Moderate  ','Moderate','Moderate'
442,'ART39644  ',10,6,7,5,5,2,'Low','Complex   ','Stable','Slow'
443,'ART18636  ',2,6,5,88,7,7,'Low','Simple    ','Unstable','Rapid'
444,'ART14626  ',2,5,9,52,8,5,'High','Simple    ','Unstable','Rapid'
445,'ART33648  ',4,10,3,17,3,10,'High','Complex   ','Stable','Moderate'
446,'ART35180  ',9,7,9,44,10,7,'Low','Simple    ','Moderate','Moderate'
447,'ART79108  ',7,3,1,35,2,2,'High','Complex   ','Stable','Rapid'
448,'ART18962  ',1,9,9,2,5,3,'High','Complex   ','Stable','Slow'
449,'ART67877  ',2,5,1,61,4,6,'Medium','Complex   ','Moderate','Slow'
450,'ART98899  ',5,10,4,37,9,7,'High','Complex   ','Unstable','Rapid'
451,'ART30806  ',1,1,2,12,6,2,'Medium','Complex   ','Unstable','Moderate'
452,'ART33858  ',2,1,9,38,3,6,'High','Moderate  ','Moderate','Moderate'
453,'ART56129  ',7,4,10,86,3,7,'High','Simple    ','Unstable','Slow'
454,'ART65842  ',1,8,4,47,10,9,'High','Moderate  ','Stable','Slow'
455,'ART64392  ',4,2,3,52,9,4,'Medium','Complex   ','Moderate','Slow'
456,'ART69688  ',10,1,1,12,7,10,'Low','Simple    ','Moderate','Slow'
457,'ART90318  ',6,9,8,75,5,10,'Low','Moderate  ','Stable','Rapid'
458,'ART16908  ',4,5,3,11,9,8,'High','Complex   ','Unstable','Moderate'
459,'ART23964  ',4,4,1,73,2,2,'High','Complex   ','Unstable','Moderate'
460,'ART12752  ',5,6,5,12,7,7,'Low','Complex   ','Moderate','Slow'
461,'ART89697  ',10,10,6,65,3,6,'Low','Complex   ','Moderate','Rapid'
462,'ART96889  ',9,4,3,17,5,4,'Low','Complex   ','Unstable','Rapid'
463,'ART78750  ',6,8,5,80,4,2,'Medium','Simple    ','Stable','Moderate'
464,'ART49649  ',1,9,10,16,1,4,'Medium','Simple    ','Moderate','Slow'
465,'ART28121  ',7,7,1,34,9,5,'High','Complex   ','Unstable','Moderate'
466,'ART86824  ',5,4,9,82,3,7,'Low','Complex   ','Moderate','Rapid'
467,'ART35822  ',6,2,7,31,6,10,'High','Simple    ','Moderate','Rapid'
468,'ART27053  ',6,8,5,83,7,10,'Low','Complex   ','Unstable','Rapid'
469,'ART28234  ',10,1,2,85,10,6,'Low','Moderate  ','Moderate','Slow'
470,'ART34427  ',4,9,4,85,8,10,'Low','Moderate  ','Stable','Moderate'
471,'ART36419  ',3,2,6,64,2,6,'Low','Simple    ','Unstable','Moderate'
472,'ART88575  ',4,9,6,10,3,9,'Medium','Moderate  ','Unstable','Slow'
473,'ART38532  ',7,8,7,91,9,3,'Low','Complex   ','Moderate','Rapid'
474,'ART34715  ',3,2,9,42,3,7,'High','Complex   ','Stable','Moderate'
475,'ART32179  ',9,7,1,27,9,5,'Medium','Moderate  ','Unstable','Slow'
476,'ART34896  ',10,5,6,5,2,10,'High','Moderate  ','Moderate','Rapid'
477,'ART68034  ',4,5,10,68,7,9,'Medium','Simple    ','Moderate','Moderate'
478,'ART88300  ',10,4,4,16,4,7,'Low','Simple    ','Moderate','Moderate'
479,'ART22526  ',4,5,5,54,10,10,'Medium','Simple    ','Stable','Moderate'
480,'ART42855  ',6,1,10,45,3,7,'Medium','Moderate  ','Stable','Moderate'
481,'ART76570  ',7,3,3,39,6,7,'Low','Complex   ','Unstable','Moderate'
482,'ART86703  ',10,4,6,13,5,4,'Medium','Complex   ','Unstable','Rapid'
483,'ART63970  ',5,7,8,62,2,4,'Low','Complex   ','Moderate','Slow'
484,'ART97160  ',3,4,3,43,3,5,'High','Moderate  ','Unstable','Slow'
485,'ART98229  ',3,3,5,85,9,2,'Medium','Moderate  ','Unstable','Rapid'
486,'ART72536  ',1,6,9,32,2,5,'Low','Moderate  ','Moderate','Moderate'
487,'ART53266  ',3,9,10,55,8,7,'Medium','Simple    ','Stable','Rapid'
488,'ART83161  ',5,7,3,45,10,6,'Medium','Simple    ','Moderate','Rapid'
489,'ART57961  ',10,2,9,49,7,2,'High','Simple    ','Stable','Slow'
490,'ART92624  ',10,7,6,7,1,8,'Medium','Moderate  ','Stable','Moderate'
491,'ART23896  ',10,3,4,19,8,8,'Medium','Moderate  ','Moderate','Slow'
492,'ART68160  ',7,3,8,3,2,1,'Medium','Simple    ','Stable','Rapid'
493,'ART58497  ',10,6,7,22,1,2,'Low','Simple    ','Unstable','Moderate'
494,'ART64922  ',3,10,8,69,9,8,'Low','Complex   ','Stable','Moderate'
495,'ART12066  ',5,2,7,43,2,10,'High','Moderate  ','Unstable','Rapid'
496,'ART65335  ',2,4,8,33,4,4,'Low','Simple    ','Unstable','Moderate'
497,'ART68662  ',3,8,4,70,4,5,'Low','Complex   ','Stable','Moderate'
498,'ART26247  ',10,1,5,44,10,2,'Low','Moderate  ','Stable','Moderate'
499,'ART22192  ',10,9,3,97,3,9,'High','Simple    ','Moderate','Moderate'
500,'ART20287  ',10,2,5,53,8,6,'Medium','Moderate  ','Stable','Rapid'
501,'ART52858  ',6,5,8,90,1,4,'Medium','Complex   ','Unstable','Slow'
502,'ART98823  ',1,9,1,76,3,4,'Low','Complex   ','Moderate','Moderate'
503,'ART96951  ',2,1,9,32,2,6,'Low','Complex   ','Moderate','Rapid'
504,'ART72358  ',6,5,2,40,9,3,'High','Moderate  ','Moderate','Rapid'
505,'ART55698  ',1,10,8,77,4,8,'High','Complex   ','Unstable','Slow'
506,'ART87575  ',2,3,4,55,5,9,'Medium','Simple    ','Unstable','Rapid'
507,'ART43650  ',1,2,6,47,6,4,'High','Simple    ','Stable','Rapid'
508,'ART86220  ',9,1,10,37,2,6,'High','Moderate  ','Unstable','Rapid'
509,'ART96639  ',5,3,8,30,2,10,'Medium','Simple    ','Stable','Rapid'
510,'ART47357  ',7,3,7,99,8,10,'Low','Moderate  ','Moderate','Moderate'
511,'ART45746  ',1,10,5,44,4,5,'Low','Moderate  ','Stable','Rapid'
512,'ART45740  ',1,8,3,27,10,2,'Medium','Moderate  ','Moderate','Rapid'
513,'ART88876  ',4,7,1,68,5,4,'Medium','Complex   ','Moderate','Slow'
514,'ART87418  ',6,6,10,7,7,1,'Low','Moderate  ','Moderate','Slow'
515,'ART97635  ',10,7,7,15,8,9,'Low','Simple    ','Moderate','Slow'
516,'ART25292  ',7,2,2,60,1,9,'Medium','Moderate  ','Unstable','Slow'
517,'ART51076  ',5,10,2,8,10,4,'Medium','Simple    ','Stable','Moderate'
518,'ART32220  ',8,4,1,96,3,1,'Medium','Moderate  ','Moderate','Moderate'
519,'ART76047  ',5,1,9,83,1,4,'Medium','Moderate  ','Stable','Rapid'
520,'ART90178  ',1,7,1,10,3,10,'Medium','Moderate  ','Unstable','Slow'
521,'ART29967  ',2,1,2,27,5,10,'Medium','Simple    ','Stable','Slow'
522,'ART58041  ',9,3,10,55,9,9,'Low','Moderate  ','Moderate','Moderate'
523,'ART64972  ',7,10,10,78,8,2,'Low','Complex   ','Stable','Moderate'
524,'ART56415  ',2,1,9,67,6,8,'Medium','Simple    ','Unstable','Rapid'
525,'ART45509  ',2,9,6,69,3,5,'Medium','Moderate  ','Stable','Rapid'
526,'ART62693  ',10,9,1,69,8,7,'Medium','Moderate  ','Unstable','Rapid'
527,'ART85673  ',5,9,3,80,1,10,'Medium','Simple    ','Stable','Slow'
528,'ART71133  ',2,6,5,86,7,4,'High','Moderate  ','Stable','Rapid'
529,'ART69135  ',4,7,1,97,6,5,'High','Complex   ','Unstable','Moderate'
530,'ART59994  ',7,9,1,60,8,6,'Low','Simple    ','Stable','Slow'
531,'ART80256  ',3,8,6,26,3,2,'Low','Simple    ','Moderate','Moderate'
532,'ART26841  ',5,8,9,37,5,3,'High','Simple    ','Moderate','Rapid'
533,'ART94581  ',4,3,2,10,7,1,'High','Complex   ','Stable','Slow'
534,'ART78648  ',6,4,7,71,9,1,'Medium','Moderate  ','Stable','Moderate'
535,'ART85581  ',10,2,10,13,10,3,'Medium','Moderate  ','Stable','Rapid'
536,'ART84089  ',10,3,4,1,2,8,'High','Simple    ','Unstable','Moderate'
537,'ART53753  ',10,10,1,89,4,10,'High','Moderate  ','Unstable','Slow'
538,'ART95732  ',5,7,10,97,10,9,'Medium','Complex   ','Stable','Slow'
539,'ART37603  ',3,10,1,70,7,6,'High','Moderate  ','Stable','Moderate'
540,'ART56181  ',7,8,3,76,2,7,'High','Moderate  ','Stable','Slow'
541,'ART48785  ',3,5,2,42,9,1,'High','Simple    ','Unstable','Rapid'
542,'ART85127  ',8,8,6,23,7,2,'Medium','Complex   ','Stable','Slow'
543,'ART83097  ',10,8,7,1,6,6,'Medium','Complex   ','Stable','Slow'
544,'ART67931  ',2,7,2,49,1,5,'Medium','Simple    ','Stable','Moderate'
545,'ART80163  ',4,10,10,53,4,1,'Low','Moderate  ','Moderate','Slow'
546,'ART86467  ',8,10,1,62,9,10,'High','Simple    ','Stable','Rapid'
547,'ART44956  ',5,7,1,84,1,2,'Medium','Complex   ','Stable','Slow'
548,'ART94461  ',3,4,7,86,8,3,'Low','Complex   ','Unstable','Slow'
549,'ART46007  ',5,2,1,63,4,6,'Medium','Simple    ','Unstable','Rapid'
550,'ART55624  ',5,7,2,25,10,1,'High','Moderate  ','Stable','Moderate'
551,'ART36303  ',1,8,2,99,3,6,'Medium','Moderate  ','Moderate','Moderate'
552,'ART44161  ',2,7,10,60,4,7,'Medium','Moderate  ','Unstable','Rapid'
553,'ART79576  ',4,4,9,80,2,4,'High','Complex   ','Moderate','Rapid'
554,'ART66820  ',10,9,2,84,3,8,'Medium','Simple    ','Moderate','Slow'
555,'ART99943  ',2,7,3,20,7,3,'Low','Simple    ','Unstable','Moderate'
556,'ART56040  ',6,8,4,27,2,2,'High','Moderate  ','Unstable','Moderate'
557,'ART99073  ',5,3,5,33,1,9,'Low','Complex   ','Stable','Moderate'
558,'ART33473  ',3,8,8,95,5,9,'Medium','Simple    ','Unstable','Slow'
559,'ART24840  ',4,10,3,5,3,2,'High','Moderate  ','Moderate','Moderate'
560,'ART96165  ',3,5,4,90,3,7,'Low','Simple    ','Moderate','Rapid'
561,'ART88073  ',4,10,9,70,4,2,'Low','Complex   ','Moderate','Slow'
562,'ART28804  ',2,1,10,40,2,7,'Medium','Moderate  ','Stable','Slow'
563,'ART17546  ',2,5,2,60,4,9,'High','Moderate  ','Moderate','Slow'
564,'ART14981  ',10,6,3,30,9,8,'Medium','Moderate  ','Moderate','Slow'
565,'ART43106  ',6,9,2,10,5,7,'Low','Simple    ','Moderate','Rapid'
566,'ART74822  ',9,3,5,39,4,7,'High','Moderate  ','Unstable','Rapid'
567,'ART61565  ',5,5,9,5,3,5,'High','Moderate  ','Unstable','Slow'
568,'ART79175  ',5,3,8,32,2,9,'High','Simple    ','Stable','Moderate'
569,'ART26272  ',5,3,5,44,2,2,'Medium','Simple    ','Unstable','Moderate'
570,'ART59168  ',3,3,8,83,10,4,'High','Moderate  ','Unstable','Moderate'
571,'ART66476  ',3,5,6,70,4,10,'Low','Simple    ','Unstable','Rapid'
572,'ART98965  ',3,7,9,1,9,2,'Medium','Complex   ','Moderate','Rapid'
573,'ART11166  ',2,1,3,57,10,5,'Low','Simple    ','Unstable','Slow'
574,'ART66092  ',10,7,7,4,3,10,'High','Complex   ','Stable','Moderate'
575,'ART28913  ',10,3,8,11,4,3,'High','Simple    ','Unstable','Slow'
576,'ART36852  ',5,8,1,84,8,1,'Low','Moderate  ','Moderate','Moderate'
577,'ART32001  ',1,4,1,86,4,6,'Low','Complex   ','Unstable','Moderate'
578,'ART10602  ',2,6,7,66,7,4,'High','Moderate  ','Unstable','Slow'
579,'ART18996  ',1,2,3,47,2,7,'Medium','Moderate  ','Unstable','Rapid'
580,'ART82359  ',4,4,2,12,1,6,'Medium','Complex   ','Unstable','Moderate'
581,'ART15952  ',8,3,6,32,4,9,'High','Complex   ','Stable','Rapid'
582,'ART26831  ',8,8,8,38,1,4,'Medium','Simple    ','Unstable','Rapid'
583,'ART24978  ',5,4,5,65,8,5,'High','Simple    ','Stable','Moderate'
584,'ART84637  ',1,2,5,49,6,6,'Low','Moderate  ','Moderate','Moderate'
585,'ART98277  ',3,3,1,51,5,2,'High','Moderate  ','Stable','Rapid'
586,'ART39262  ',9,6,8,57,2,7,'Low','Moderate  ','Unstable','Slow'
587,'ART56602  ',7,3,5,33,1,4,'Medium','Moderate  ','Moderate','Rapid'
588,'ART57966  ',6,3,8,53,8,8,'Medium','Simple    ','Unstable','Rapid'
589,'ART75943  ',2,1,10,51,7,3,'Low','Simple    ','Stable','Rapid'
590,'ART52469  ',7,1,9,34,10,2,'High','Moderate  ','Moderate','Moderate'
591,'ART26470  ',10,6,4,4,2,4,'Low','Complex   ','Moderate','Moderate'
592,'ART57328  ',7,8,5,96,6,10,'Medium','Simple    ','Stable','Moderate'
593,'ART68018  ',8,6,2,38,8,5,'Low','Simple    ','Unstable','Slow'
594,'ART34189  ',2,1,1,80,10,7,'Medium','Complex   ','Stable','Moderate'
595,'ART88121  ',5,8,2,67,8,8,'High','Complex   ','Unstable','Moderate'
596,'ART38138  ',10,7,5,89,5,7,'High','Moderate  ','Moderate','Moderate'
597,'ART97175  ',9,5,1,81,7,7,'Medium','Moderate  ','Unstable','Slow'
598,'ART81329  ',4,6,7,54,8,9,'Low','Moderate  ','Unstable','Moderate'
599,'ART12913  ',1,7,1,91,6,2,'Low','Moderate  ','Moderate','Slow'
600,'ART25050  ',7,9,9,19,9,1,'Low','Complex   ','Unstable','Slow'
601,'ART58867  ',8,3,4,5,7,2,'Low','Simple    ','Unstable','Moderate'
602,'ART79542  ',5,6,7,1,3,9,'Medium','Moderate  ','Stable','Slow'
603,'ART82199  ',9,2,1,84,6,8,'Medium','Moderate  ','Moderate','Slow'
604,'ART91028  ',4,1,1,62,10,7,'Low','Complex   ','Unstable','Rapid'
605,'ART70580  ',6,7,8,38,10,5,'High','Simple    ','Moderate','Slow'
606,'ART58926  ',3,5,5,5,1,4,'High','Simple    ','Moderate','Slow'
607,'ART67300  ',4,6,9,30,4,1,'High','Simple    ','Unstable','Slow'
608,'ART36902  ',1,8,2,46,10,1,'Low','Complex   ','Moderate','Moderate'
609,'ART16037  ',6,6,5,89,10,5,'Medium','Simple    ','Stable','Rapid'
610,'ART50052  ',3,1,9,35,1,7,'Low','Moderate  ','Moderate','Moderate'
611,'ART20268  ',6,9,7,30,7,4,'High','Complex   ','Unstable','Rapid'
612,'ART85066  ',10,4,4,47,4,8,'Low','Moderate  ','Unstable','Slow'
613,'ART82711  ',1,5,1,85,9,2,'Medium','Complex   ','Unstable','Slow'
614,'ART72030  ',3,6,10,78,5,5,'Low','Simple    ','Stable','Rapid'
615,'ART48513  ',8,2,6,71,6,5,'Medium','Complex   ','Moderate','Moderate'
616,'ART13225  ',2,4,3,38,6,9,'Medium','Complex   ','Unstable','Rapid'
617,'ART16185  ',9,5,7,31,1,4,'Low','Complex   ','Unstable','Slow'
618,'ART87084  ',7,6,4,37,7,7,'High','Complex   ','Moderate','Rapid'
619,'ART76681  ',8,3,4,23,9,7,'Medium','Simple    ','Moderate','Rapid'
620,'ART23595  ',2,2,10,58,2,7,'High','Moderate  ','Stable','Slow'
621,'ART26935  ',5,9,3,42,1,10,'Low','Complex   ','Moderate','Slow'
622,'ART54253  ',1,6,10,16,2,8,'Low','Simple    ','Stable','Rapid'
623,'ART78450  ',8,1,5,30,3,5,'Medium','Complex   ','Stable','Slow'
624,'ART36509  ',7,1,10,31,4,3,'Low','Moderate  ','Stable','Moderate'
625,'ART43909  ',5,5,9,40,1,10,'High','Simple    ','Moderate','Moderate'
626,'ART53400  ',1,8,6,89,9,3,'High','Moderate  ','Moderate','Moderate'
627,'ART66554  ',8,10,1,86,5,9,'High','Moderate  ','Stable','Slow'
628,'ART71813  ',3,6,3,49,8,1,'High','Complex   ','Unstable','Slow'
629,'ART51093  ',2,7,5,76,9,5,'Low','Complex   ','Stable','Moderate'
630,'ART69403  ',1,5,1,85,8,3,'Low','Simple    ','Moderate','Slow'
631,'ART86364  ',4,3,5,24,9,5,'High','Complex   ','Unstable','Slow'
632,'ART75229  ',1,3,10,81,5,1,'Medium','Complex   ','Moderate','Rapid'
633,'ART46673  ',6,3,10,93,10,7,'Medium','Simple    ','Unstable','Slow'
634,'ART23510  ',2,1,2,60,9,1,'High','Moderate  ','Moderate','Slow'
635,'ART86735  ',10,7,6,81,4,7,'High','Moderate  ','Stable','Slow'
636,'ART66768  ',1,6,8,91,2,10,'Medium','Complex   ','Moderate','Slow'
637,'ART25282  ',4,1,5,74,8,4,'Medium','Simple    ','Moderate','Moderate'
638,'ART16218  ',5,3,8,52,1,8,'Medium','Moderate  ','Stable','Rapid'
639,'ART69787  ',9,8,4,23,2,6,'High','Simple    ','Moderate','Slow'
640,'ART21873  ',8,9,10,48,6,4,'Medium','Complex   ','Stable','Moderate'
641,'ART41646  ',9,4,10,2,8,10,'Low','Simple    ','Stable','Moderate'
642,'ART31545  ',7,8,9,45,6,1,'Low','Simple    ','Moderate','Moderate'
643,'ART30984  ',4,9,6,62,2,8,'High','Simple    ','Stable','Rapid'
644,'ART86486  ',9,7,1,55,2,6,'Low','Moderate  ','Unstable','Rapid'
645,'ART62766  ',7,3,4,19,5,9,'Low','Complex   ','Unstable','Moderate'
646,'ART32509  ',9,7,6,47,8,6,'High','Complex   ','Moderate','Slow'
647,'ART89340  ',4,7,3,42,7,5,'Low','Simple    ','Stable','Moderate'
648,'ART88196  ',9,5,9,23,2,1,'High','Moderate  ','Unstable','Slow'
649,'ART14493  ',1,3,8,10,8,10,'Medium','Moderate  ','Unstable','Moderate'
650,'ART76252  ',2,7,1,91,5,2,'Low','Simple    ','Moderate','Moderate'
651,'ART57157  ',7,1,4,79,5,2,'Low','Moderate  ','Stable','Moderate'
652,'ART95823  ',2,5,3,12,7,4,'High','Complex   ','Stable','Slow'
653,'ART89007  ',3,9,10,13,8,4,'High','Simple    ','Moderate','Rapid'
654,'ART59941  ',2,4,3,64,3,10,'High','Complex   ','Stable','Moderate'
655,'ART81928  ',1,6,4,57,8,2,'Low','Moderate  ','Moderate','Rapid'
656,'ART60859  ',1,4,1,69,5,10,'Low','Complex   ','Moderate','Moderate'
657,'ART76513  ',1,3,1,15,3,10,'Medium','Moderate  ','Stable','Moderate'
658,'ART55259  ',3,7,9,91,3,1,'High','Simple    ','Unstable','Rapid'
659,'ART90617  ',1,4,2,51,5,10,'Medium','Moderate  ','Unstable','Rapid'
660,'ART24032  ',6,7,9,53,3,3,'Medium','Complex   ','Unstable','Slow'
661,'ART14524  ',8,10,5,15,4,5,'High','Moderate  ','Unstable','Rapid'
662,'ART12071  ',4,9,7,8,6,2,'Low','Complex   ','Unstable','Rapid'
663,'ART66542  ',3,1,10,19,2,1,'Medium','Simple    ','Stable','Rapid'
664,'ART49968  ',2,2,5,55,1,7,'Low','Moderate  ','Moderate','Slow'
665,'ART22763  ',6,5,7,87,10,3,'Low','Simple    ','Moderate','Moderate'
666,'ART87825  ',4,9,5,53,9,1,'Medium','Simple    ','Unstable','Moderate'
667,'ART75092  ',6,4,2,42,5,5,'Medium','Moderate  ','Unstable','Moderate'
668,'ART64002  ',10,7,7,15,6,2,'High','Complex   ','Unstable','Moderate'
669,'ART49681  ',8,1,7,46,8,8,'Low','Moderate  ','Unstable','Moderate'
670,'ART74234  ',9,9,7,34,5,9,'Medium','Moderate  ','Stable','Moderate'
671,'ART82500  ',10,7,8,90,3,9,'Medium','Complex   ','Unstable','Rapid'
672,'ART81133  ',9,3,4,37,2,4,'High','Simple    ','Moderate','Moderate'
673,'ART43117  ',5,6,5,94,5,10,'Medium','Complex   ','Moderate','Rapid'
674,'ART40138  ',8,4,2,14,6,5,'Low','Simple    ','Stable','Rapid'
675,'ART54875  ',4,7,5,16,5,10,'Low','Moderate  ','Stable','Rapid'
676,'ART75708  ',3,9,8,10,5,10,'High','Moderate  ','Moderate','Slow'
677,'ART68102  ',7,1,7,54,1,4,'Medium','Moderate  ','Stable','Slow'
678,'ART55916  ',7,6,9,73,8,1,'Low','Moderate  ','Moderate','Rapid'
679,'ART90234  ',3,10,3,75,3,3,'Low','Simple    ','Moderate','Slow'
680,'ART23795  ',2,1,6,79,2,5,'High','Simple    ','Unstable','Rapid'
681,'ART68106  ',4,3,3,96,9,1,'Medium','Complex   ','Unstable','Slow'
682,'ART38773  ',8,7,7,30,7,8,'Medium','Simple    ','Unstable','Moderate'
683,'ART83239  ',1,9,4,28,7,9,'Low','Simple    ','Stable','Slow'
684,'ART97001  ',4,1,10,53,3,10,'Low','Simple    ','Moderate','Rapid'
685,'ART69943  ',10,6,10,59,2,3,'High','Moderate  ','Moderate','Moderate'
686,'ART19243  ',1,8,3,14,2,4,'Medium','Moderate  ','Stable','Moderate'
687,'ART72272  ',3,10,2,77,2,1,'High','Moderate  ','Stable','Slow'
688,'ART22160  ',1,3,2,61,4,9,'Low','Complex   ','Moderate','Slow'
689,'ART92263  ',8,10,8,89,8,7,'Medium','Complex   ','Unstable','Moderate'
690,'ART65243  ',5,9,9,20,8,5,'Low','Moderate  ','Stable','Rapid'
691,'ART44699  ',5,4,9,7,7,8,'Low','Moderate  ','Unstable','Moderate'
692,'ART11818  ',8,10,1,93,10,9,'Medium','Moderate  ','Unstable','Slow'
693,'ART96685  ',9,6,9,34,4,7,'Medium','Moderate  ','Unstable','Rapid'
694,'ART33856  ',1,2,10,99,4,7,'Low','Moderate  ','Unstable','Slow'
695,'ART37504  ',2,6,9,87,9,10,'Low','Complex   ','Unstable','Slow'
696,'ART31688  ',7,2,7,2,9,6,'High','Moderate  ','Unstable','Rapid'
697,'ART96901  ',4,8,3,89,9,1,'Low','Complex   ','Unstable','Rapid'
698,'ART50086  ',8,9,5,29,4,7,'Low','Moderate  ','Stable','Moderate'
699,'ART53209  ',5,3,10,18,7,1,'Medium','Simple    ','Unstable','Rapid'
700,'ART83335  ',2,9,7,73,1,9,'Medium','Simple    ','Moderate','Rapid'
701,'ART40350  ',3,7,6,65,4,5,'Low','Simple    ','Unstable','Moderate'
702,'ART64734  ',7,9,3,40,10,9,'Medium','Simple    ','Unstable','Moderate'
703,'ART54697  ',10,10,8,18,8,10,'High','Simple    ','Stable','Moderate'
704,'ART39945  ',4,9,8,39,9,10,'Medium','Moderate  ','Moderate','Rapid'
705,'ART42663  ',1,9,4,19,3,8,'Medium','Complex   ','Unstable','Slow'
706,'ART22716  ',9,8,5,57,4,1,'High','Simple    ','Unstable','Moderate'
707,'ART91514  ',7,9,5,3,5,2,'Low','Complex   ','Stable','Slow'
708,'ART33221  ',7,1,4,19,5,10,'Low','Moderate  ','Unstable','Moderate'
709,'ART32246  ',7,2,4,1,10,7,'Low','Complex   ','Stable','Moderate'
710,'ART17845  ',5,9,9,30,9,3,'Low','Moderate  ','Unstable','Moderate'
711,'ART76881  ',9,4,9,1,5,3,'Medium','Moderate  ','Stable','Moderate'
712,'ART52193  ',10,9,1,37,7,6,'Low','Moderate  ','Moderate','Rapid'
713,'ART44784  ',7,3,1,36,3,8,'Low','Complex   ','Moderate','Moderate'
714,'ART96311  ',8,6,6,79,3,4,'High','Moderate  ','Unstable','Moderate'
715,'ART69468  ',7,4,4,28,9,8,'High','Complex   ','Moderate','Rapid'
716,'ART74832  ',10,1,6,2,1,10,'Medium','Complex   ','Moderate','Moderate'
717,'ART85471  ',6,5,1,6,6,5,'Medium','Complex   ','Moderate','Moderate'
718,'ART32309  ',9,9,9,83,7,10,'Medium','Complex   ','Moderate','Slow'
719,'ART90500  ',7,5,5,40,1,3,'Medium','Moderate  ','Moderate','Moderate'
720,'ART74273  ',6,7,2,57,10,1,'Low','Complex   ','Moderate','Slow'
721,'ART17888  ',10,4,3,77,8,3,'Medium','Complex   ','Moderate','Moderate'
722,'ART90346  ',7,3,7,75,1,10,'Medium','Moderate  ','Stable','Slow'
723,'ART80971  ',10,8,9,27,1,6,'Low','Simple    ','Moderate','Moderate'
724,'ART23310  ',7,4,7,23,7,10,'Medium','Complex   ','Stable','Moderate'
725,'ART48666  ',2,5,3,30,4,8,'Medium','Simple    ','Moderate','Rapid'
726,'ART21088  ',1,4,6,24,9,9,'Medium','Complex   ','Moderate','Slow'
727,'ART77509  ',7,2,10,49,8,1,'Low','Complex   ','Moderate','Slow'
728,'ART34980  ',7,9,1,96,9,7,'Low','Moderate  ','Unstable','Slow'
729,'ART95946  ',6,2,5,33,6,4,'Low','Moderate  ','Moderate','Rapid'
730,'ART39018  ',6,8,4,46,4,10,'Low','Complex   ','Unstable','Rapid'
731,'ART69774  ',10,3,4,27,3,9,'Medium','Complex   ','Stable','Slow'
732,'ART22315  ',6,4,3,85,7,1,'Low','Complex   ','Unstable','Slow'
733,'ART13427  ',8,3,6,71,4,5,'Low','Simple    ','Moderate','Slow'
734,'ART83272  ',1,5,5,23,9,8,'Low','Complex   ','Stable','Moderate'
735,'ART65730  ',5,8,6,19,5,5,'Low','Moderate  ','Unstable','Moderate'
736,'ART42147  ',2,3,7,31,3,4,'Medium','Simple    ','Unstable','Moderate'
737,'ART23549  ',5,2,6,24,7,9,'Medium','Simple    ','Unstable','Rapid'
738,'ART16462  ',6,6,1,46,1,10,'Low','Complex   ','Moderate','Slow'
739,'ART67113  ',5,5,6,68,10,2,'Low','Simple    ','Unstable','Rapid'
740,'ART94859  ',7,8,5,47,10,10,'Low','Complex   ','Moderate','Moderate'
741,'ART34112  ',5,2,8,9,6,8,'Medium','Simple    ','Moderate','Slow'
742,'ART14989  ',4,9,6,62,3,6,'High','Moderate  ','Stable','Moderate'
743,'ART17780  ',5,7,1,82,4,7,'Low','Complex   ','Stable','Moderate'
744,'ART28621  ',8,5,6,26,3,9,'Medium','Complex   ','Moderate','Slow'
745,'ART81768  ',9,5,3,77,1,1,'Low','Moderate  ','Moderate','Moderate'
746,'ART87618  ',8,3,10,39,9,2,'High','Complex   ','Moderate','Slow'
747,'ART42851  ',3,2,7,47,2,7,'Low','Moderate  ','Moderate','Rapid'
748,'ART69547  ',5,8,1,74,10,2,'Low','Simple    ','Stable','Moderate'
749,'ART51717  ',4,8,10,35,2,4,'Low','Simple    ','Moderate','Rapid'
750,'ART22886  ',1,9,7,60,8,4,'Medium','Complex   ','Moderate','Slow'
751,'ART49302  ',6,7,4,90,5,8,'Low','Simple    ','Stable','Slow'
752,'ART72563  ',7,4,10,38,7,1,'Medium','Moderate  ','Stable','Slow'
753,'ART11915  ',5,4,5,55,10,2,'Medium','Complex   ','Stable','Rapid'
754,'ART57469  ',8,3,6,46,1,3,'Medium','Complex   ','Unstable','Slow'
755,'ART90399  ',8,8,6,41,4,5,'Medium','Simple    ','Moderate','Slow'
756,'ART43450  ',5,10,2,1,8,5,'Medium','Complex   ','Stable','Slow'
757,'ART51448  ',10,5,3,75,5,6,'High','Simple    ','Moderate','Rapid'
758,'ART92103  ',2,9,10,81,4,9,'Medium','Complex   ','Unstable','Slow'
759,'ART73159  ',8,4,9,16,9,5,'Low','Moderate  ','Moderate','Rapid'
760,'ART75514  ',8,9,1,39,5,5,'Medium','Simple    ','Stable','Rapid'
761,'ART29208  ',5,4,9,74,1,10,'Medium','Simple    ','Moderate','Moderate'
762,'ART71890  ',6,1,5,59,9,8,'Low','Complex   ','Unstable','Moderate'
763,'ART66615  ',6,8,2,87,10,4,'Medium','Moderate  ','Moderate','Moderate'
764,'ART65460  ',2,10,4,66,3,2,'Medium','Complex   ','Moderate','Moderate'
765,'ART98712  ',9,8,4,81,2,8,'Medium','Simple    ','Stable','Moderate'
766,'ART66657  ',5,1,4,49,2,9,'Medium','Complex   ','Stable','Rapid'
767,'ART45951  ',1,1,7,11,3,6,'High','Simple    ','Stable','Rapid'
768,'ART20768  ',5,2,3,3,4,6,'Medium','Complex   ','Stable','Rapid'
769,'ART59524  ',6,7,7,9,1,10,'Medium','Simple    ','Stable','Slow'
770,'ART84214  ',3,6,6,71,8,4,'Medium','Complex   ','Unstable','Moderate'
771,'ART31921  ',9,2,2,87,2,3,'Low','Moderate  ','Moderate','Slow'
772,'ART46790  ',3,3,2,73,8,2,'Medium','Moderate  ','Unstable','Slow'
773,'ART72241  ',7,8,7,10,1,4,'High','Moderate  ','Unstable','Moderate'
774,'ART57648  ',3,3,8,66,10,3,'Low','Simple    ','Stable','Moderate'
775,'ART77503  ',8,1,2,47,2,4,'Medium','Moderate  ','Moderate','Slow'
776,'ART42635  ',2,7,1,94,3,7,'Medium','Simple    ','Moderate','Moderate'
777,'ART98088  ',5,4,10,61,6,7,'Medium','Moderate  ','Moderate','Moderate'
778,'ART94883  ',1,2,6,42,6,8,'Medium','Simple    ','Moderate','Moderate'
779,'ART70417  ',6,6,3,22,4,6,'Medium','Complex   ','Moderate','Moderate'
780,'ART84609  ',10,4,8,26,6,5,'High','Simple    ','Moderate','Rapid'
781,'ART76346  ',2,3,1,22,9,2,'High','Complex   ','Stable','Slow'
782,'ART34720  ',8,4,1,43,3,1,'Medium','Complex   ','Unstable','Moderate'
783,'ART46547  ',9,5,10,38,4,9,'Low','Simple    ','Unstable','Slow'
784,'ART61364  ',1,1,6,93,6,9,'Medium','Moderate  ','Moderate','Slow'
785,'ART34932  ',9,4,8,32,10,5,'Medium','Complex   ','Unstable','Slow'
786,'ART96228  ',8,9,1,65,1,5,'High','Simple    ','Moderate','Slow'
787,'ART86470  ',2,8,1,23,10,8,'High','Complex   ','Stable','Slow'
788,'ART76871  ',1,5,8,81,8,2,'High','Moderate  ','Stable','Slow'
789,'ART24485  ',7,3,3,88,8,3,'High','Simple    ','Unstable','Rapid'
790,'ART49449  ',6,3,6,52,6,9,'Medium','Complex   ','Stable','Moderate'
791,'ART81383  ',2,2,5,12,7,6,'Medium','Moderate  ','Moderate','Rapid'
792,'ART44723  ',5,3,5,69,9,4,'High','Simple    ','Unstable','Rapid'
793,'ART49026  ',4,6,2,89,6,10,'High','Moderate  ','Stable','Rapid'
794,'ART66541  ',5,7,1,76,4,4,'Medium','Simple    ','Unstable','Moderate'
795,'ART77907  ',2,5,8,47,4,5,'High','Complex   ','Unstable','Rapid'
796,'ART59475  ',7,9,5,18,3,9,'Low','Moderate  ','Moderate','Moderate'
797,'ART16498  ',5,8,8,29,7,8,'High','Moderate  ','Stable','Moderate'
798,'ART98227  ',4,1,4,99,1,9,'High','Simple    ','Moderate','Moderate'
799,'ART36393  ',6,6,5,9,8,4,'High','Complex   ','Moderate','Rapid'
800,'ART87020  ',8,8,4,87,9,2,'Medium','Complex   ','Stable','Slow'
801,'ART30034  ',6,7,10,32,5,4,'Medium','Complex   ','Moderate','Slow'
802,'ART75348  ',3,4,5,18,7,4,'Medium','Simple    ','Moderate','Moderate'
803,'ART58270  ',7,2,3,95,4,3,'Medium','Moderate  ','Unstable','Slow'
804,'ART39902  ',10,2,2,92,3,1,'Low','Moderate  ','Unstable','Rapid'
805,'ART14031  ',6,7,5,80,6,5,'High','Simple    ','Moderate','Rapid'
806,'ART18290  ',10,4,7,41,1,6,'Medium','Complex   ','Moderate','Moderate'
807,'ART95167  ',1,3,9,18,5,6,'High','Moderate  ','Stable','Moderate'
808,'ART44203  ',5,9,9,1,4,2,'Low','Simple    ','Unstable','Slow'
809,'ART31890  ',6,1,6,16,4,1,'Low','Complex   ','Stable','Slow'
810,'ART87754  ',4,7,8,99,6,3,'High','Complex   ','Unstable','Moderate'
811,'ART22321  ',7,7,8,49,9,6,'High','Moderate  ','Stable','Slow'
812,'ART25763  ',5,7,8,39,2,3,'Low','Simple    ','Unstable','Rapid'
813,'ART32170  ',8,7,6,13,8,8,'Medium','Moderate  ','Moderate','Slow'
814,'ART84986  ',1,1,3,73,7,8,'High','Complex   ','Unstable','Moderate'
815,'ART46023  ',5,3,2,36,5,7,'Low','Complex   ','Moderate','Moderate'
816,'ART73708  ',2,4,2,29,2,3,'High','Moderate  ','Stable','Slow'
817,'ART85630  ',10,8,1,84,6,5,'Low','Complex   ','Moderate','Slow'
818,'ART36966  ',3,9,1,97,10,7,'Low','Moderate  ','Unstable','Moderate'
819,'ART33251  ',1,5,4,49,8,4,'Low','Moderate  ','Stable','Slow'
820,'ART98440  ',3,4,9,16,3,9,'Low','Complex   ','Moderate','Slow'
821,'ART50102  ',10,7,5,54,7,5,'High','Moderate  ','Unstable','Rapid'
822,'ART48520  ',3,3,7,32,10,4,'High','Simple    ','Stable','Rapid'
823,'ART99097  ',6,3,5,80,6,4,'Medium','Moderate  ','Stable','Slow'
824,'ART49705  ',1,1,7,78,8,3,'Medium','Moderate  ','Stable','Slow'
825,'ART68080  ',10,5,5,48,5,6,'Low','Complex   ','Stable','Moderate'
826,'ART56318  ',8,2,10,15,2,7,'Low','Moderate  ','Unstable','Rapid'
827,'ART57908  ',4,2,7,51,1,2,'Medium','Simple    ','Stable','Slow'
828,'ART76099  ',7,10,4,46,1,2,'High','Complex   ','Moderate','Moderate'
829,'ART54444  ',9,1,5,23,6,2,'Medium','Moderate  ','Moderate','Rapid'
830,'ART97344  ',1,10,6,33,10,9,'Medium','Complex   ','Unstable','Slow'
831,'ART88991  ',9,5,5,90,10,7,'Low','Simple    ','Moderate','Rapid'
832,'ART47743  ',1,7,5,60,9,10,'High','Moderate  ','Moderate','Rapid'
833,'ART14074  ',4,8,8,86,5,7,'Low','Moderate  ','Unstable','Rapid'
834,'ART90207  ',4,7,6,51,6,9,'Low','Simple    ','Unstable','Moderate'
835,'ART68517  ',3,9,4,91,9,1,'Low','Simple    ','Stable','Rapid'
836,'ART57930  ',5,9,2,86,9,2,'High','Moderate  ','Stable','Moderate'
837,'ART76770  ',6,8,8,11,10,3,'Medium','Simple    ','Stable','Rapid'
838,'ART43584  ',2,5,3,78,5,1,'Medium','Complex   ','Unstable','Moderate'
839,'ART88102  ',5,7,6,17,10,1,'High','Complex   ','Moderate','Moderate'
840,'ART97113  ',9,8,5,84,5,9,'Low','Simple    ','Unstable','Slow'
841,'ART55351  ',6,3,5,31,10,5,'High','Simple    ','Stable','Moderate'
842,'ART38024  ',5,6,9,94,3,10,'High','Simple    ','Moderate','Moderate'
843,'ART12569  ',5,10,10,12,8,1,'Low','Complex   ','Unstable','Moderate'
844,'ART40919  ',10,5,9,98,1,9,'Medium','Simple    ','Stable','Rapid'
845,'ART48705  ',7,8,6,23,6,7,'High','Complex   ','Unstable','Moderate'
846,'ART67296  ',1,3,1,83,6,10,'Low','Moderate  ','Stable','Slow'
847,'ART52555  ',5,9,1,65,4,5,'Low','Simple    ','Unstable','Slow'
848,'ART62527  ',3,3,1,6,3,1,'Medium','Simple    ','Stable','Slow'
849,'ART48011  ',8,4,6,97,2,7,'Medium','Moderate  ','Stable','Moderate'
850,'ART94879  ',5,3,9,94,6,6,'Low','Simple    ','Stable','Rapid'
851,'ART91888  ',1,7,4,83,3,5,'High','Moderate  ','Stable','Moderate'
852,'ART77072  ',6,7,2,67,7,5,'Medium','Simple    ','Stable','Rapid'
853,'ART88585  ',4,2,10,58,10,4,'Medium','Moderate  ','Stable','Moderate'
854,'ART36596  ',2,1,1,28,2,4,'Medium','Moderate  ','Unstable','Moderate'
855,'ART33026  ',7,8,10,34,9,7,'High','Simple    ','Unstable','Moderate'
856,'ART55483  ',1,9,8,51,9,10,'Medium','Complex   ','Moderate','Moderate'
857,'ART77974  ',4,9,9,56,9,1,'Low','Complex   ','Unstable','Moderate'
858,'ART12761  ',6,7,1,95,3,4,'Medium','Simple    ','Stable','Slow'
859,'ART51031  ',8,3,1,54,5,9,'High','Simple    ','Stable','Rapid'
860,'ART96563  ',9,9,3,19,6,6,'Low','Moderate  ','Unstable','Slow'
861,'ART27457  ',3,8,7,52,1,4,'Low','Moderate  ','Stable','Slow'
862,'ART19120  ',8,7,9,66,2,6,'High','Simple    ','Stable','Slow'
863,'ART35063  ',5,8,8,12,4,2,'High','Complex   ','Moderate','Moderate'
864,'ART83105  ',10,2,9,91,3,7,'Medium','Moderate  ','Unstable','Rapid'
865,'ART20837  ',3,1,2,87,7,1,'Medium','Simple    ','Unstable','Slow'
866,'ART29144  ',5,6,6,72,1,4,'High','Complex   ','Unstable','Slow'
867,'ART33184  ',1,10,8,84,2,9,'Medium','Simple    ','Moderate','Moderate'
868,'ART87673  ',10,3,3,25,1,5,'High','Complex   ','Moderate','Rapid'
869,'ART20952  ',8,10,2,54,10,3,'Low','Moderate  ','Moderate','Rapid'
870,'ART95841  ',3,3,4,67,10,2,'Medium','Simple    ','Unstable','Slow'
871,'ART45564  ',2,10,10,20,4,8,'Medium','Simple    ','Stable','Moderate'
872,'ART51243  ',2,9,1,3,5,8,'Medium','Simple    ','Moderate','Rapid'
873,'ART76884  ',9,9,5,60,5,1,'High','Complex   ','Unstable','Slow'
874,'ART19502  ',8,10,7,88,10,4,'High','Complex   ','Moderate','Slow'
875,'ART39200  ',7,9,1,48,9,5,'Medium','Simple    ','Unstable','Slow'
876,'ART54672  ',5,9,1,14,6,6,'High','Simple    ','Stable','Slow'
877,'ART88577  ',1,9,5,78,7,8,'Medium','Complex   ','Stable','Slow'
878,'ART19556  ',3,6,6,52,9,3,'Medium','Complex   ','Unstable','Slow'
879,'ART84852  ',4,8,1,95,2,5,'Low','Simple    ','Moderate','Moderate'
880,'ART30736  ',9,9,4,53,1,9,'Low','Complex   ','Moderate','Rapid'
881,'ART36834  ',8,3,1,67,10,4,'Medium','Moderate  ','Moderate','Rapid'
882,'ART25431  ',2,3,9,100,6,2,'Low','Complex   ','Unstable','Rapid'
883,'ART56814  ',1,3,6,34,2,3,'Medium','Simple    ','Moderate','Slow'
884,'ART68570  ',9,9,1,73,6,6,'High','Moderate  ','Stable','Rapid'
885,'ART16025  ',1,7,6,77,4,7,'Medium','Moderate  ','Stable','Moderate'
886,'ART52472  ',10,5,4,9,6,9,'Low','Simple    ','Moderate','Rapid'
887,'ART46791  ',9,2,6,45,4,5,'High','Complex   ','Unstable','Moderate'
888,'ART93520  ',9,4,7,62,9,5,'Medium','Moderate  ','Moderate','Moderate'
889,'ART99903  ',5,4,4,23,5,8,'Low','Moderate  ','Stable','Rapid'
890,'ART26051  ',4,9,3,38,10,2,'Medium','Moderate  ','Moderate','Moderate'
891,'ART21779  ',1,6,1,91,5,3,'Low','Simple    ','Moderate','Rapid'
892,'ART38797  ',5,1,4,36,10,4,'Low','Complex   ','Unstable','Rapid'
893,'ART11061  ',6,2,10,81,2,6,'High','Simple    ','Stable','Moderate'
894,'ART98932  ',4,5,4,61,4,6,'High','Moderate  ','Moderate','Moderate'
895,'ART49022  ',6,9,10,82,3,7,'Low','Moderate  ','Unstable','Slow'
896,'ART48284  ',10,3,7,48,9,2,'High','Simple    ','Moderate','Moderate'
897,'ART63447  ',3,9,9,65,8,1,'High','Complex   ','Stable','Rapid'
898,'ART28065  ',5,10,2,47,4,6,'Low','Moderate  ','Moderate','Slow'
899,'ART53096  ',4,4,3,77,3,4,'Medium','Moderate  ','Unstable','Moderate'
900,'ART67195  ',7,8,9,95,6,3,'Medium','Simple    ','Moderate','Rapid'
901,'ART71265  ',4,1,10,80,3,4,'Low','Moderate  ','Stable','Moderate'
902,'ART48796  ',2,2,9,60,6,2,'Low','Moderate  ','Moderate','Slow'
903,'ART36963  ',7,3,2,29,7,9,'Low','Simple    ','Moderate','Rapid'
904,'ART50362  ',8,2,2,14,8,3,'Medium','Complex   ','Stable','Rapid'
905,'ART57791  ',2,4,3,19,9,4,'High','Moderate  ','Unstable','Moderate'
906,'ART70056  ',6,5,6,91,6,5,'Medium','Moderate  ','Moderate','Slow'
907,'ART32927  ',4,6,6,22,7,6,'Medium','Moderate  ','Moderate','Moderate'
908,'ART23886  ',6,10,7,27,1,3,'High','Moderate  ','Stable','Rapid'
909,'ART95284  ',7,4,1,10,6,2,'High','Moderate  ','Unstable','Moderate'
910,'ART55884  ',6,10,2,12,5,6,'High','Simple    ','Stable','Slow'
911,'ART71037  ',8,8,5,93,9,1,'Medium','Moderate  ','Unstable','Slow'
912,'ART11605  ',4,7,1,98,6,9,'High','Simple    ','Unstable','Moderate'
913,'ART38084  ',2,3,4,6,6,6,'Low','Moderate  ','Unstable','Slow'
914,'ART90913  ',8,4,3,68,10,5,'High','Moderate  ','Unstable','Rapid'
915,'ART22677  ',6,9,2,46,2,6,'High','Moderate  ','Stable','Slow'
916,'ART74019  ',7,2,10,82,10,3,'Low','Moderate  ','Stable','Slow'
917,'ART85566  ',7,2,5,42,3,7,'Low','Complex   ','Stable','Rapid'
918,'ART96289  ',7,6,7,88,7,5,'Low','Simple    ','Stable','Rapid'
919,'ART84918  ',6,5,7,65,4,8,'Low','Moderate  ','Stable','Moderate'
920,'ART19972  ',8,1,1,6,10,8,'Low','Complex   ','Unstable','Rapid'
921,'ART37743  ',7,3,5,61,3,6,'Medium','Simple    ','Stable','Moderate'
922,'ART97428  ',8,2,5,83,8,9,'Low','Moderate  ','Stable','Moderate'
923,'ART93993  ',10,5,4,50,4,2,'High','Moderate  ','Stable','Slow'
924,'ART19962  ',3,4,5,11,6,2,'Low','Simple    ','Stable','Rapid'
925,'ART29701  ',1,1,7,40,10,1,'High','Moderate  ','Stable','Slow'
926,'ART38517  ',5,7,4,76,7,6,'Low','Moderate  ','Unstable','Moderate'
927,'ART34748  ',3,7,1,74,7,5,'Low','Complex   ','Unstable','Moderate'
928,'ART73959  ',1,4,10,73,4,4,'Low','Complex   ','Stable','Moderate'
929,'ART87960  ',1,3,9,46,4,6,'Medium','Moderate  ','Moderate','Slow'
930,'ART77748  ',4,1,4,45,9,9,'Medium','Complex   ','Stable','Moderate'
931,'ART45762  ',9,7,7,86,6,4,'Low','Simple    ','Moderate','Rapid'
932,'ART32387  ',6,4,9,77,10,5,'Low','Simple    ','Stable','Slow'
933,'ART64798  ',5,5,1,17,3,2,'Low','Simple    ','Moderate','Slow'
934,'ART57406  ',10,8,5,74,8,3,'Low','Moderate  ','Moderate','Rapid'
935,'ART80652  ',5,4,1,82,10,3,'Medium','Moderate  ','Unstable','Rapid'
936,'ART93117  ',6,7,10,53,3,1,'High','Moderate  ','Unstable','Slow'
937,'ART54295  ',8,1,7,44,4,5,'Medium','Complex   ','Stable','Rapid'
938,'ART39698  ',4,4,7,43,2,8,'Low','Simple    ','Moderate','Slow'
939,'ART60882  ',2,3,10,60,5,2,'High','Simple    ','Moderate','Moderate'
940,'ART36144  ',8,7,2,72,4,4,'High','Simple    ','Moderate','Slow'
941,'ART17501  ',5,8,9,48,9,2,'Medium','Moderate  ','Moderate','Slow'
942,'ART57635  ',5,2,1,20,3,1,'Medium','Simple    ','Unstable','Slow'
943,'ART61392  ',1,10,3,33,3,5,'High','Complex   ','Moderate','Moderate'
944,'ART92779  ',6,3,5,68,2,1,'Medium','Simple    ','Moderate','Moderate'
945,'ART44024  ',5,3,1,44,1,6,'Low','Moderate  ','Moderate','Rapid'
946,'ART35090  ',7,2,3,57,3,6,'High','Simple    ','Stable','Rapid'
947,'ART58491  ',5,10,9,17,10,4,'Low','Simple    ','Stable','Rapid'
948,'ART72164  ',5,2,1,80,6,9,'High','Complex   ','Stable','Rapid'
949,'ART41569  ',7,8,6,37,8,2,'Low','Complex   ','Stable','Rapid'
950,'ART30989  ',6,5,1,48,8,6,'High','Complex   ','Stable','Moderate'
951,'ART70622  ',7,5,4,81,10,9,'Low','Moderate  ','Unstable','Slow'
