'ART54317  ','Culture Painting','Ming',943,'Stone','Good'
'ART54254  ','Poor Vase','Song',2179,'Textile','Fair'
'ART69978  ','Order Painting','Qing',366,'Bronze','Poor'
'ART50422  ','Inside Sculpture','Han',672,'Bronze','Poor'
'ART95251  ','Development Vase','Qing',2327,'Bronze','Critical'
'ART48028  ','Pm Sculpture','Tang',1658,'Jade','Good'
'ART69512  ','Partner Painting','Song',738,'Jade','Fair'
'ART44049  ','Tree Vase','Ming',527,'Wood','Critical'
'ART22173  ','Actually Painting','Qing',2817,'Wood','Critical'
'ART48053  ','Believe Manuscript','Han',324,'Jade','Critical'
'ART17157  ','Rule Manuscript','Tang',1901,'Bronze','Good'
'ART93578  ','Who Sculpture','Ming',752,'Textile','Critical'
'ART23875  ','Someone Textile','Ming',524,'Bronze','Excellent'
'ART23155  ','Thousand Manuscript','Han',1901,'Ceramic','Critical'
'ART87883  ','Court Textile','Qing',2917,'Textile','Critical'
'ART44432  ','Increase Vase','Ming',1645,'Jade','Poor'
'ART77091  ','Back Manuscript','Yuan',2072,'Jade','Excellent'
'ART30247  ','Move Manuscript','Ming',2931,'Bronze','Poor'
'ART54391  ','Animal Textile','Tang',2355,'Textile','Good'
'ART49538  ','Sign Sculpture','Yuan',2321,'Bronze','Poor'
'ART79242  ','Activity Textile','Han',1178,'Wood','Poor'
'ART23455  ','Employee Sculpture','Song',1049,'Ceramic','Fair'
'ART75266  ','Know Vase','Song',2535,'Ceramic','Fair'
'ART85937  ','According Vase','Qing',630,'Textile','Excellent'
'ART67347  ','Sit Textile','Yuan',1704,'Jade','Excellent'
'ART89393  ','Team Sculpture','Ming',2276,'Textile','Fair'
'ART45377  ','Threat Textile','Ming',160,'Ceramic','Excellent'
'ART70054  ','Field Sculpture','Song',2102,'Jade','Fair'
'ART64175  ','Religious Manuscript','Ming',1243,'Ceramic','Good'
'ART73040  ','Somebody Vase','Qing',501,'Paper','Poor'
'ART97169  ','White Vase','Ming',993,'Textile','Poor'
'ART27258  ','Beautiful Sculpture','Qing',424,'Paper','Fair'
'ART19807  ','Question Vase','Qing',1573,'Paper','Fair'
'ART56964  ','Mother Vase','Song',1194,'Jade','Critical'
'ART52327  ','Of Sculpture','Yuan',1267,'Jade','Excellent'
'ART95026  ','Yard Textile','Song',1269,'Bronze','Poor'
'ART75963  ','For Manuscript','Yuan',2734,'Paper','Fair'
'ART74018  ','House Painting','Qing',2740,'Bronze','Good'
'ART33769  ','Response Sculpture','Yuan',2849,'Paper','Excellent'
'ART49793  ','Arrive Sculpture','Han',2182,'Wood','Fair'
'ART84247  ','So Sculpture','Ming',2717,'Jade','Poor'
'ART35668  ','Finish Textile','Tang',2150,'Wood','Good'
'ART55333  ','Boy Vase','Yuan',1384,'Textile','Critical'
'ART78189  ','Member Vase','Ming',2280,'Textile','Fair'
'ART98570  ','Son Sculpture','Qing',1328,'Bronze','Excellent'
'ART86437  ','List Vase','Qing',530,'Jade','Critical'
'ART77193  ','Page Vase','Ming',224,'Stone','Good'
'ART11997  ','Political Textile','Tang',691,'Ceramic','Fair'
'ART71036  ','Start Textile','Tang',679,'Jade','Excellent'
'ART74448  ','Entire Painting','Tang',1468,'Wood','Fair'
'ART16032  ','Act Painting','Yuan',694,'Ceramic','Critical'
'ART75678  ','Practice Manuscript','Ming',1489,'Stone','Poor'
'ART62574  ','Choice Painting','Ming',972,'Ceramic','Good'
'ART74715  ','Say Vase','Han',2990,'Paper','Poor'
'ART15630  ','Return Painting','Tang',199,'Jade','Excellent'
'ART71177  ','Force Manuscript','Song',1783,'Ceramic','Good'
'ART34027  ','Beat Sculpture','Yuan',2718,'Textile','Excellent'
'ART66667  ','Senior Manuscript','Ming',1046,'Bronze','Poor'
'ART32567  ','Professor Vase','Tang',116,'Jade','Excellent'
'ART32207  ','Meeting Manuscript','Ming',1295,'Ceramic','Excellent'
'ART89880  ','Effect Manuscript','Han',1429,'Wood','Fair'
'ART41900  ','Small Manuscript','Han',1730,'Paper','Good'
'ART51066  ','Race Manuscript','Ming',249,'Ceramic','Good'
'ART96778  ','Cultural Sculpture','Tang',2661,'Paper','Good'
'ART14428  ','Treat Textile','Yuan',1439,'Stone','Excellent'
'ART24037  ','Goal Sculpture','Han',440,'Bronze','Fair'
'ART56119  ','Federal Textile','Han',2945,'Ceramic','Excellent'
'ART20918  ','Project Sculpture','Qing',1587,'Jade','Excellent'
'ART72699  ','Do Textile','Yuan',1851,'Stone','Fair'
'ART71203  ','Use Vase','Han',2510,'Wood','Critical'
'ART57819  ','Ok Sculpture','Yuan',2338,'Jade','Critical'
'ART99720  ','Street Textile','Yuan',489,'Paper','Excellent'
'ART53791  ','Me Manuscript','Tang',1850,'Stone','Good'
'ART64791  ','Another Painting','Qing',788,'Textile','Good'
'ART63153  ','Itself Sculpture','Qing',2737,'Jade','Critical'
'ART99599  ','Of Painting','Qing',1401,'Ceramic','Fair'
'ART92270  ','Answer Textile','Tang',859,'Stone','Fair'
'ART59106  ','Medical Sculpture','Ming',2076,'Stone','Fair'
'ART64367  ','Quality Painting','Song',539,'Jade','Fair'
'ART29176  ','Fund Vase','Qing',2109,'Textile','Good'
'ART66971  ','Eye Sculpture','Qing',718,'Bronze','Poor'
'ART18099  ','Image Sculpture','Tang',284,'Textile','Good'
'ART25088  ','Recent Painting','Qing',1251,'Wood','Critical'
'ART69692  ','Work Sculpture','Tang',803,'Wood','Critical'
'ART51762  ','Father Painting','Tang',2436,'Jade','Good'
'ART47896  ','Chair Manuscript','Song',1704,'Wood','Poor'
'ART13944  ','Something Sculpture','Ming',634,'Stone','Good'
'ART45648  ','Dream Painting','Song',1719,'Textile','Excellent'
'ART69396  ','Spend Painting','Yuan',714,'Stone','Good'
'ART45572  ','Go Sculpture','Tang',1228,'Bronze','Poor'
'ART94538  ','Onto Painting','Han',2089,'Stone','Good'
'ART14093  ','Father Textile','Song',100,'Ceramic','Excellent'
'ART31333  ','Value Manuscript','Yuan',634,'Bronze','Good'
'ART44866  ','Doctor Manuscript','Tang',1352,'Wood','Good'
'ART22236  ','Fly Vase','Qing',2725,'Wood','Fair'
'ART24363  ','Name Manuscript','Tang',427,'Jade','Poor'
'ART12970  ','Level Sculpture','Qing',2579,'Bronze','Critical'
'ART86696  ','Person Sculpture','Song',2005,'Textile','Poor'
'ART54193  ','Office Painting','Qing',2096,'Jade','Poor'
'ART49076  ','Structure Textile','Qing',2888,'Stone','Critical'
'ART43209  ','Light Sculpture','Ming',1279,'Wood','Fair'
'ART34850  ','Happen Sculpture','Qing',2798,'Textile','Fair'
'ART41552  ','Both Painting','Ming',1893,'Wood','Good'
'ART19184  ','Poor Painting','Song',1033,'Paper','Fair'
'ART61296  ','Threat Textile','Qing',1436,'Ceramic','Good'
'ART10877  ','Some Textile','Song',464,'Ceramic','Poor'
'ART20549  ','Generation Vase','Song',2321,'Paper','Excellent'
'ART98976  ','Impact Manuscript','Ming',2085,'Textile','Poor'
'ART23101  ','Thing Sculpture','Tang',2533,'Wood','Poor'
'ART35857  ','Whose Painting','Tang',981,'Paper','Excellent'
'ART32997  ','Size Vase','Tang',821,'Stone','Excellent'
'ART15992  ','Agreement Sculpture','Qing',509,'Textile','Poor'
'ART16961  ','These Vase','Tang',2425,'Paper','Excellent'
'ART85062  ','Lose Textile','Qing',1146,'Ceramic','Fair'
'ART48891  ','Soldier Sculpture','Ming',2115,'Stone','Critical'
'ART19391  ','Among Textile','Ming',2597,'Bronze','Fair'
'ART45353  ','Body Sculpture','Song',1117,'Paper','Fair'
'ART62822  ','Blue Painting','Yuan',2805,'Stone','Fair'
'ART32952  ','Eat Manuscript','Tang',245,'Paper','Fair'
'ART75762  ','Special Sculpture','Song',2887,'Jade','Excellent'
'ART68475  ','Home Textile','Yuan',2044,'Bronze','Critical'
'ART52132  ','Political Sculpture','Yuan',1950,'Paper','Good'
'ART94790  ','Child Vase','Song',1296,'Textile','Excellent'
'ART61992  ','Girl Vase','Qing',2216,'Paper','Poor'
'ART17018  ','Least Textile','Song',916,'Wood','Critical'
'ART28471  ','Way Painting','Yuan',1251,'Wood','Fair'
'ART33180  ','Notice Textile','Song',2676,'Ceramic','Poor'
'ART11692  ','Blood Painting','Qing',2851,'Wood','Good'
'ART89295  ','Happy Textile','Tang',909,'Textile','Fair'
'ART18814  ','Morning Vase','Song',2568,'Textile','Good'
'ART51143  ','Assume Textile','Ming',2901,'Wood','Poor'
'ART99610  ','Force Painting','Tang',345,'Jade','Fair'
'ART16937  ','Range Textile','Ming',2073,'Paper','Critical'
'ART51120  ','Attention Textile','Han',2762,'Bronze','Fair'
'ART65334  ','Somebody Painting','Yuan',2856,'Textile','Critical'
'ART70347  ','Total Sculpture','Qing',1824,'Jade','Excellent'
'ART33322  ','Debate Manuscript','Yuan',1093,'Textile','Poor'
'ART36172  ','End Painting','Song',1514,'Paper','Fair'
'ART65274  ','Politics Textile','Tang',392,'Wood','Good'
'ART19319  ','Later Manuscript','Ming',1228,'Jade','Poor'
'ART73961  ','Help Painting','Ming',2782,'Textile','Poor'
'ART81270  ','Weight Sculpture','Han',1817,'Stone','Excellent'
'ART35714  ','Factor Manuscript','Yuan',538,'Ceramic','Fair'
'ART82822  ','Bit Painting','Tang',1887,'Paper','Poor'
'ART60318  ','Different Sculpture','Ming',1496,'Bronze','Good'
'ART30431  ','Member Painting','Han',924,'Bronze','Critical'
'ART25584  ','Simply Painting','Song',379,'Ceramic','Good'
'ART89376  ','Attention Manuscript','Ming',2174,'Textile','Critical'
'ART21113  ','Likely Vase','Ming',792,'Ceramic','Poor'
'ART97628  ','Movement Painting','Ming',295,'Bronze','Fair'
'ART30341  ','Career Sculpture','Yuan',2999,'Bronze','Critical'
'ART20790  ','Place Sculpture','Qing',954,'Stone','Poor'
'ART18418  ','Glass Sculpture','Ming',1853,'Jade','Critical'
'ART54038  ','Truth Manuscript','Yuan',1479,'Textile','Critical'
'ART97133  ','Tonight Painting','Han',2317,'Jade','Fair'
'ART52809  ','Drop Painting','Qing',928,'Wood','Poor'
'ART75086  ','Wind Painting','Yuan',1631,'Paper','Poor'
'ART33042  ','Yard Manuscript','Han',368,'Stone','Fair'
'ART10016  ','Thought Textile','Yuan',1266,'Stone','Good'
'ART49884  ','Share Painting','Yuan',259,'Paper','Poor'
'ART66947  ','Way Vase','Tang',2476,'Paper','Good'
'ART87110  ','Investment Sculpture','Ming',747,'Wood','Poor'
'ART16170  ','Turn Manuscript','Ming',2899,'Paper','Poor'
'ART89792  ','Fish Painting','Ming',2054,'Bronze','Poor'
'ART92254  ','Respond Painting','Tang',2125,'Textile','Critical'
'ART27324  ','Behavior Vase','Yuan',2281,'Wood','Fair'
'ART42898  ','Whether Painting','Tang',1709,'Paper','Excellent'
'ART67567  ','Agency Manuscript','Han',2352,'Ceramic','Fair'
'ART70811  ','College Textile','Song',1611,'Paper','Poor'
'ART12836  ','Option Manuscript','Qing',2760,'Bronze','Excellent'
'ART99181  ','Cover Sculpture','Yuan',2512,'Jade','Fair'
'ART50461  ','Wrong Vase','Yuan',678,'Paper','Critical'
'ART87783  ','Author Painting','Qing',1573,'Ceramic','Good'
'ART80978  ','Nature Textile','Qing',321,'Paper','Excellent'
'ART23004  ','Investment Sculpture','Yuan',920,'Bronze','Fair'
'ART98449  ','Create Sculpture','Song',1207,'Bronze','Excellent'
'ART25084  ','Me Vase','Han',304,'Wood','Critical'
'ART13491  ','Budget Vase','Han',2948,'Ceramic','Poor'
'ART24745  ','Full Manuscript','Qing',1835,'Ceramic','Fair'
'ART65719  ','Realize Vase','Song',2303,'Ceramic','Good'
'ART91309  ','Score Manuscript','Han',2513,'Bronze','Good'
'ART53019  ','Simple Vase','Tang',883,'Bronze','Critical'
'ART14403  ','Lose Manuscript','Tang',394,'Stone','Good'
'ART38276  ','Bill Manuscript','Song',2419,'Paper','Fair'
'ART42404  ','Man Painting','Song',2859,'Wood','Excellent'
'ART83629  ','Decade Manuscript','Tang',2493,'Wood','Good'
'ART13974  ','Daughter Vase','Yuan',2014,'Wood','Good'
'ART88917  ','Training Sculpture','Han',2163,'Stone','Critical'
'ART41493  ','Whatever Manuscript','Tang',1925,'Wood','Critical'
'ART69240  ','Between Vase','Yuan',1116,'Stone','Excellent'
'ART49914  ','Best Sculpture','Song',1080,'Paper','Fair'
'ART80033  ','Subject Painting','Song',1770,'Wood','Fair'
'ART94972  ','First Manuscript','Qing',325,'Paper','Good'
'ART72194  ','Military Textile','Yuan',1624,'Bronze','Critical'
'ART84114  ','Save Vase','Song',1189,'Jade','Good'
'ART45437  ','Space Painting','Tang',2127,'Jade','Excellent'
'ART31758  ','Interview Manuscript','Han',2412,'Jade','Good'
'ART83252  ','Since Painting','Yuan',177,'Wood','Excellent'
'ART67613  ','Language Painting','Han',1865,'Textile','Good'
'ART27147  ','Friend Textile','Yuan',1471,'Bronze','Critical'
'ART60258  ','Two Manuscript','Song',2320,'Wood','Poor'
'ART50323  ','Stop Vase','Yuan',1258,'Stone','Good'
'ART74964  ','Blood Manuscript','Tang',1223,'Jade','Good'
'ART13446  ','Actually Textile','Han',1286,'Jade','Fair'
'ART71021  ','Special Sculpture','Tang',2216,'Stone','Fair'
'ART32811  ','Make Manuscript','Yuan',232,'Ceramic','Excellent'
'ART71301  ','Lay Painting','Yuan',2914,'Stone','Critical'
'ART12707  ','Specific Textile','Yuan',2116,'Bronze','Fair'
'ART37297  ','Officer Textile','Ming',973,'Bronze','Excellent'
'ART73892  ','A Sculpture','Tang',2853,'Stone','Excellent'
'ART50269  ','Protect Vase','Qing',2452,'Jade','Excellent'
'ART86574  ','Movement Vase','Tang',1918,'Paper','Fair'
'ART94976  ','Last Textile','Qing',102,'Ceramic','Good'
'ART11696  ','Everything Manuscript','Han',1695,'Paper','Poor'
'ART82931  ','Professor Sculpture','Han',2537,'Textile','Good'
'ART80111  ','Economic Sculpture','Ming',1213,'Jade','Fair'
'ART40717  ','Thousand Manuscript','Song',1225,'Paper','Poor'
'ART87584  ','Able Vase','Song',2369,'Wood','Poor'
'ART74379  ','College Textile','Qing',1755,'Wood','Good'
'ART42099  ','By Painting','Han',2648,'Paper','Excellent'
'ART95273  ','Debate Vase','Ming',1123,'Textile','Excellent'
'ART30207  ','Yard Sculpture','Ming',2629,'Bronze','Excellent'
'ART58660  ','Health Painting','Ming',2909,'Textile','Excellent'
'ART32258  ','Manager Textile','Tang',1665,'Wood','Critical'
'ART13670  ','Sport Vase','Tang',1226,'Bronze','Excellent'
'ART44828  ','Ok Painting','Ming',2436,'Ceramic','Critical'
'ART27188  ','Join Textile','Yuan',634,'Wood','Excellent'
'ART43891  ','Choose Textile','Yuan',587,'Bronze','Critical'
'ART76964  ','Rest Textile','Tang',2559,'Stone','Excellent'
'ART24532  ','Discuss Painting','Ming',874,'Jade','Poor'
'ART55249  ','Learn Textile','Tang',2661,'Jade','Fair'
'ART24931  ','Beautiful Sculpture','Yuan',1258,'Wood','Fair'
'ART73597  ','Toward Vase','Ming',1882,'Wood','Poor'
'ART45358  ','Child Manuscript','Yuan',1140,'Paper','Poor'
'ART71982  ','Join Painting','Tang',123,'Bronze','Critical'
'ART71172  ','Everyone Painting','Yuan',1497,'Jade','Good'
'ART55873  ','Energy Vase','Qing',2838,'Wood','Poor'
'ART38073  ','Bad Manuscript','Ming',1806,'Stone','Good'
'ART51883  ','Employee Manuscript','Tang',345,'Bronze','Fair'
'ART17559  ','Possible Sculpture','Qing',567,'Wood','Fair'
'ART15309  ','Before Painting','Ming',619,'Ceramic','Poor'
'ART39560  ','Thank Vase','Tang',568,'Wood','Fair'
'ART90960  ','Left Painting','Qing',1024,'Ceramic','Critical'
'ART63740  ','Eye Painting','Han',2669,'Stone','Poor'
'ART86498  ','Consumer Vase','Tang',2415,'Bronze','Fair'
'ART98285  ','Give Manuscript','Yuan',1321,'Jade','Excellent'
'ART43152  ','Provide Vase','Qing',239,'Stone','Good'
'ART17254  ','Low Manuscript','Qing',2549,'Jade','Excellent'
'ART22444  ','Their Manuscript','Qing',2581,'Wood','Critical'
'ART78343  ','Minute Painting','Yuan',1740,'Ceramic','Good'
'ART90427  ','Road Vase','Song',615,'Ceramic','Good'
'ART98320  ','Woman Manuscript','Song',1517,'Textile','Poor'
'ART41917  ','Main Vase','Tang',2025,'Paper','Poor'
'ART79729  ','Family Sculpture','Song',1708,'Paper','Excellent'
'ART15822  ','Technology Manuscript','Tang',2931,'Stone','Excellent'
'ART74169  ','None Painting','Han',2841,'Wood','Poor'
'ART43645  ','Drop Manuscript','Han',695,'Stone','Critical'
'ART60637  ','Look Painting','Han',1690,'Stone','Excellent'
'ART91265  ','Write Vase','Qing',1798,'Paper','Critical'
'ART13864  ','Situation Textile','Tang',786,'Bronze','Good'
'ART25931  ','Everyone Textile','Qing',240,'Wood','Fair'
'ART93236  ','Add Manuscript','Ming',361,'Ceramic','Excellent'
'ART99384  ','Network Vase','Tang',2408,'Wood','Excellent'
'ART53116  ','Ahead Painting','Ming',1557,'Bronze','Critical'
'ART85703  ','Trouble Textile','Tang',410,'Wood','Excellent'
'ART12943  ','Religious Painting','Han',1605,'Wood','Critical'
'ART78887  ','Strategy Sculpture','Tang',1262,'Textile','Critical'
'ART30190  ','Today Textile','Yuan',2461,'Stone','Critical'
'ART38721  ','Bit Sculpture','Song',2898,'Textile','Good'
'ART30217  ','Standard Textile','Yuan',2865,'Paper','Good'
'ART47243  ','Heavy Vase','Song',324,'Stone','Good'
'ART83882  ','Ball Sculpture','Ming',2627,'Paper','Critical'
'ART77801  ','Democrat Sculpture','Yuan',1956,'Paper','Good'
'ART45260  ','Camera Manuscript','Song',596,'Paper','Fair'
'ART73910  ','This Painting','Yuan',2000,'Paper','Poor'
'ART47531  ','Hear Vase','Yuan',946,'Paper','Poor'
'ART73091  ','Stage Vase','Tang',2075,'Jade','Good'
'ART45554  ','Audience Vase','Han',1438,'Textile','Fair'
'ART50718  ','Third Manuscript','Qing',296,'Stone','Excellent'
'ART47788  ','Try Sculpture','Ming',2887,'Bronze','Poor'
'ART37928  ','Serious Painting','Yuan',1704,'Textile','Excellent'
'ART38978  ','Lose Vase','Qing',628,'Ceramic','Poor'
'ART69605  ','Weight Manuscript','Song',1585,'Stone','Poor'
'ART31121  ','Us Sculpture','Song',1261,'Jade','Good'
'ART59264  ','Work Vase','Qing',2540,'Jade','Good'
'ART97827  ','Friend Textile','Song',2221,'Paper','Good'
'ART64402  ','Air Textile','Ming',541,'Bronze','Critical'
'ART15493  ','Between Painting','Qing',1969,'Paper','Poor'
'ART68755  ','Knowledge Vase','Han',438,'Ceramic','Excellent'
'ART28417  ','Fund Manuscript','Ming',1466,'Bronze','Poor'
'ART42781  ','Discuss Vase','Song',1313,'Bronze','Poor'
'ART66169  ','Him Painting','Song',654,'Jade','Fair'
'ART96280  ','Do Vase','Qing',2306,'Paper','Excellent'
'ART97495  ','Become Sculpture','Ming',810,'Wood','Fair'
'ART24396  ','Though Sculpture','Han',1700,'Textile','Poor'
'ART25032  ','Opportunity Textile','Yuan',2240,'Wood','Excellent'
'ART62961  ','Total Sculpture','Tang',2206,'Textile','Fair'
'ART77111  ','Produce Vase','Tang',639,'Ceramic','Poor'
'ART49476  ','Wife Painting','Han',2816,'Paper','Excellent'
'ART99394  ','Clear Manuscript','Han',876,'Textile','Excellent'
'ART50006  ','Stay Sculpture','Ming',2002,'Stone','Excellent'
'ART18330  ','Pay Sculpture','Tang',1049,'Paper','Poor'
'ART65641  ','Case Painting','Han',255,'Stone','Poor'
'ART85565  ','Security Painting','Han',376,'Stone','Good'
'ART90714  ','Affect Sculpture','Yuan',1639,'Ceramic','Excellent'
'ART14535  ','Source Sculpture','Qing',945,'Bronze','Fair'
'ART47326  ','Manage Vase','Yuan',734,'Textile','Poor'
'ART83116  ','Million Sculpture','Ming',2519,'Bronze','Fair'
'ART37946  ','Remain Vase','Tang',2902,'Paper','Excellent'
'ART18394  ','Evidence Textile','Song',223,'Textile','Fair'
'ART43678  ','With Painting','Qing',1837,'Wood','Good'
'ART93347  ','Right Painting','Yuan',2947,'Paper','Poor'
'ART54065  ','Protect Vase','Yuan',186,'Paper','Good'
'ART23045  ','Senior Painting','Song',952,'Wood','Good'
'ART44354  ','Accept Sculpture','Ming',1465,'Paper','Excellent'
'ART72253  ','Myself Sculpture','Song',1888,'Paper','Critical'
'ART10868  ','Thus Textile','Han',2033,'Bronze','Excellent'
'ART42503  ','Dream Sculpture','Tang',1174,'Paper','Poor'
'ART32176  ','Firm Painting','Yuan',1583,'Bronze','Fair'
'ART64633  ','Us Manuscript','Tang',1141,'Jade','Excellent'
'ART87910  ','Change Painting','Ming',243,'Paper','Fair'
'ART62028  ','Mission Vase','Qing',1986,'Ceramic','Good'
'ART75371  ','Also Vase','Tang',1944,'Wood','Poor'
'ART47766  ','Because Painting','Ming',668,'Textile','Fair'
'ART52069  ','Seek Painting','Qing',862,'Jade','Fair'
'ART57217  ','West Textile','Han',2033,'Jade','Excellent'
'ART67931  ','Miss Vase','Yuan',1007,'Wood','Excellent'
'ART93455  ','Two Sculpture','Tang',2230,'Stone','Good'
'ART89006  ','Kind Sculpture','Han',2726,'Textile','Fair'
'ART33345  ','Tough Vase','Ming',627,'Textile','Fair'
'ART22032  ','Purpose Painting','Song',2130,'Bronze','Fair'
'ART66995  ','Environmental Painting','Song',1145,'Textile','Fair'
'ART54879  ','Spring Sculpture','Tang',237,'Stone','Excellent'
'ART99458  ','American Textile','Ming',2812,'Jade','Good'
'ART18632  ','Result Vase','Qing',1905,'Textile','Good'
'ART16702  ','Enter Painting','Qing',2010,'Wood','Critical'
'ART10454  ','Fight Manuscript','Ming',1467,'Paper','Critical'
'ART57763  ','Own Vase','Qing',2650,'Textile','Critical'
'ART88421  ','Serve Manuscript','Yuan',2898,'Jade','Fair'
'ART89757  ','Certainly Vase','Han',2025,'Stone','Fair'
'ART92972  ','Agent Textile','Qing',1604,'Jade','Poor'
'ART60139  ','Hotel Vase','Yuan',712,'Wood','Critical'
'ART11238  ','Walk Vase','Tang',1914,'Ceramic','Excellent'
'ART10101  ','Direction Painting','Song',2578,'Textile','Good'
'ART31106  ','Method Vase','Qing',1579,'Jade','Fair'
'ART93115  ','Suffer Sculpture','Tang',686,'Wood','Good'
'ART24723  ','Nor Painting','Qing',452,'Stone','Excellent'
'ART59972  ','Set Vase','Tang',2218,'Ceramic','Fair'
'ART45346  ','Anything Textile','Han',2267,'Bronze','Poor'
'ART98793  ','Treatment Manuscript','Song',271,'Paper','Fair'
'ART69266  ','Edge Vase','Han',2962,'Stone','Poor'
'ART20924  ','Blood Manuscript','Yuan',799,'Bronze','Excellent'
'ART70901  ','Finally Painting','Song',1067,'Stone','Critical'
'ART20155  ','About Textile','Yuan',302,'Ceramic','Good'
'ART41568  ','Player Textile','Ming',947,'Ceramic','Critical'
'ART21920  ','Stage Painting','Tang',619,'Stone','Critical'
'ART83067  ','Cost Vase','Han',2534,'Bronze','Excellent'
'ART84330  ','Seem Sculpture','Ming',2334,'Wood','Critical'
'ART69450  ','Leg Manuscript','Qing',140,'Ceramic','Fair'
'ART46628  ','Close Textile','Ming',612,'Stone','Poor'
'ART66581  ','Blood Textile','Yuan',1762,'Textile','Fair'
'ART86761  ','Personal Painting','Yuan',521,'Wood','Excellent'
'ART22545  ','Tonight Painting','Qing',940,'Bronze','Excellent'
'ART76062  ','Prepare Textile','Song',1112,'Paper','Critical'
'ART93962  ','Practice Vase','Han',2665,'Bronze','Poor'
'ART30978  ','Prepare Painting','Ming',837,'Textile','Fair'
'ART28359  ','Theory Textile','Song',1040,'Jade','Poor'
'ART53309  ','Important Textile','Qing',852,'Wood','Fair'
'ART50684  ','Score Manuscript','Han',841,'Paper','Excellent'
'ART98005  ','Area Textile','Yuan',1753,'Ceramic','Good'
'ART96062  ','Information Manuscript','Qing',2108,'Bronze','Critical'
'ART43108  ','Ok Textile','Han',1814,'Stone','Excellent'
'ART73568  ','Available Sculpture','Han',2674,'Bronze','Excellent'
'ART31268  ','Station Manuscript','Han',638,'Jade','Fair'
'ART88648  ','That Manuscript','Qing',294,'Wood','Excellent'
'ART55795  ','Firm Textile','Tang',340,'Wood','Poor'
'ART70354  ','Hear Sculpture','Tang',241,'Wood','Critical'
'ART51915  ','Material Painting','Tang',242,'Ceramic','Fair'
'ART85171  ','Water Vase','Ming',229,'Wood','Good'
'ART42439  ','Scene Sculpture','Song',858,'Jade','Excellent'
'ART26707  ','In Sculpture','Yuan',2746,'Ceramic','Fair'
'ART63520  ','Point Manuscript','Song',2398,'Bronze','Good'
'ART80110  ','Social Manuscript','Yuan',979,'Paper','Poor'
'ART53554  ','Peace Painting','Qing',2584,'Jade','Critical'
'ART55648  ','Anything Vase','Tang',1729,'Jade','Critical'
'ART47609  ','You Painting','Tang',2469,'Paper','Good'
'ART77482  ','Care Manuscript','Song',489,'Jade','Critical'
'ART48269  ','Conference Painting','Tang',754,'Wood','Fair'
'ART46875  ','Set Sculpture','Yuan',401,'Paper','Excellent'
'ART63518  ','Attack Textile','Song',1752,'Ceramic','Poor'
'ART70034  ','Support Painting','Yuan',2234,'Jade','Critical'
'ART28711  ','Population Sculpture','Ming',883,'Wood','Good'
'ART48999  ','Serve Manuscript','Yuan',1417,'Ceramic','Good'
'ART28231  ','Son Sculpture','Ming',929,'Jade','Critical'
'ART53235  ','Argue Painting','Tang',1587,'Bronze','Fair'
'ART68953  ','Some Sculpture','Tang',1920,'Paper','Excellent'
'ART47293  ','Strong Painting','Ming',1768,'Wood','Good'
'ART65248  ','Walk Painting','Tang',1843,'Paper','Critical'
'ART31256  ','Increase Sculpture','Ming',251,'Paper','Critical'
'ART78039  ','Evidence Vase','Tang',1426,'Bronze','Fair'
'ART30501  ','Choose Painting','Yuan',2654,'Paper','Fair'
'ART42435  ','High Sculpture','Tang',2185,'Textile','Critical'
'ART81325  ','Site Textile','Ming',1102,'Ceramic','Fair'
'ART57335  ','Quality Textile','Song',618,'Stone','Poor'
'ART98663  ','Score Textile','Qing',2550,'Ceramic','Fair'
'ART16086  ','Development Painting','Han',1178,'Stone','Good'
'ART33827  ','Box Vase','Qing',992,'Stone','Critical'
'ART45622  ','Single Textile','Qing',1715,'Stone','Poor'
'ART30160  ','Unit Vase','Qing',2270,'Stone','Good'
'ART51359  ','Simple Textile','Song',1799,'Jade','Critical'
'ART64648  ','Man Manuscript','Song',261,'Stone','Good'
'ART74477  ','Success Manuscript','Song',483,'Stone','Good'
'ART97528  ','Food Manuscript','Yuan',311,'Ceramic','Good'
'ART17969  ','International Sculpture','Yuan',1740,'Textile','Critical'
'ART92812  ','Nothing Sculpture','Han',2410,'Ceramic','Excellent'
'ART83654  ','Agreement Manuscript','Tang',182,'Stone','Critical'
'ART39222  ','Traditional Sculpture','Qing',1476,'Bronze','Excellent'
'ART83109  ','Outside Manuscript','Qing',1962,'Jade','Good'
'ART99476  ','Soon Painting','Song',1439,'Bronze','Fair'
'ART91545  ','I Painting','Ming',1072,'Jade','Critical'
'ART18956  ','Test Textile','Qing',2059,'Paper','Critical'
'ART84236  ','Food Manuscript','Qing',2580,'Bronze','Poor'
'ART41693  ','More Sculpture','Song',1398,'Ceramic','Excellent'
'ART85466  ','Key Manuscript','Qing',2266,'Textile','Fair'
'ART51626  ','Bed Manuscript','Ming',1309,'Bronze','Critical'
'ART26984  ','Black Textile','Yuan',318,'Stone','Fair'
'ART90499  ','Involve Manuscript','Song',2690,'Jade','Poor'
'ART84173  ','Reach Manuscript','Ming',426,'Stone','Critical'
'ART18753  ','Third Textile','Ming',733,'Textile','Critical'
'ART49676  ','She Sculpture','Tang',2342,'Stone','Critical'
'ART10796  ','Trouble Painting','Tang',2621,'Bronze','Good'
'ART30608  ','Include Sculpture','Qing',347,'Paper','Good'
'ART21993  ','Cold Vase','Yuan',1133,'Ceramic','Excellent'
'ART30022  ','Movement Manuscript','Yuan',629,'Bronze','Poor'
'ART89862  ','Traditional Manuscript','Song',1631,'Stone','Poor'
'ART18141  ','History Painting','Yuan',2385,'Ceramic','Excellent'
'ART40431  ','Term Painting','Yuan',711,'Wood','Poor'
'ART63009  ','Exist Painting','Yuan',1748,'Wood','Fair'
'ART10304  ','Future Vase','Qing',1689,'Stone','Excellent'
'ART94825  ','Pm Textile','Yuan',1511,'Textile','Excellent'
'ART27503  ','Agent Sculpture','Han',2399,'Textile','Excellent'
'ART96200  ','Federal Textile','Song',556,'Jade','Fair'
'ART39644  ','Pay Sculpture','Tang',2609,'Ceramic','Excellent'
'ART18636  ','Popular Vase','Tang',352,'Jade','Excellent'
'ART14626  ','Talk Painting','Han',979,'Bronze','Critical'
'ART33648  ','Reason Painting','Yuan',2607,'Textile','Excellent'
'ART35180  ','Animal Sculpture','Han',2406,'Ceramic','Critical'
'ART79108  ','Major Sculpture','Tang',2281,'Textile','Poor'
'ART18962  ','Heavy Vase','Qing',1333,'Wood','Good'
'ART67877  ','Others Vase','Qing',800,'Bronze','Excellent'
'ART98899  ','Into Sculpture','Yuan',1510,'Ceramic','Excellent'
'ART30806  ','Wind Painting','Yuan',2573,'Paper','Fair'
'ART33858  ','Each Sculpture','Song',2790,'Ceramic','Excellent'
'ART56129  ','Property Manuscript','Song',1793,'Textile','Fair'
'ART65842  ','Poor Manuscript','Han',516,'Wood','Poor'
'ART64392  ','Mrs Textile','Yuan',1665,'Textile','Fair'
'ART69688  ','Detail Textile','Han',542,'Ceramic','Good'
'ART90318  ','Knowledge Textile','Tang',500,'Stone','Excellent'
'ART16908  ','Painting Manuscript','Tang',131,'Bronze','Excellent'
'ART23964  ','Important Painting','Ming',2241,'Stone','Excellent'
'ART12752  ','Drug Painting','Han',699,'Bronze','Poor'
'ART89697  ','A Textile','Tang',301,'Jade','Critical'
'ART96889  ','Issue Sculpture','Ming',1860,'Jade','Good'
'ART78750  ','Center Textile','Qing',1226,'Stone','Fair'
'ART49649  ','That Vase','Tang',1374,'Ceramic','Poor'
'ART28121  ','Per Vase','Ming',2576,'Wood','Good'
'ART86824  ','Speak Manuscript','Ming',1361,'Textile','Critical'
'ART35822  ','Special Textile','Song',2722,'Paper','Poor'
'ART27053  ','Law Manuscript','Ming',776,'Jade','Fair'
'ART28234  ','Drive Textile','Han',646,'Jade','Poor'
'ART34427  ','Occur Textile','Song',355,'Textile','Poor'
'ART36419  ','Trip Manuscript','Qing',2457,'Stone','Fair'
'ART88575  ','Key Manuscript','Ming',359,'Wood','Critical'
'ART38532  ','West Textile','Qing',857,'Bronze','Good'
'ART34715  ','Mother Painting','Han',229,'Textile','Good'
'ART32179  ','Program Textile','Yuan',809,'Jade','Fair'
'ART34896  ','Quickly Painting','Qing',1525,'Ceramic','Excellent'
'ART68034  ','Generation Vase','Han',1874,'Jade','Poor'
'ART88300  ','Identify Painting','Tang',2685,'Ceramic','Excellent'
'ART22526  ','Type Manuscript','Yuan',1971,'Jade','Poor'
'ART42855  ','Discussion Sculpture','Han',683,'Paper','Fair'
'ART76570  ','Number Textile','Ming',2006,'Wood','Excellent'
'ART86703  ','Plan Textile','Qing',2668,'Paper','Excellent'
'ART63970  ','Present Painting','Han',100,'Paper','Fair'
'ART97160  ','Happy Sculpture','Tang',1579,'Textile','Excellent'
'ART98229  ','Public Vase','Yuan',2416,'Paper','Excellent'
'ART72536  ','Perhaps Painting','Yuan',1356,'Wood','Poor'
'ART53266  ','Change Vase','Han',2692,'Textile','Critical'
'ART83161  ','Believe Textile','Han',2545,'Textile','Good'
'ART57961  ','His Textile','Tang',875,'Wood','Fair'
'ART92624  ','Adult Sculpture','Han',1753,'Jade','Critical'
'ART23896  ','Draw Painting','Tang',1400,'Ceramic','Fair'
'ART68160  ','Establish Manuscript','Ming',2200,'Paper','Good'
'ART58497  ','Society Sculpture','Tang',1503,'Textile','Good'
'ART64922  ','Market Textile','Tang',1038,'Jade','Poor'
'ART12066  ','Bill Textile','Qing',2303,'Stone','Poor'
'ART65335  ','Personal Painting','Song',2486,'Jade','Poor'
'ART68662  ','Thus Vase','Song',2703,'Textile','Poor'
'ART26247  ','Material Vase','Song',940,'Ceramic','Poor'
'ART22192  ','Reality Vase','Han',1670,'Bronze','Fair'
'ART20287  ','She Textile','Yuan',1472,'Wood','Poor'
'ART52858  ','Ask Sculpture','Qing',1305,'Paper','Poor'
'ART98823  ','Feel Manuscript','Tang',923,'Paper','Excellent'
'ART96951  ','Third Manuscript','Tang',1856,'Bronze','Good'
'ART72358  ','Record Painting','Tang',196,'Paper','Critical'
'ART55698  ','Gun Vase','Han',434,'Wood','Poor'
'ART87575  ','Know Textile','Yuan',1184,'Stone','Poor'
'ART43650  ','Common Textile','Song',1786,'Wood','Fair'
'ART86220  ','Off Sculpture','Yuan',624,'Bronze','Fair'
'ART96639  ','Cold Manuscript','Qing',1262,'Paper','Poor'
'ART47357  ','Real Textile','Han',1270,'Wood','Critical'
'ART45746  ','Prevent Manuscript','Yuan',966,'Textile','Excellent'
'ART45740  ','Capital Textile','Yuan',2085,'Bronze','Critical'
'ART88876  ','New Painting','Tang',252,'Wood','Poor'
'ART87418  ','Investment Textile','Ming',901,'Bronze','Good'
'ART97635  ','Cold Textile','Song',2904,'Jade','Fair'
'ART25292  ','As Manuscript','Han',633,'Stone','Excellent'
'ART51076  ','World Vase','Tang',2367,'Jade','Fair'
'ART32220  ','Social Sculpture','Tang',796,'Wood','Critical'
'ART76047  ','Rule Sculpture','Ming',2184,'Bronze','Good'
'ART90178  ','Not Vase','Ming',1213,'Textile','Excellent'
'ART29967  ','Forward Textile','Ming',806,'Stone','Poor'
'ART58041  ','Prepare Manuscript','Ming',2162,'Jade','Excellent'
'ART64972  ','Agree Textile','Yuan',878,'Ceramic','Excellent'
'ART56415  ','Might Painting','Song',351,'Ceramic','Critical'
'ART45509  ','Reflect Textile','Yuan',1153,'Bronze','Critical'
'ART62693  ','Way Vase','Yuan',263,'Ceramic','Critical'
'ART85673  ','Cup Manuscript','Qing',327,'Bronze','Excellent'
'ART71133  ','Game Painting','Yuan',448,'Bronze','Excellent'
'ART69135  ','Collection Sculpture','Tang',1303,'Textile','Excellent'
'ART59994  ','Agent Manuscript','Yuan',2411,'Wood','Excellent'
'ART80256  ','Style Textile','Han',2818,'Textile','Good'
'ART26841  ','Trouble Painting','Ming',476,'Textile','Fair'
'ART94581  ','Season Manuscript','Song',1616,'Paper','Critical'
'ART78648  ','End Textile','Qing',196,'Paper','Poor'
'ART85581  ','Claim Painting','Yuan',913,'Bronze','Fair'
'ART84089  ','Eye Manuscript','Qing',2360,'Textile','Good'
'ART53753  ','Serious Sculpture','Yuan',545,'Paper','Fair'
'ART95732  ','Play Manuscript','Yuan',238,'Paper','Fair'
'ART37603  ','Hand Painting','Qing',1862,'Textile','Good'
'ART56181  ','Ready Textile','Yuan',472,'Ceramic','Critical'
'ART48785  ','But Sculpture','Ming',2952,'Jade','Fair'
'ART85127  ','Name Sculpture','Tang',2787,'Ceramic','Poor'
'ART83097  ','Two Vase','Song',382,'Bronze','Excellent'
'ART80163  ','Reflect Textile','Yuan',888,'Jade','Fair'
'ART86467  ','Image Vase','Ming',1597,'Ceramic','Excellent'
'ART44956  ','Structure Textile','Ming',2938,'Paper','Poor'
'ART94461  ','Western Sculpture','Ming',2818,'Wood','Fair'
'ART46007  ','Third Vase','Yuan',1039,'Bronze','Poor'
'ART55624  ','Under Textile','Yuan',596,'Wood','Good'
'ART36303  ','Pick Manuscript','Han',2407,'Textile','Fair'
'ART44161  ','Because Manuscript','Ming',1921,'Textile','Good'
'ART79576  ','Personal Textile','Tang',1954,'Paper','Excellent'
'ART66820  ','Rule Sculpture','Qing',1234,'Stone','Good'
'ART99943  ','Cost Manuscript','Qing',1685,'Wood','Poor'
'ART56040  ','Or Sculpture','Ming',2589,'Paper','Critical'
'ART99073  ','Order Sculpture','Ming',2114,'Jade','Good'
'ART33473  ','Hand Manuscript','Han',569,'Jade','Good'
'ART24840  ','Only Painting','Tang',1525,'Ceramic','Poor'
'ART96165  ','Million Vase','Song',1543,'Stone','Poor'
'ART88073  ','Statement Textile','Tang',942,'Bronze','Good'
'ART28804  ','Learn Painting','Qing',2349,'Wood','Critical'
'ART17546  ','Memory Textile','Qing',882,'Paper','Excellent'
'ART14981  ','Could Painting','Tang',1408,'Stone','Excellent'
'ART43106  ','Cold Vase','Yuan',347,'Textile','Poor'
'ART74822  ','Staff Manuscript','Han',2379,'Ceramic','Good'
'ART61565  ','Water Manuscript','Song',1368,'Wood','Good'
'ART79175  ','Dinner Textile','Han',2654,'Stone','Good'
'ART26272  ','Newspaper Textile','Song',2511,'Wood','Good'
'ART59168  ','Most Textile','Song',2780,'Bronze','Fair'
'ART66476  ','Reason Manuscript','Tang',2711,'Ceramic','Excellent'
'ART98965  ','Physical Textile','Tang',2366,'Wood','Poor'
'ART11166  ','Method Manuscript','Tang',269,'Bronze','Excellent'
'ART66092  ','Fall Sculpture','Tang',2682,'Paper','Fair'
'ART28913  ','Sense Painting','Qing',1789,'Bronze','Good'
'ART36852  ','Ahead Manuscript','Qing',558,'Stone','Critical'
'ART32001  ','Close Sculpture','Han',2956,'Jade','Excellent'
'ART10602  ','Form Textile','Qing',2085,'Textile','Fair'
'ART18996  ','Shoulder Manuscript','Ming',1815,'Wood','Excellent'
'ART82359  ','Defense Sculpture','Song',277,'Textile','Excellent'
'ART15952  ','Treat Sculpture','Tang',2751,'Bronze','Excellent'
'ART26831  ','Hour Vase','Han',2165,'Wood','Critical'
'ART24978  ','Market Vase','Qing',1931,'Ceramic','Fair'
'ART84637  ','Fall Vase','Qing',1817,'Wood','Fair'
'ART98277  ','Might Vase','Yuan',1193,'Stone','Critical'
'ART39262  ','Sing Vase','Han',1577,'Jade','Critical'
'ART56602  ','Official Painting','Yuan',771,'Stone','Excellent'
'ART57966  ','Most Vase','Han',2230,'Stone','Good'
'ART75943  ','Play Textile','Qing',1634,'Jade','Excellent'
'ART52469  ','Which Textile','Han',1451,'Paper','Fair'
'ART26470  ','Hotel Vase','Yuan',2249,'Paper','Good'
'ART57328  ','Look Sculpture','Tang',999,'Paper','Good'
'ART68018  ','Need Manuscript','Tang',2969,'Jade','Excellent'
'ART34189  ','Tonight Textile','Yuan',419,'Paper','Fair'
'ART88121  ','Something Manuscript','Ming',127,'Paper','Fair'
'ART38138  ','Economy Vase','Ming',2479,'Stone','Fair'
'ART97175  ','Science Textile','Qing',1046,'Paper','Critical'
'ART81329  ','Rate Textile','Tang',2191,'Stone','Poor'
'ART12913  ','Laugh Painting','Yuan',1568,'Textile','Good'
'ART25050  ','Chair Manuscript','Ming',2706,'Bronze','Poor'
'ART58867  ','Budget Textile','Tang',551,'Ceramic','Poor'
'ART79542  ','Family Manuscript','Yuan',554,'Textile','Fair'
'ART82199  ','Rather Sculpture','Yuan',1234,'Stone','Poor'
'ART91028  ','Actually Painting','Yuan',1291,'Ceramic','Good'
'ART70580  ','Lose Vase','Qing',1588,'Wood','Excellent'
'ART58926  ','Society Painting','Qing',2669,'Wood','Fair'
'ART67300  ','Daughter Painting','Song',1061,'Textile','Excellent'
'ART36902  ','Save Painting','Song',312,'Ceramic','Fair'
'ART16037  ','Manager Textile','Ming',371,'Stone','Good'
'ART50052  ','Space Manuscript','Song',774,'Stone','Excellent'
'ART20268  ','Good Vase','Song',960,'Paper','Excellent'
'ART85066  ','Account Textile','Han',527,'Ceramic','Good'
'ART82711  ','Back Vase','Tang',1399,'Wood','Critical'
'ART72030  ','Middle Painting','Tang',1633,'Textile','Good'
'ART48513  ','According Textile','Ming',723,'Wood','Fair'
'ART13225  ','Scene Textile','Song',1231,'Jade','Excellent'
'ART16185  ','North Manuscript','Han',238,'Jade','Good'
'ART87084  ','Easy Painting','Tang',692,'Ceramic','Poor'
'ART76681  ','Power Textile','Tang',953,'Wood','Excellent'
'ART23595  ','Contain Vase','Qing',1710,'Wood','Good'
'ART26935  ','Mind Manuscript','Ming',2058,'Stone','Good'
'ART54253  ','Me Manuscript','Ming',2253,'Textile','Fair'
'ART78450  ','Wind Painting','Song',1628,'Bronze','Excellent'
'ART36509  ','Age Textile','Ming',1134,'Paper','Poor'
'ART43909  ','He Vase','Qing',867,'Wood','Critical'
'ART53400  ','Body Manuscript','Qing',519,'Jade','Fair'
'ART66554  ','Defense Sculpture','Han',918,'Paper','Fair'
'ART71813  ','Sound Painting','Song',2277,'Ceramic','Fair'
'ART51093  ','Receive Manuscript','Ming',1460,'Ceramic','Fair'
'ART69403  ','Entire Sculpture','Han',1514,'Stone','Excellent'
'ART86364  ','Sport Textile','Ming',2189,'Bronze','Critical'
'ART75229  ','News Textile','Ming',1376,'Bronze','Excellent'
'ART46673  ','Piece Sculpture','Ming',2602,'Wood','Poor'
'ART23510  ','Happy Manuscript','Tang',214,'Jade','Fair'
'ART86735  ','Stand Painting','Ming',2137,'Wood','Excellent'
'ART66768  ','Student Vase','Ming',311,'Stone','Poor'
'ART25282  ','Create Manuscript','Yuan',1821,'Jade','Good'
'ART16218  ','Purpose Manuscript','Han',1141,'Stone','Poor'
'ART69787  ','Real Textile','Yuan',1602,'Ceramic','Critical'
'ART21873  ','Near Sculpture','Yuan',2569,'Jade','Good'
'ART41646  ','Our Sculpture','Qing',1524,'Wood','Excellent'
'ART31545  ','Staff Painting','Ming',1747,'Ceramic','Fair'
'ART30984  ','Idea Textile','Ming',2007,'Ceramic','Fair'
'ART86486  ','Market Sculpture','Yuan',919,'Ceramic','Good'
'ART62766  ','Site Painting','Song',2827,'Bronze','Poor'
'ART32509  ','Bag Sculpture','Song',2776,'Bronze','Critical'
'ART89340  ','Part Painting','Song',1794,'Jade','Excellent'
'ART88196  ','Level Textile','Qing',228,'Wood','Critical'
'ART14493  ','Force Manuscript','Han',2547,'Jade','Excellent'
'ART76252  ','Pay Painting','Tang',2009,'Ceramic','Good'
'ART57157  ','Arrive Textile','Yuan',1595,'Ceramic','Poor'
'ART95823  ','Fine Vase','Han',2125,'Wood','Critical'
'ART89007  ','School Vase','Ming',1711,'Wood','Good'
'ART59941  ','Those Vase','Song',1417,'Textile','Fair'
'ART81928  ','Measure Vase','Yuan',984,'Stone','Critical'
'ART60859  ','Various Textile','Ming',1108,'Bronze','Poor'
'ART76513  ','Able Vase','Song',720,'Bronze','Good'
'ART55259  ','Key Manuscript','Tang',2095,'Wood','Poor'
'ART90617  ','Me Sculpture','Ming',296,'Textile','Excellent'
'ART24032  ','Foot Vase','Ming',653,'Stone','Excellent'
'ART14524  ','Capital Sculpture','Tang',1850,'Paper','Excellent'
'ART12071  ','Seek Painting','Ming',155,'Jade','Poor'
'ART66542  ','Training Manuscript','Tang',1523,'Bronze','Good'
'ART49968  ','Risk Manuscript','Ming',1715,'Stone','Critical'
'ART22763  ','Year Manuscript','Yuan',1005,'Ceramic','Poor'
'ART87825  ','Culture Sculpture','Qing',1571,'Wood','Fair'
'ART75092  ','Social Sculpture','Song',592,'Ceramic','Excellent'
'ART64002  ','Chair Textile','Tang',502,'Paper','Critical'
'ART49681  ','Far Sculpture','Ming',2829,'Wood','Excellent'
'ART74234  ','Number Sculpture','Han',1127,'Jade','Excellent'
'ART82500  ','Step Manuscript','Tang',2439,'Wood','Critical'
'ART81133  ','Difficult Painting','Qing',2234,'Jade','Good'
'ART43117  ','Particularly Painting','Song',491,'Wood','Excellent'
'ART40138  ','Individual Manuscript','Tang',2714,'Stone','Critical'
'ART54875  ','Mean Vase','Ming',1852,'Paper','Poor'
'ART75708  ','Traditional Textile','Qing',1647,'Textile','Good'
'ART68102  ','Politics Vase','Han',1657,'Ceramic','Excellent'
'ART55916  ','Buy Sculpture','Qing',993,'Textile','Critical'
'ART90234  ','Poor Painting','Han',1913,'Stone','Critical'
'ART23795  ','Public Textile','Han',998,'Ceramic','Good'
'ART68106  ','With Painting','Song',1545,'Paper','Excellent'
'ART38773  ','Job Painting','Ming',2788,'Wood','Poor'
'ART83239  ','Light Vase','Tang',1984,'Wood','Poor'
'ART97001  ','Nothing Textile','Song',493,'Jade','Excellent'
'ART69943  ','Student Painting','Qing',2657,'Bronze','Excellent'
'ART19243  ','Central Vase','Yuan',313,'Paper','Fair'
'ART72272  ','Improve Painting','Ming',133,'Ceramic','Excellent'
'ART22160  ','Item Manuscript','Tang',496,'Textile','Fair'
'ART92263  ','Seem Textile','Yuan',2573,'Wood','Good'
'ART65243  ','Control Vase','Qing',1518,'Ceramic','Excellent'
'ART44699  ','Fund Manuscript','Yuan',2560,'Paper','Fair'
'ART11818  ','Office Textile','Song',2615,'Ceramic','Poor'
'ART96685  ','Available Textile','Ming',2300,'Bronze','Fair'
'ART33856  ','This Vase','Han',1130,'Bronze','Excellent'
'ART37504  ','However Sculpture','Han',846,'Textile','Poor'
'ART31688  ','Guess Painting','Han',2883,'Jade','Good'
'ART96901  ','Deep Painting','Yuan',2238,'Bronze','Excellent'
'ART50086  ','Manage Textile','Han',2000,'Stone','Good'
'ART53209  ','Condition Vase','Qing',349,'Jade','Fair'
'ART83335  ','Increase Vase','Han',2208,'Paper','Excellent'
'ART40350  ','Together Manuscript','Song',2745,'Bronze','Fair'
'ART64734  ','Teacher Painting','Tang',2960,'Ceramic','Excellent'
'ART54697  ','With Textile','Tang',849,'Textile','Fair'
'ART39945  ','Development Vase','Han',2206,'Jade','Poor'
'ART42663  ','Try Textile','Yuan',2369,'Stone','Good'
'ART22716  ','Deep Sculpture','Tang',1042,'Paper','Critical'
'ART91514  ','Cover Sculpture','Ming',858,'Paper','Poor'
'ART33221  ','Office Sculpture','Ming',302,'Bronze','Excellent'
'ART32246  ','Pass Painting','Ming',107,'Jade','Poor'
'ART17845  ','Herself Vase','Ming',968,'Bronze','Critical'
'ART76881  ','Same Manuscript','Qing',148,'Stone','Critical'
'ART52193  ','Along Sculpture','Yuan',119,'Paper','Fair'
'ART44784  ','Until Painting','Ming',2362,'Textile','Excellent'
'ART96311  ','Name Painting','Ming',769,'Jade','Fair'
'ART69468  ','Collection Textile','Tang',2811,'Ceramic','Excellent'
'ART74832  ','Threat Sculpture','Yuan',631,'Wood','Critical'
'ART85471  ','Hold Textile','Ming',414,'Bronze','Good'
'ART32309  ','Sea Textile','Tang',1018,'Wood','Critical'
'ART90500  ','Fall Painting','Yuan',1220,'Bronze','Good'
'ART74273  ','One Painting','Yuan',2338,'Ceramic','Good'
'ART17888  ','Public Textile','Tang',449,'Textile','Critical'
'ART90346  ','Her Vase','Tang',772,'Jade','Fair'
'ART80971  ','Every Painting','Song',163,'Stone','Good'
'ART23310  ','Better Painting','Qing',561,'Wood','Good'
'ART48666  ','I Painting','Qing',1085,'Bronze','Critical'
'ART21088  ','The Painting','Tang',716,'Ceramic','Excellent'
'ART77509  ','Onto Sculpture','Tang',583,'Stone','Poor'
'ART34980  ','Continue Sculpture','Han',1472,'Wood','Poor'
'ART95946  ','Sport Painting','Qing',2477,'Wood','Critical'
'ART39018  ','Of Textile','Han',1370,'Textile','Critical'
'ART69774  ','Land Painting','Qing',148,'Paper','Good'
'ART22315  ','Rest Painting','Qing',147,'Jade','Critical'
'ART13427  ','Claim Painting','Qing',1816,'Paper','Poor'
'ART83272  ','Almost Painting','Qing',1108,'Stone','Excellent'
'ART65730  ','Nature Sculpture','Han',2169,'Stone','Excellent'
'ART42147  ','Prove Painting','Qing',795,'Textile','Poor'
'ART23549  ','Risk Painting','Song',870,'Paper','Fair'
'ART16462  ','Leader Manuscript','Tang',232,'Stone','Critical'
'ART67113  ','Common Textile','Han',136,'Textile','Excellent'
'ART94859  ','Consumer Manuscript','Yuan',2215,'Textile','Excellent'
'ART34112  ','Mission Painting','Yuan',2230,'Bronze','Critical'
'ART14989  ','Cup Sculpture','Han',395,'Textile','Fair'
'ART17780  ','Help Sculpture','Qing',618,'Wood','Fair'
'ART28621  ','Response Sculpture','Tang',782,'Stone','Poor'
'ART81768  ','Fight Manuscript','Han',2387,'Paper','Fair'
'ART87618  ','Green Sculpture','Tang',566,'Stone','Poor'
'ART42851  ','Fund Vase','Tang',2559,'Bronze','Poor'
'ART69547  ','Act Painting','Tang',2668,'Jade','Poor'
'ART51717  ','Shake Textile','Ming',2468,'Bronze','Excellent'
'ART22886  ','Dark Painting','Qing',765,'Ceramic','Fair'
'ART49302  ','Democrat Textile','Tang',1207,'Stone','Poor'
'ART72563  ','Many Vase','Tang',1449,'Jade','Critical'
'ART11915  ','Issue Manuscript','Qing',2767,'Wood','Good'
'ART57469  ','Involve Textile','Han',1484,'Paper','Critical'
'ART90399  ','Describe Vase','Yuan',1271,'Ceramic','Excellent'
'ART43450  ','Imagine Textile','Qing',713,'Stone','Good'
'ART51448  ','Physical Painting','Ming',2517,'Bronze','Fair'
'ART92103  ','Purpose Textile','Song',2644,'Paper','Good'
'ART73159  ','Member Sculpture','Yuan',632,'Wood','Fair'
'ART75514  ','Finish Sculpture','Ming',140,'Wood','Excellent'
'ART29208  ','Specific Vase','Song',1871,'Jade','Fair'
'ART71890  ','Offer Manuscript','Han',1700,'Stone','Critical'
'ART66615  ','Newspaper Sculpture','Qing',978,'Wood','Fair'
'ART65460  ','Health Textile','Qing',1033,'Paper','Poor'
'ART98712  ','Finally Manuscript','Qing',2435,'Jade','Critical'
'ART66657  ','Change Vase','Song',2697,'Bronze','Good'
'ART45951  ','Include Vase','Yuan',2003,'Textile','Critical'
'ART20768  ','Thus Textile','Tang',1845,'Paper','Poor'
'ART59524  ','She Vase','Tang',2398,'Wood','Fair'
'ART84214  ','Walk Textile','Yuan',267,'Ceramic','Poor'
'ART31921  ','With Manuscript','Yuan',1330,'Textile','Excellent'
'ART46790  ','Image Textile','Yuan',1515,'Wood','Good'
'ART72241  ','Quickly Sculpture','Yuan',2991,'Stone','Critical'
'ART57648  ','Method Vase','Tang',1031,'Bronze','Critical'
'ART77503  ','Team Vase','Ming',2253,'Jade','Fair'
'ART42635  ','Street Textile','Ming',2082,'Bronze','Poor'
'ART98088  ','Movement Manuscript','Ming',1168,'Ceramic','Critical'
'ART94883  ','Control Textile','Han',331,'Ceramic','Good'
'ART70417  ','Personal Painting','Tang',445,'Textile','Poor'
'ART84609  ','Administration Textile','Han',2118,'Ceramic','Critical'
'ART76346  ','Treatment Sculpture','Tang',1484,'Textile','Critical'
'ART34720  ','Important Sculpture','Song',1153,'Textile','Good'
'ART46547  ','Role Sculpture','Han',2306,'Wood','Critical'
'ART61364  ','Young Sculpture','Ming',433,'Jade','Excellent'
'ART34932  ','Indeed Vase','Han',1852,'Paper','Excellent'
'ART96228  ','Dog Vase','Tang',414,'Wood','Fair'
'ART86470  ','Trial Painting','Yuan',2401,'Paper','Poor'
'ART76871  ','Ability Textile','Yuan',2971,'Stone','Fair'
'ART24485  ','Force Painting','Yuan',2992,'Jade','Excellent'
'ART49449  ','Which Textile','Qing',634,'Bronze','Good'
'ART81383  ','Know Vase','Ming',826,'Ceramic','Critical'
'ART44723  ','So Textile','Qing',1448,'Wood','Good'
'ART49026  ','Food Vase','Ming',1204,'Textile','Fair'
'ART66541  ','Again Vase','Tang',2536,'Paper','Good'
'ART77907  ','Computer Vase','Han',2060,'Ceramic','Excellent'
'ART59475  ','Authority Manuscript','Ming',675,'Stone','Good'
'ART16498  ','Local Painting','Tang',520,'Bronze','Critical'
'ART98227  ','Realize Sculpture','Qing',2407,'Ceramic','Excellent'
'ART36393  ','Mouth Painting','Yuan',167,'Paper','Poor'
'ART87020  ','Such Painting','Ming',784,'Textile','Excellent'
'ART30034  ','Eight Textile','Tang',2117,'Paper','Good'
'ART75348  ','Service Manuscript','Ming',2142,'Bronze','Critical'
'ART58270  ','Thus Painting','Tang',239,'Textile','Critical'
'ART39902  ','Born Manuscript','Han',216,'Ceramic','Poor'
'ART14031  ','Weight Vase','Tang',1189,'Textile','Fair'
'ART18290  ','Bar Sculpture','Ming',1411,'Textile','Excellent'
'ART95167  ','Congress Sculpture','Song',1710,'Wood','Excellent'
'ART44203  ','Own Sculpture','Han',2808,'Textile','Fair'
'ART31890  ','Interest Sculpture','Tang',1714,'Wood','Poor'
'ART87754  ','Quality Painting','Ming',1111,'Jade','Fair'
'ART22321  ','Analysis Vase','Qing',1242,'Paper','Fair'
'ART25763  ','South Painting','Qing',2232,'Jade','Fair'
'ART32170  ','Travel Painting','Han',2239,'Jade','Poor'
'ART84986  ','Guess Sculpture','Tang',646,'Stone','Excellent'
'ART46023  ','Page Vase','Yuan',680,'Textile','Fair'
'ART73708  ','Culture Sculpture','Song',669,'Wood','Excellent'
'ART85630  ','Middle Sculpture','Yuan',997,'Textile','Good'
'ART36966  ','Hundred Sculpture','Qing',131,'Stone','Excellent'
'ART33251  ','Maintain Vase','Ming',1214,'Textile','Good'
'ART98440  ','Around Painting','Qing',541,'Paper','Poor'
'ART50102  ','Size Textile','Qing',358,'Ceramic','Fair'
'ART48520  ','Less Painting','Ming',1473,'Stone','Excellent'
'ART99097  ','Music Manuscript','Han',1183,'Bronze','Fair'
'ART49705  ','Traditional Painting','Tang',2427,'Bronze','Fair'
'ART68080  ','Cultural Vase','Ming',132,'Jade','Poor'
'ART56318  ','Hard Painting','Tang',2251,'Jade','Excellent'
'ART57908  ','Especially Manuscript','Qing',700,'Jade','Critical'
'ART76099  ','Age Sculpture','Song',2249,'Textile','Good'
'ART54444  ','Guy Sculpture','Yuan',2365,'Jade','Poor'
'ART97344  ','Charge Painting','Yuan',2601,'Wood','Excellent'
'ART88991  ','Travel Manuscript','Song',1352,'Wood','Poor'
'ART47743  ','Another Textile','Qing',1138,'Textile','Critical'
'ART14074  ','Respond Vase','Yuan',792,'Paper','Excellent'
'ART90207  ','Bill Sculpture','Tang',1321,'Wood','Good'
'ART68517  ','Baby Textile','Song',106,'Stone','Excellent'
'ART57930  ','Pick Sculpture','Tang',2086,'Textile','Critical'
'ART76770  ','Produce Painting','Han',256,'Stone','Good'
'ART43584  ','Support Textile','Han',2384,'Jade','Critical'
'ART88102  ','Situation Sculpture','Ming',970,'Bronze','Fair'
'ART97113  ','Hit Textile','Tang',2855,'Paper','Good'
'ART55351  ','Make Vase','Song',431,'Ceramic','Poor'
'ART38024  ','Rate Vase','Yuan',568,'Ceramic','Excellent'
'ART12569  ','Sea Textile','Tang',293,'Ceramic','Poor'
'ART40919  ','Clear Painting','Tang',573,'Textile','Fair'
'ART48705  ','Sort Vase','Yuan',1854,'Bronze','Fair'
'ART67296  ','Despite Painting','Yuan',1597,'Textile','Fair'
'ART52555  ','Rule Vase','Song',987,'Paper','Good'
'ART62527  ','Pick Manuscript','Han',399,'Stone','Fair'
'ART48011  ','To Textile','Tang',2212,'Wood','Fair'
'ART94879  ','Student Sculpture','Han',2098,'Stone','Excellent'
'ART91888  ','Of Sculpture','Song',648,'Ceramic','Critical'
'ART77072  ','Myself Vase','Tang',745,'Paper','Excellent'
'ART88585  ','Senior Sculpture','Yuan',633,'Stone','Critical'
'ART36596  ','Already Textile','Han',194,'Jade','Good'
'ART33026  ','Identify Manuscript','Tang',1369,'Paper','Poor'
'ART55483  ','Some Manuscript','Ming',1040,'Paper','Excellent'
'ART77974  ','Red Painting','Qing',244,'Ceramic','Excellent'
'ART12761  ','Old Manuscript','Qing',1018,'Jade','Good'
'ART51031  ','World Sculpture','Han',665,'Paper','Good'
'ART96563  ','Size Textile','Ming',473,'Ceramic','Poor'
'ART27457  ','Future Textile','Tang',1714,'Paper','Poor'
'ART19120  ','Wind Manuscript','Tang',1054,'Jade','Critical'
'ART35063  ','Population Painting','Tang',574,'Paper','Poor'
'ART83105  ','Soldier Textile','Qing',223,'Paper','Fair'
'ART20837  ','Music Painting','Song',1985,'Paper','Excellent'
'ART29144  ','Sit Vase','Tang',1537,'Ceramic','Good'
'ART33184  ','Summer Manuscript','Song',771,'Ceramic','Fair'
'ART87673  ','Can Manuscript','Song',2147,'Paper','Fair'
'ART20952  ','Thing Manuscript','Han',2394,'Wood','Good'
'ART95841  ','Base Vase','Qing',2435,'Jade','Excellent'
'ART45564  ','Close Painting','Ming',144,'Paper','Fair'
'ART51243  ','Return Manuscript','Song',1050,'Stone','Poor'
'ART76884  ','Hope Manuscript','Qing',2870,'Ceramic','Good'
'ART19502  ','Agent Vase','Han',1042,'Wood','Poor'
'ART39200  ','Debate Painting','Yuan',2532,'Ceramic','Poor'
'ART54672  ','See Painting','Han',2430,'Stone','Fair'
'ART88577  ','Range Painting','Qing',2133,'Bronze','Poor'
'ART19556  ','Identify Manuscript','Song',1918,'Stone','Critical'
'ART84852  ','Watch Sculpture','Han',2206,'Stone','Fair'
'ART30736  ','Part Manuscript','Tang',2376,'Textile','Poor'
'ART36834  ','Maybe Vase','Ming',2636,'Stone','Good'
'ART25431  ','Available Sculpture','Tang',291,'Textile','Good'
'ART56814  ','Few Sculpture','Song',2945,'Stone','Poor'
'ART68570  ','Information Vase','Song',2729,'Jade','Critical'
'ART16025  ','Manage Textile','Yuan',2910,'Ceramic','Poor'
'ART52472  ','After Sculpture','Tang',1462,'Stone','Critical'
'ART46791  ','More Painting','Tang',2318,'Jade','Good'
'ART93520  ','Measure Vase','Qing',958,'Paper','Poor'
'ART99903  ','Choose Vase','Yuan',693,'Textile','Poor'
'ART26051  ','Reduce Vase','Song',641,'Stone','Critical'
'ART21779  ','Gas Textile','Yuan',443,'Paper','Critical'
'ART38797  ','Feeling Textile','Yuan',2316,'Jade','Excellent'
'ART11061  ','Soldier Sculpture','Yuan',319,'Bronze','Excellent'
'ART98932  ','Friend Textile','Yuan',1449,'Jade','Excellent'
'ART49022  ','Across Painting','Ming',2384,'Textile','Fair'
'ART48284  ','City Manuscript','Song',1538,'Stone','Critical'
'ART63447  ','Poor Sculpture','Song',792,'Ceramic','Excellent'
'ART28065  ','Of Sculpture','Han',1985,'Paper','Critical'
'ART53096  ','Collection Painting','Qing',2980,'Bronze','Critical'
'ART67195  ','End Painting','Tang',2373,'Stone','Critical'
'ART71265  ','Drop Sculpture','Song',2437,'Ceramic','Poor'
'ART48796  ','Beyond Manuscript','Ming',140,'Wood','Fair'
'ART36963  ','Finish Painting','Tang',1315,'Wood','Poor'
'ART50362  ','Still Sculpture','Tang',1829,'Paper','Excellent'
'ART57791  ','Design Painting','Qing',1449,'Jade','Excellent'
'ART70056  ','Final Painting','Yuan',291,'Jade','Critical'
'ART32927  ','Region Manuscript','Han',2616,'Textile','Critical'
'ART23886  ','Term Sculpture','Song',2716,'Stone','Excellent'
'ART95284  ','Interview Vase','Han',1756,'Bronze','Critical'
'ART55884  ','Economy Manuscript','Song',586,'Paper','Critical'
'ART71037  ','Rule Vase','Tang',2849,'Textile','Fair'
'ART11605  ','Baby Painting','Ming',1681,'Paper','Excellent'
'ART38084  ','Indeed Sculpture','Han',2360,'Wood','Fair'
'ART90913  ','Radio Painting','Tang',1884,'Paper','Excellent'
'ART22677  ','Half Sculpture','Yuan',1012,'Stone','Fair'
'ART74019  ','Be Manuscript','Han',2769,'Jade','Poor'
'ART85566  ','Defense Painting','Han',176,'Textile','Poor'
'ART96289  ','Heavy Painting','Tang',1948,'Ceramic','Poor'
'ART84918  ','Strategy Vase','Song',1733,'Ceramic','Fair'
'ART19972  ','Believe Textile','Song',404,'Paper','Critical'
'ART37743  ','Within Vase','Tang',1225,'Bronze','Poor'
'ART97428  ','Kitchen Vase','Song',2139,'Bronze','Critical'
'ART93993  ','Ground Vase','Tang',1093,'Ceramic','Good'
'ART19962  ','Energy Sculpture','Yuan',1097,'Wood','Critical'
'ART29701  ','Customer Manuscript','Tang',2605,'Textile','Good'
'ART38517  ','Military Textile','Song',2275,'Bronze','Good'
'ART34748  ','Above Textile','Yuan',704,'Jade','Good'
'ART73959  ','Seven Vase','Tang',2754,'Stone','Critical'
'ART87960  ','Recent Manuscript','Qing',2703,'Paper','Good'
'ART77748  ','Decide Vase','Ming',1082,'Ceramic','Poor'
'ART45762  ','She Manuscript','Ming',687,'Jade','Good'
'ART32387  ','Exist Painting','Yuan',2115,'Ceramic','Critical'
'ART64798  ','Travel Vase','Tang',1071,'Paper','Critical'
'ART57406  ','Approach Sculpture','Han',470,'Wood','Critical'
'ART80652  ','Make Manuscript','Song',675,'Bronze','Excellent'
'ART93117  ','Nation Textile','Ming',475,'Ceramic','Poor'
'ART54295  ','Political Textile','Qing',1488,'Bronze','Excellent'
'ART39698  ','Remember Painting','Song',2286,'Ceramic','Good'
'ART60882  ','Happy Painting','Tang',2382,'Bronze','Good'
'ART36144  ','Physical Textile','Ming',763,'Textile','Fair'
'ART17501  ','Yet Painting','Song',490,'Stone','Poor'
'ART57635  ','Design Vase','Song',686,'Jade','Critical'
'ART61392  ','Throw Sculpture','Yuan',2515,'Textile','Good'
'ART92779  ','Even Manuscript','Yuan',1454,'Textile','Critical'
'ART44024  ','Sound Manuscript','Han',2236,'Bronze','Critical'
'ART35090  ','Short Textile','Qing',2954,'Wood','Fair'
'ART58491  ','Drop Sculpture','Tang',169,'Ceramic','Excellent'
'ART72164  ','Late Manuscript','Ming',1734,'Stone','Excellent'
'ART41569  ','Table Vase','Yuan',761,'Textile','Good'
'ART30989  ','Age Vase','Song',1713,'Wood','Critical'
'ART70622  ','Market Textile','Qing',2897,'Bronze','Poor'
