'RGB_33D8M7','MECH_JOL75L','AUD_62KLBY',88,84.3,166,'18',1,3461298
'RGB_INHK9M','MECH_0WBA9L','AUD_HN6IA9',12,87.1,847,'11',3,3206043
'RGB_0P73NA','MECH_Q9PD87','AUD_QYXW48',23,97.2,159,'14',1,11826339
'RGB_35OMTP','MECH_ZQDCCU','AUD_7BM7RB',21,86.1,119,'15',7,3233846
'RGB_IHGOM3','MECH_UB7PHG','AUD_T6B09U',81,89.5,190,'18',6,7548885
'RGB_1TGOOT','MECH_6A5M05','AUD_UJ4WK0',24,87.7,535,'15',2,9970979
'RGB_5BOD8X','MECH_M3U6YQ','AUD_VHV1E9',4,90.2,110,'18',3,13485638
'RGB_BWB2CI','MECH_J8U6KY','AUD_506Y3W',43,88.2,912,'18',3,9330990
'RGB_LE8AQN','MECH_MWOJOE','AUD_DUNJP8',22,99.2,389,'20',6,12127673
'RGB_DMP1AA','MECH_I7AOG8','AUD_7FKQ89',72,82.2,171,'16',8,5670946
'RGB_5YBVZ9','MECH_1Y7FGK','AUD_VKXWNV',43,91.4,441,'13',2,3233770
'RGB_OVKONJ','MECH_LERUMS','AUD_JQMF9L',34,90.2,221,'20',2,11126287
'RGB_3MGLBV','MECH_CCW6OC','AUD_CA2F7D',33,87.5,344,'12',4,7400958
'RGB_CGCMY0','MECH_EX9UNW','AUD_77VO8L',21,85.8,601,'17',6,5717227
'RGB_M8YNBG','MECH_BGO4W2','AUD_1DEHXR',27,88.1,697,'15',3,2654000
'RGB_UE4H1J','MECH_Q534TA','AUD_Z7FISN',97,85.0,122,'17',10,15633074
'RGB_BANB37','MECH_CUKUAL','AUD_N8NL5P',55,84.0,648,'16',9,6747643
'RGB_8B7QDE','MECH_RXS0F2','AUD_WTTE0R',82,82.6,348,'8',7,396484
'RGB_03MPVG','MECH_FDQS79','AUD_X6OA1M',70,94.2,538,'9',8,14506908
'RGB_VR9Z3H','MECH_VG34QU','AUD_INIQ4N',100,84.4,535,'10',2,8298218
'RGB_B586HG','MECH_TDZ411','AUD_IT468S',6,90.0,141,'15',5,1057150
'RGB_6PVPGA','MECH_MP5MFF','AUD_V32TAZ',62,89.5,129,'6',2,4737340
'RGB_48PTSS','MECH_VXI7XN','AUD_Z9LRYU',83,92.3,571,'12',7,14195799
'RGB_WXUAOO','MECH_93UO03','AUD_K1JGOD',41,97.0,416,'17',8,15465549
'RGB_9GV2IN','MECH_S84LMG','AUD_L38IOB',38,96.5,958,'15',10,8452455
'RGB_6OA6MM','MECH_G77JLQ','AUD_P832P1',90,98.7,780,'6',10,16436750
'RGB_ADFK4D','MECH_YUHHV2','AUD_RC9Z8Y',4,82.2,627,'12',6,13486910
'RGB_JB7CHZ','MECH_QSI2JS','AUD_QYWT2Z',9,96.2,734,'12',1,4392839
'RGB_VP36KD','MECH_GSNKKH','AUD_39Y44C',46,86.8,988,'14',3,14147220
'RGB_7WSSJ6','MECH_DTA6CY','AUD_G4WGRA',65,80.6,572,'14',10,9753840
'RGB_18PEV8','MECH_95M372','AUD_2P3TR7',20,99.6,484,'17',6,2015785
'RGB_ET5PBI','MECH_Q6907K','AUD_1X5UYK',65,85.6,726,'17',9,11480570
'RGB_511QBA','MECH_CSBT3B','AUD_90OCV9',44,82.9,740,'13',2,4132171
'RGB_DHQC0E','MECH_1PBWGS','AUD_EZK6RS',68,85.6,335,'20',1,13648325
'RGB_9IDYP3','MECH_FF9FXZ','AUD_MG2LUW',55,92.1,376,'12',5,12949302
'RGB_NFMBBO','MECH_ORV36Q','AUD_15G3CX',79,86.9,739,'10',4,11385128
'RGB_22557B','MECH_CO142V','AUD_GJ1OMX',89,87.0,692,'12',4,3381188
'RGB_VTANF2','MECH_161S0Z','AUD_B5Z5KQ',5,90.9,865,'19',2,13689838
'RGB_NV6031','MECH_XS9CCF','AUD_LALGCL',42,82.0,347,'13',6,9026289
'RGB_Q63HG5','MECH_J40J97','AUD_0USV6Q',38,91.6,293,'15',4,10831420
'RGB_20CXXT','MECH_U869QB','AUD_YNV5H5',78,82.3,400,'7',3,13966028
'RGB_O52NLQ','MECH_FEYB5J','AUD_WYYZKM',66,99.7,373,'15',10,5826043
'RGB_A3K3MF','MECH_Z4V4CQ','AUD_EWLFPY',61,80.1,973,'20',2,9653754
'RGB_CC84L4','MECH_TKDLV8','AUD_AD9XEN',88,88.4,301,'9',5,5225820
'RGB_OJDQNL','MECH_A4IWWF','AUD_ACPORA',75,90.4,758,'18',6,11586292
'RGB_F766TG','MECH_DP41AO','AUD_Z55XLC',71,97.7,264,'15',3,12791288
'RGB_JQGCYB','MECH_WBW1DE','AUD_M2RYLO',96,99.3,397,'18',7,3137620
'RGB_9MPVWZ','MECH_DF80CS','AUD_J3ELF2',27,88.5,889,'13',2,3599350
'RGB_RPXSIE','MECH_UPWDES','AUD_ZCK4KT',92,89.8,919,'19',3,7863957
'RGB_6S7ZXA','MECH_J4MV6P','AUD_XZ0YGP',88,92.5,865,'12',9,1702139
'RGB_6UFIX6','MECH_ZI0FE8','AUD_OHDCJE',34,89.2,787,'11',7,13922577
'RGB_O9JNEZ','MECH_OO5J8D','AUD_UWMQNK',91,93.0,711,'10',2,13167593
'RGB_IDET4X','MECH_CKHSDJ','AUD_9OK4AP',67,83.4,452,'10',9,6059410
'RGB_XTOMFJ','MECH_Q45T79','AUD_W5RJ9F',72,99.4,953,'8',10,14398478
'RGB_QFK7D1','MECH_5TS5YQ','AUD_HWZ6SV',59,91.7,285,'7',6,15094211
'RGB_D2J39X','MECH_EXU9F4','AUD_55MQXW',20,93.0,183,'12',3,7665852
'RGB_T0G2QL','MECH_6VA2Z8','AUD_T47CD3',62,84.6,129,'8',10,1870259
'RGB_RLIJPA','MECH_S00B3Q','AUD_WNHQZ2',80,97.3,765,'9',4,6318799
'RGB_Q2O5FN','MECH_QA73GR','AUD_77QV5M',5,83.7,468,'16',6,9084833
'RGB_CMSBD0','MECH_AEDPOZ','AUD_G2KM10',79,86.8,484,'13',4,9500607
'RGB_53TSKZ','MECH_2TNZWI','AUD_CQT313',71,89.6,839,'13',6,10181426
'RGB_MRFVV9','MECH_MGKCD9','AUD_EK5H11',0,92.3,351,'12',4,9362661
'RGB_PRRMP0','MECH_ASPXNC','AUD_VM8846',10,87.0,587,'9',9,12861134
'RGB_2A1ARI','MECH_5LWOBJ','AUD_VEOPU1',90,83.8,875,'12',2,16145905
'RGB_DGSLPU','MECH_AUW5HG','AUD_L9WYAO',4,96.6,688,'10',5,4703217
'RGB_J7F9TK','MECH_N54Y3I','AUD_37TWPU',70,84.9,763,'13',7,13592465
'RGB_HDST75','MECH_YTUR5M','AUD_V8NL89',48,90.9,847,'5',8,10274637
'RGB_5K9CDY','MECH_TAIE0S','AUD_OGBANG',39,82.6,114,'11',10,6565716
'RGB_G6K5TS','MECH_LBACVJ','AUD_OLC12G',99,85.8,102,'9',5,2534410
'RGB_DUE31D','MECH_6DUAS3','AUD_ISWZWQ',15,85.1,866,'8',3,2218276
'RGB_UX8IRR','MECH_UUUO4C','AUD_APYVNF',41,99.7,273,'16',10,11691577
'RGB_JK160Z','MECH_E7OSIR','AUD_8PPZNS',78,93.6,455,'6',6,12912081
'RGB_5KJ3QG','MECH_NZ5DBY','AUD_N0AR56',65,99.7,197,'13',1,9804037
'RGB_DQUFAW','MECH_K2I4HN','AUD_8FX5ZT',57,81.7,252,'17',2,7808598
'RGB_Z6OZKX','MECH_U9EWYV','AUD_XBOA1R',12,97.6,844,'17',6,12054021
'RGB_JJDQ4K','MECH_UR9R3U','AUD_K5XAVO',98,88.5,439,'8',1,2157361
'RGB_HJE1X7','MECH_QTEORZ','AUD_O5Q9W4',94,88.0,298,'10',8,3715923
'RGB_CXGIG5','MECH_7KJ605','AUD_73GT4Z',8,93.3,258,'8',9,8202546
'RGB_OXFFU0','MECH_3BKZB4','AUD_35UZ6R',39,97.9,377,'11',2,2280466
'RGB_UEG40K','MECH_98EP3D','AUD_AQFJDQ',68,88.8,882,'14',1,14338591
'RGB_5M3III','MECH_OECVS7','AUD_MNL48T',96,98.7,459,'6',2,1892783
'RGB_7O3UFK','MECH_RMYHOE','AUD_JCFD3X',16,98.3,101,'17',3,9204699
'RGB_B8DS4X','MECH_2DQR5N','AUD_OOQ54T',76,94.8,292,'20',4,232016
'RGB_UHWR6U','MECH_TMITSL','AUD_1L0DEH',59,83.7,457,'10',3,6514798
'RGB_R431UK','MECH_EMQY5Y','AUD_YM1I9Y',84,87.7,312,'10',2,10332162
'RGB_LFITPW','MECH_T7B40M','AUD_173O6P',77,99.6,284,'11',6,9803554
'RGB_3K7X9S','MECH_L159Q9','AUD_TOTM7W',44,91.0,834,'5',7,2883451
'RGB_VIRLQL','MECH_9NEG1L','AUD_IT4AQ5',8,94.2,853,'12',10,3102306
'RGB_69FU1K','MECH_IPG8A1','AUD_E7J23P',73,82.9,776,'15',4,6968863
'RGB_X7WIWJ','MECH_8YJWCK','AUD_SCIDPA',87,97.0,329,'10',2,10733241
'RGB_49SFUN','MECH_CBU367','AUD_OMJJLL',46,81.3,817,'15',5,472791
'RGB_U35AOV','MECH_B9KRDF','AUD_HRD8EL',59,98.5,295,'6',5,2661235
'RGB_REZ4YC','MECH_00DB97','AUD_Y4082U',52,88.0,934,'15',7,3292071
'RGB_4SVQDM','MECH_314860','AUD_LSCQL7',84,86.7,121,'13',2,3060559
'RGB_RMBNAS','MECH_JISNW7','AUD_ZBBSFS',25,84.2,113,'20',6,5569857
'RGB_ZD93TY','MECH_93WJWY','AUD_FZZ1S7',15,81.5,124,'11',8,7974751
'RGB_WNI2TM','MECH_39XY9Y','AUD_L34CBS',82,82.1,606,'19',5,4122436
'RGB_DC4826','MECH_5NHPLT','AUD_5D4X1O',34,96.1,646,'11',5,13499574
'RGB_63ASLS','MECH_88NQ4K','AUD_4EC0SG',54,84.2,808,'17',6,13183312
'RGB_90B57Q','MECH_ZSVNO7','AUD_Y0STZK',50,82.8,504,'16',8,13627069
'RGB_PT3355','MECH_ZYXXAG','AUD_YJVYJ0',49,86.0,545,'13',10,3171086
'RGB_T6TS9Q','MECH_PGL9FM','AUD_4NT5KX',8,85.1,105,'18',9,3575881
'RGB_3K1MRP','MECH_KHU696','AUD_DLNRX2',19,92.9,357,'15',6,1139000
'RGB_U3J2TO','MECH_3KPKH8','AUD_QU1DBK',76,92.7,268,'10',2,598786
'RGB_V667J1','MECH_89SRBR','AUD_EDTJW1',73,90.3,181,'20',7,6705692
'RGB_MYNIYC','MECH_XGKY3H','AUD_NMDSM2',48,91.1,271,'12',5,8532050
'RGB_6KVC8A','MECH_3QA8A7','AUD_VQMZC5',80,86.6,659,'5',6,12437451
'RGB_WCEL2R','MECH_8PKGK7','AUD_DWOIC7',21,98.7,506,'13',4,12896220
'RGB_K6QGGO','MECH_COM553','AUD_83UE7M',49,95.5,955,'14',1,11023156
'RGB_DWK2WW','MECH_VXHMXB','AUD_6WPQR3',64,89.8,992,'19',6,16242994
'RGB_ZIQMFH','MECH_G07XO5','AUD_T05WZQ',73,82.6,433,'12',5,9152832
'RGB_DBHNFK','MECH_2IOSQF','AUD_KL8TXU',53,92.4,266,'16',3,1226416
'RGB_UJXHXK','MECH_71DRHM','AUD_10P8EA',74,91.3,508,'7',10,4951854
'RGB_EEJDJ3','MECH_RZLSRF','AUD_L3BSEL',36,88.8,462,'11',6,7101418
'RGB_ZQG709','MECH_3ZP5Q4','AUD_HZ9PG6',82,84.9,743,'14',5,12248112
'RGB_OOM2FL','MECH_B8YTUK','AUD_9UNRVB',91,89.2,396,'6',2,12306981
'RGB_A0SWHG','MECH_8VNU4A','AUD_YKISQO',52,84.8,451,'7',7,1479044
'RGB_L0H35D','MECH_TGIEQ6','AUD_C7ADPO',67,82.0,822,'11',9,12183318
'RGB_X1AG7Y','MECH_CTA3KI','AUD_JTIGB9',46,88.9,969,'5',7,15652580
'RGB_ALX6WS','MECH_9KUODS','AUD_5H6QOQ',39,88.9,431,'18',6,7607827
'RGB_INL291','MECH_PUYD23','AUD_JSHPVB',58,99.4,988,'6',10,14477783
'RGB_FOZIQ5','MECH_GZW4XG','AUD_647DMW',2,87.4,210,'17',9,16550831
'RGB_P85BHE','MECH_0ZCRYH','AUD_4SNF4H',25,93.1,703,'8',10,15054300
'RGB_PQ5ZY5','MECH_MRH7RV','AUD_EKND88',8,86.9,428,'14',1,4040837
'RGB_Y1OLGZ','MECH_377NND','AUD_1ONS36',51,94.4,153,'13',6,2269859
'RGB_CS0FTX','MECH_IXN2VA','AUD_OD3CMF',100,92.0,556,'19',10,9630661
'RGB_4K05DD','MECH_WE2KOY','AUD_VKLPXQ',9,83.9,691,'5',9,9669199
'RGB_PUWKZQ','MECH_HVE80J','AUD_QFET53',8,87.3,536,'14',3,721617
'RGB_BT5PIL','MECH_YTCZ9L','AUD_4C9OBV',39,91.3,519,'20',8,2982319
'RGB_HPYLFN','MECH_JJI8ZU','AUD_BAHU57',32,83.5,946,'18',3,6936789
'RGB_MLYXMS','MECH_ZZ6KJS','AUD_70BU82',55,83.9,183,'5',7,16067636
'RGB_Y6GK52','MECH_TB80NQ','AUD_1QIFX4',76,93.4,610,'7',10,4813566
'RGB_VMMYJ9','MECH_EY39BS','AUD_R3SM8U',2,85.3,476,'14',9,7032303
'RGB_9A9ALH','MECH_003FVR','AUD_ATBO7J',81,99.1,662,'16',9,7922748
'RGB_RNQZBI','MECH_GAC0XZ','AUD_C229OA',37,99.1,549,'14',4,8667805
'RGB_3P02VT','MECH_GBJIOM','AUD_MT5FYF',14,86.6,126,'16',6,9296396
'RGB_VI7Z94','MECH_2CLSA8','AUD_SVYDOS',37,80.5,688,'10',9,16564134
'RGB_N2DJFN','MECH_KZDNOH','AUD_L4OY0C',8,87.4,988,'10',10,6940519
'RGB_5L04MG','MECH_DTWTLH','AUD_OZ8G9Q',70,96.1,294,'13',2,8598662
'RGB_IXQECZ','MECH_QLWGGJ','AUD_RIO2PK',43,91.0,161,'5',2,13630206
'RGB_5DZ5IP','MECH_6I5T4C','AUD_Y8LOQG',87,95.7,821,'13',2,14557578
'RGB_W6IER6','MECH_DGB21T','AUD_CUGG9T',60,80.9,112,'13',2,13180247
'RGB_WQ2680','MECH_JHU2H8','AUD_KLTEL2',8,99.6,518,'13',3,6073721
'RGB_NIB8EH','MECH_QCGFYE','AUD_H5YPCV',28,97.2,869,'13',7,5574638
'RGB_HBQPEN','MECH_XPBXCI','AUD_91XEEU',27,80.7,263,'8',5,2033047
'RGB_PWH7BD','MECH_RMAIEO','AUD_60Y32R',24,94.4,309,'16',8,5926248
'RGB_THCAO2','MECH_FCV4QG','AUD_JBBQOG',12,80.6,472,'12',1,2416671
'RGB_JPAB57','MECH_HK8JFH','AUD_OMCKV6',0,85.2,288,'11',2,2456768
'RGB_311RQ1','MECH_8L8TDH','AUD_HEHEHE',98,92.9,413,'14',8,11773066
'RGB_2KCZM3','MECH_62FBJJ','AUD_SBT50B',40,97.3,324,'19',6,9125571
'RGB_1EMWY4','MECH_EXIH2U','AUD_AJM25P',64,91.2,625,'16',1,11608752
'RGB_44V7XF','MECH_76RJD3','AUD_UFCC2D',81,97.9,872,'20',3,15231383
'RGB_XB16SI','MECH_HUKOCF','AUD_S66977',6,89.1,356,'13',1,7208255
'RGB_5S0KM9','MECH_WD6TK5','AUD_EF4SP4',22,95.2,858,'19',10,5006800
'RGB_PIKPK5','MECH_W4HT0O','AUD_64BV55',89,95.2,938,'7',1,13487702
'RGB_GO99CU','MECH_B74LBG','AUD_BQHQUC',28,90.9,338,'7',9,6130324
'RGB_I61WZC','MECH_467JKK','AUD_0NF6Z4',92,93.0,903,'12',10,12910104
'RGB_SHXBR7','MECH_1T2W17','AUD_4MDO9Q',34,85.0,285,'10',10,11386917
'RGB_SMZLV4','MECH_5Q5V1Q','AUD_GMNTXH',78,88.4,171,'8',3,11790574
'RGB_702ERA','MECH_EAZUU2','AUD_EACDV8',95,95.9,886,'7',3,10104966
'RGB_BKLTES','MECH_E4YG1M','AUD_Z7I6OR',44,89.6,209,'16',2,8922076
'RGB_6II5ZC','MECH_XPXKVO','AUD_SACRIR',52,84.7,997,'14',4,10993809
'RGB_A28BU4','MECH_91HS5H','AUD_BQ2SSB',98,94.3,163,'12',3,4175824
'RGB_A6LZQ1','MECH_ZLNYRF','AUD_XXO28Q',13,92.9,830,'10',7,14567112
'RGB_I9EXZO','MECH_LCG0PU','AUD_R5VGBV',24,88.0,139,'16',9,11847841
'RGB_O9WBE7','MECH_AH4JPJ','AUD_F8WPND',62,99.0,774,'11',9,5606394
'RGB_WFM9FG','MECH_PFX32X','AUD_ZK4STT',75,85.7,673,'20',7,11836766
'RGB_LJFW0T','MECH_Q8OQL7','AUD_RSEUOM',33,90.5,725,'20',1,2760085
'RGB_RSFDZP','MECH_0MX0O0','AUD_5D6X0T',59,98.4,927,'14',3,4901678
'RGB_9XX5IC','MECH_KZGV94','AUD_T9HTWE',30,83.3,572,'7',1,2086686
'RGB_JETMSF','MECH_HKZ6D0','AUD_S85IMD',52,82.6,237,'6',2,11849259
'RGB_14QT90','MECH_75QL2W','AUD_VT71RQ',8,86.5,378,'5',8,1533771
'RGB_Z1JLEU','MECH_K07I2E','AUD_UD8MM6',17,93.9,813,'7',5,3430058
'RGB_WEF1P0','MECH_HDUID0','AUD_382HWV',18,87.6,423,'20',5,15305060
'RGB_TC7FGG','MECH_2K4BAX','AUD_BZRVI6',97,84.8,329,'6',3,13007866
'RGB_EQOH80','MECH_WJ33NV','AUD_VTQ84Y',51,99.7,828,'5',8,10783084
'RGB_U8P5Z4','MECH_TMOKLS','AUD_U5GJ07',94,98.1,186,'19',10,5002201
'RGB_QCJSTJ','MECH_UYKK22','AUD_ZA5IXH',6,94.0,632,'18',9,2476267
'RGB_GP7MJ0','MECH_L5DO59','AUD_90HQ5T',43,86.2,243,'11',7,15453221
'RGB_RMV1L3','MECH_W5HH38','AUD_5TWSJ4',49,84.2,407,'5',3,7636716
'RGB_Y3POCY','MECH_1RC4FM','AUD_DYQFC9',59,95.5,227,'12',5,3194943
'RGB_7KH1YY','MECH_55YC5U','AUD_2WVVIE',33,93.1,262,'13',6,10695894
'RGB_RBL30Q','MECH_FONPHX','AUD_88UCUU',26,83.9,882,'20',8,8190897
'RGB_QOME1S','MECH_IKOUIX','AUD_YBV7BA',38,85.4,504,'6',1,13498369
'RGB_YH3LXM','MECH_MMQTGM','AUD_GGS40C',97,81.8,754,'10',8,4153453
'RGB_9645UW','MECH_LKIR5S','AUD_NXXTII',31,94.0,294,'5',10,14961541
'RGB_BUUPMC','MECH_6T5AOP','AUD_MP3RR9',78,93.1,574,'18',3,5965738
'RGB_A7W7T9','MECH_9U7PPT','AUD_R7NWSR',23,89.7,111,'13',7,10637974
'RGB_PZM4RK','MECH_6JIN9X','AUD_12D3C9',12,89.4,190,'6',7,15047670
'RGB_EQ5GST','MECH_QP0XSC','AUD_OYSTDT',39,88.2,360,'17',5,9814236
'RGB_MQCW50','MECH_XAR1YB','AUD_QY8LAE',61,82.7,551,'16',6,3818354
'RGB_NO5QCQ','MECH_MBTP44','AUD_ETJOIE',98,87.5,242,'8',5,9024941
'RGB_UUEDHN','MECH_BCJS8A','AUD_IQQRU6',55,86.0,504,'6',2,15235190
'RGB_HFGPQ2','MECH_9GMQ6P','AUD_HD7811',33,99.3,431,'13',8,1066044
'RGB_2TLGIU','MECH_LNT4MU','AUD_N065IX',25,81.7,657,'5',5,3448143
'RGB_UVKDWE','MECH_9IJ2V2','AUD_EYG8DQ',12,92.5,103,'16',7,6141140
'RGB_NEAOMB','MECH_T3LPPL','AUD_QP0CI6',0,89.4,495,'18',10,10401905
'RGB_3TNZ0A','MECH_49D6GN','AUD_1L4L8F',84,98.9,580,'18',8,11776623
'RGB_K6QWQW','MECH_X6Z5IF','AUD_5ACJUP',85,84.4,236,'16',3,2871260
'RGB_03KPWY','MECH_KZXZZ4','AUD_8NU9HX',32,86.0,356,'7',2,6970468
'RGB_WBFRW5','MECH_83RQZD','AUD_CKU0YH',70,91.5,574,'6',4,11931551
'RGB_OYS3EA','MECH_048PEJ','AUD_IWU8V4',38,85.8,399,'12',6,6933779
'RGB_4TTX11','MECH_LAQDHN','AUD_QM26ZF',13,86.5,953,'8',10,4894911
'RGB_9KDKD4','MECH_FV3XKW','AUD_GZCAKD',90,82.0,283,'6',5,15751789
'RGB_T8GS8U','MECH_RQ9GDP','AUD_E9DF4I',17,99.9,237,'14',3,9904180
'RGB_P31NPY','MECH_MXNIA4','AUD_7SJ8BF',100,84.6,989,'15',8,11273280
'RGB_QSQBQN','MECH_N5S1D8','AUD_21Y77T',0,98.6,281,'16',6,8860439
'RGB_F3QIO1','MECH_D7R3I7','AUD_YGNC57',97,83.3,595,'7',7,16636613
'RGB_M5THK1','MECH_BI488N','AUD_VCBIII',52,98.7,611,'5',2,4154421
'RGB_PTQC1Q','MECH_AMPEEK','AUD_49TKTG',64,89.0,192,'13',4,7187319
'RGB_J4JF4H','MECH_T25M0W','AUD_MRJCZD',98,92.6,358,'20',6,12208422
'RGB_L1DGQ3','MECH_BYL0XN','AUD_YQ7SDI',19,80.6,859,'15',10,4201468
'RGB_YHVFDH','MECH_96GB42','AUD_CILG0B',68,99.0,504,'8',8,4046582
'RGB_EBXWDV','MECH_FFZW1F','AUD_I5VPYI',81,82.1,805,'6',10,7806485
'RGB_S95BZI','MECH_EH8443','AUD_HCW56M',47,98.5,262,'12',7,8690791
'RGB_JM9KZH','MECH_0H740R','AUD_0F3L2U',70,99.4,134,'9',7,13915421
'RGB_94YY4G','MECH_T7M5BX','AUD_5CRGC5',95,80.4,715,'7',10,10781663
'RGB_X8U43J','MECH_JLJ4IN','AUD_36TLEY',2,92.3,694,'7',5,11443220
'RGB_SSXCID','MECH_TLUZXR','AUD_J0VCRJ',98,89.0,487,'14',6,6930571
'RGB_1CW33Y','MECH_YXZDIJ','AUD_UNL26V',30,86.2,326,'15',10,876526
'RGB_YYK7TP','MECH_389G0C','AUD_OSIKGU',70,92.1,963,'20',3,1230011
'RGB_46ILD5','MECH_F8WUVR','AUD_1I9E4S',94,84.9,575,'8',9,13550779
'RGB_DFMNFW','MECH_NYIKMP','AUD_B9JJZT',97,99.0,390,'19',6,7619726
'RGB_M85YHE','MECH_1KETC6','AUD_HXVBBN',78,88.0,713,'17',10,12048957
'RGB_DW0SMB','MECH_4YGQNN','AUD_GNU610',68,90.4,944,'14',10,9406755
'RGB_UE44S0','MECH_7Y5YH7','AUD_MQ3ZIM',50,97.5,627,'13',9,13024657
'RGB_DGETFO','MECH_7CFQ02','AUD_OG4Z2K',9,87.8,239,'9',1,8122610
'RGB_XDH1HD','MECH_9Q9BJB','AUD_ISJ95B',44,94.1,360,'6',6,14703271
'RGB_F2Q3U6','MECH_PWQ2AY','AUD_1UHQC4',4,90.8,746,'17',1,7074447
'RGB_4A8588','MECH_1BELFN','AUD_JOPL7J',37,83.1,639,'11',7,7240596
'RGB_PQNWLA','MECH_C98BW9','AUD_8712LX',1,96.7,487,'16',3,7703868
'RGB_IGQGQP','MECH_RG8TB5','AUD_HVOMN5',94,93.5,990,'20',9,1161195
'RGB_GKDJ0J','MECH_E07OW3','AUD_G6965S',74,94.9,304,'17',2,14990250
'RGB_2OMANM','MECH_3ZWVOB','AUD_K4BG82',49,95.4,232,'16',10,15603041
'RGB_9JL8VJ','MECH_NXRKBX','AUD_ENUDUX',36,83.1,977,'9',10,15580262
'RGB_0IU66J','MECH_65JIWL','AUD_8XE9EO',46,88.1,895,'17',8,13290993
'RGB_1FEZ6R','MECH_3XHHH8','AUD_WPD6WQ',48,96.0,475,'15',3,1385162
'RGB_SEETNO','MECH_IQBDSB','AUD_SCCPG8',70,91.8,494,'9',10,5784065
'RGB_35K03J','MECH_58NBDA','AUD_AG5DHI',57,83.6,252,'14',7,9386566
'RGB_GC8MCR','MECH_6AJQ9I','AUD_ZGRTLR',96,86.7,589,'12',10,14387719
'RGB_RSXFXG','MECH_MQ9O4T','AUD_QVHFZ2',9,88.3,186,'8',4,12432195
'RGB_KGW6XW','MECH_A9S47B','AUD_5MC88M',38,91.1,329,'9',6,14003699
'RGB_NZO01U','MECH_K4M09U','AUD_4II6KR',83,98.6,460,'20',7,16157042
'RGB_SLE46Y','MECH_QFWLEA','AUD_4VCM4X',61,87.4,925,'14',10,10625987
'RGB_UCN978','MECH_Z008YU','AUD_S38YEL',3,84.3,513,'5',2,13611802
'RGB_J7A1I6','MECH_4BN5MK','AUD_H7G4Y9',45,87.8,210,'16',4,11980801
'RGB_DAW0HB','MECH_3XT26L','AUD_0PERFK',97,91.3,121,'10',1,6435340
'RGB_CE3C4B','MECH_6INPI4','AUD_69SO6X',82,84.7,548,'11',9,4232962
'RGB_X7QXQH','MECH_NAE8ZF','AUD_XH3RPT',92,95.3,246,'12',10,793439
'RGB_MPBZC7','MECH_LTO9EO','AUD_JK7UY4',57,98.5,473,'14',2,13522476
'RGB_QLPAW1','MECH_GAZL6T','AUD_NIJYJH',54,90.3,643,'20',4,3085305
'RGB_88WY4G','MECH_K8I6Y9','AUD_DVNPTN',60,92.5,350,'15',4,349209
'RGB_EZSIFO','MECH_SLYPT1','AUD_87PO4Q',46,96.5,651,'16',10,4664508
'RGB_RBOIT6','MECH_CHF6GT','AUD_4UOL4G',40,80.9,238,'12',2,6066113
'RGB_N3DXTB','MECH_3UL2C9','AUD_HDDR7Q',84,87.6,918,'7',6,11087348
'RGB_XR3ZM5','MECH_VUBCFF','AUD_QR245R',75,83.7,967,'14',1,6899485
'RGB_83JEFU','MECH_APYNA5','AUD_R6P9MX',17,94.0,872,'15',3,15896687
'RGB_V6NAWK','MECH_BZ93Y4','AUD_ARJWQO',3,98.5,800,'16',5,15058454
'RGB_3BN6TF','MECH_FWGFNI','AUD_64BY10',99,93.0,289,'9',7,15479738
'RGB_WE7QKH','MECH_8DASBL','AUD_6DY2I6',50,90.9,487,'15',5,14575412
'RGB_UJQ9M6','MECH_D8G8QY','AUD_1VNG2X',38,99.7,734,'16',6,15352212
'RGB_9MMNKN','MECH_W64ZFP','AUD_QHRZB1',4,85.8,612,'6',6,12157926
'RGB_SE2AA4','MECH_OAEJTH','AUD_BI18CS',56,98.5,806,'14',10,15238798
'RGB_0S54YW','MECH_6BGHAI','AUD_1Q9YPO',71,98.7,501,'19',8,2815049
'RGB_79VXJ4','MECH_NNVUOM','AUD_G4VHV6',73,86.0,979,'7',10,6006968
'RGB_1KLPEJ','MECH_GKPPD6','AUD_RDMW9V',90,99.2,163,'5',1,8067225
'RGB_WL5LME','MECH_NXEX7V','AUD_4ZPOCS',29,86.9,206,'5',10,13652820
'RGB_OVO0R8','MECH_2AL1DY','AUD_R5LS0A',72,99.6,488,'19',6,12574152
'RGB_H2TU0Z','MECH_1KFR5C','AUD_0VS5QZ',36,93.3,195,'12',2,13503572
'RGB_E2BLF5','MECH_MHWCI3','AUD_CLQB4L',96,94.2,112,'12',7,4362811
'RGB_OFSN7M','MECH_8QF5MJ','AUD_1MD83N',67,94.6,907,'18',2,14510317
'RGB_XKKKKR','MECH_EGF2C1','AUD_6XDO4G',88,81.3,335,'9',2,974662
'RGB_LEF7LC','MECH_R0AA51','AUD_5MFOV3',19,81.4,213,'16',4,5507043
'RGB_MJ3J0P','MECH_4C670V','AUD_TQ73MP',10,86.9,408,'12',5,7664403
'RGB_VUOLV1','MECH_NZZZJU','AUD_Y9W8XG',2,84.1,819,'20',7,4826909
'RGB_1A1IMV','MECH_NF4QRV','AUD_E6F4W6',41,93.3,683,'17',5,1285291
'RGB_PCZFFL','MECH_IE3U3H','AUD_LUZZCX',24,83.4,184,'8',7,16350108
'RGB_2AH7KH','MECH_3H5KKL','AUD_6JCUGN',70,87.6,368,'18',2,14352625
'RGB_TSB7TL','MECH_SHIPYG','AUD_ETC2A3',46,83.7,874,'11',2,2813156
'RGB_OVGDVC','MECH_MYCTZ2','AUD_Z7LRVA',11,91.5,369,'17',8,10949241
'RGB_6QJDDU','MECH_IL1DY7','AUD_RHQ17L',36,83.6,804,'19',6,8499653
'RGB_3INMNI','MECH_40TUU9','AUD_2DG6QL',77,80.1,893,'19',1,14620186
'RGB_068IP2','MECH_4BEDLU','AUD_NYR8XP',78,91.5,805,'20',6,7817839
'RGB_OX8UIB','MECH_YQH6NF','AUD_47855J',90,90.7,669,'11',4,13714194
'RGB_KBM6MV','MECH_6FG9UN','AUD_KQT5KO',4,84.2,321,'13',1,11000089
'RGB_IEHFV6','MECH_5I7C7M','AUD_K8XL46',64,93.2,724,'20',1,13326897
'RGB_X95YFR','MECH_HSOASE','AUD_ONB7VP',79,83.3,129,'5',9,1125728
'RGB_ER0ZQ2','MECH_WRCNUS','AUD_AECVZG',26,83.0,744,'6',5,12302644
'RGB_U6E7ZU','MECH_M0Q69Y','AUD_Y9O99G',28,90.9,404,'20',8,12450875
'RGB_4AJCJK','MECH_734JO3','AUD_7SU5ZC',100,98.1,959,'6',1,12210321
'RGB_M2LAA1','MECH_FO711Y','AUD_WSSCKD',96,83.8,212,'15',2,8654716
'RGB_82OCFD','MECH_EY8PZ1','AUD_JCDVB7',0,87.7,633,'10',6,6513824
'RGB_BNCIGN','MECH_OP4H7E','AUD_C267CI',76,98.4,393,'17',9,11822795
'RGB_4F6L32','MECH_SPO4EH','AUD_M3KIYP',18,89.6,676,'5',8,13617522
'RGB_A80HGL','MECH_DA4EEO','AUD_ENKH7S',97,93.6,119,'8',1,14761883
'RGB_Q6M8WB','MECH_60706R','AUD_LI3LGM',27,83.7,914,'19',9,9614119
'RGB_MEWZBB','MECH_0VEB4D','AUD_3UHH2U',21,92.0,460,'12',5,6654969
'RGB_VJX02A','MECH_U6X4N2','AUD_ZMCJ3X',29,89.7,417,'17',9,10794598
'RGB_VTQXM2','MECH_XQ8XRP','AUD_5YJSXJ',100,98.8,956,'11',3,12147389
'RGB_XOL16W','MECH_W89ANI','AUD_KPWQOP',51,90.5,253,'5',2,886933
'RGB_SWHU7H','MECH_HXXLUU','AUD_YX9DA3',42,81.4,906,'16',7,12658696
'RGB_4C9JXU','MECH_3109OC','AUD_OTGZFL',83,90.3,775,'18',9,1201042
'RGB_E2QHN8','MECH_E53Z2W','AUD_L2HLJ3',44,99.4,273,'10',2,8993326
'RGB_LWFQTP','MECH_LQTQ6L','AUD_ISAOBU',5,91.1,161,'8',1,5783211
'RGB_2TAQNL','MECH_AT2QCN','AUD_5L8T1R',68,87.3,150,'14',6,14429706
'RGB_ZZ8YN1','MECH_SRSRD2','AUD_F05XK4',6,83.0,718,'10',4,2479659
'RGB_S5MQ9M','MECH_0SATSC','AUD_2M5NC4',86,91.0,639,'12',9,1779678
'RGB_5RMD3N','MECH_I2WJTQ','AUD_PTXX0P',96,89.7,640,'6',4,12531211
'RGB_Y4OG68','MECH_2F119B','AUD_PKVUK3',1,81.9,485,'12',5,15695137
'RGB_Z6THDZ','MECH_WLC7J4','AUD_Q8FTDW',77,83.8,407,'20',1,11708736
'RGB_L6BGFD','MECH_59BPTZ','AUD_1X33EP',14,81.1,773,'20',2,9511444
'RGB_J0ABAO','MECH_S8RV78','AUD_85CXV9',87,93.3,306,'18',2,11931418
'RGB_SZ0Y3K','MECH_8CK2X9','AUD_GH6ZEX',65,97.6,165,'15',3,11600173
'RGB_YCJBQH','MECH_DZJF0O','AUD_38TLG4',52,98.3,750,'14',2,13434003
'RGB_N1D059','MECH_2XXHGC','AUD_6VHSZQ',76,93.2,119,'9',10,136678
'RGB_86CNML','MECH_C3TJE7','AUD_K0XDFD',28,84.3,300,'13',7,7551551
'RGB_H7BR55','MECH_SA1WTT','AUD_A7CF0G',92,97.6,411,'6',9,286800
'RGB_B5M2PU','MECH_S92SB6','AUD_5P7P9N',14,89.1,389,'12',10,1460643
'RGB_1ODFGW','MECH_CRQ07X','AUD_77FNIE',96,80.5,702,'9',6,7615783
'RGB_K9VSYE','MECH_1L7TUP','AUD_UCVRMU',67,94.2,932,'15',9,1879489
'RGB_AM6D5L','MECH_G6GG26','AUD_GFVAJE',16,85.8,787,'12',6,16555902
'RGB_M1C3Z3','MECH_8RVSKX','AUD_VN5A10',13,85.0,515,'6',5,11544421
'RGB_7NFOB4','MECH_QJ7MA2','AUD_UV59BH',96,81.8,570,'11',5,770420
'RGB_3OP7Q5','MECH_NL8LB8','AUD_N715WL',97,85.5,422,'13',2,11903535
'RGB_SUQH7V','MECH_2PXR4P','AUD_8V7SUA',100,94.9,544,'8',6,4296157
'RGB_NUGZ4D','MECH_9TLPMA','AUD_CVUW1X',56,86.9,579,'9',4,5564402
'RGB_XS1MH9','MECH_ZMN6AW','AUD_D8FJ53',25,89.4,788,'12',3,7794457
'RGB_GMCMHR','MECH_CIBMRE','AUD_UQWHLM',66,83.6,441,'10',10,3860526
'RGB_4BJU0X','MECH_WE0E2Z','AUD_LEJ8Z6',48,97.6,434,'14',9,9338613
'RGB_4HBZL2','MECH_DDU9YR','AUD_745G1V',22,86.0,932,'10',10,853180
'RGB_UV9OOM','MECH_SNB28W','AUD_I0932Y',48,86.7,457,'11',10,11787684
'RGB_DT8EB5','MECH_TFIEB3','AUD_X4KEW4',16,89.0,947,'8',3,10311441
'RGB_KQ7V8Z','MECH_I98KDY','AUD_Y8N97P',7,85.0,570,'17',6,3657472
'RGB_Q3ZQRT','MECH_Z3KKHK','AUD_QRI1YO',74,99.4,368,'7',3,7932750
'RGB_HINE9A','MECH_MUC1FM','AUD_FOZX1O',34,91.1,355,'7',4,15056023
'RGB_TIT3DY','MECH_LDSFPO','AUD_CDVJZK',95,96.1,765,'8',4,4255997
'RGB_FYA2KV','MECH_MKN44O','AUD_GCUYDK',42,84.9,606,'6',8,6517487
'RGB_DW0YHP','MECH_BI8NIC','AUD_VHI808',74,84.4,104,'20',3,6368637
'RGB_XISLI8','MECH_FAEM02','AUD_SJ9F6K',90,81.0,222,'12',1,5028968
'RGB_EWC6JM','MECH_AUB42T','AUD_T13FHR',13,83.3,284,'13',8,8992799
'RGB_ZKZ8XP','MECH_83UVU1','AUD_OK44VC',56,93.0,870,'19',6,7357368
'RGB_AF7NXR','MECH_OOVIHA','AUD_SDQS26',35,98.2,703,'14',10,5795220
'RGB_K4NI94','MECH_TLSUHI','AUD_QI4ZY9',27,80.2,440,'9',3,3175581
'RGB_SK7VKC','MECH_6VZHXY','AUD_765QHN',0,99.7,895,'14',9,2877510
'RGB_2YHIB8','MECH_T0LEMO','AUD_Y65BHZ',69,90.8,516,'9',3,12882357
'RGB_FFXO39','MECH_QCUTKT','AUD_VWZIWW',20,83.6,587,'18',4,4970023
'RGB_WUSSKX','MECH_AAE5RZ','AUD_5L775M',90,94.0,181,'18',10,2160774
'RGB_8DPG9J','MECH_8TXXRO','AUD_S3EA07',84,87.9,895,'11',7,3354760
'RGB_NOJ2NF','MECH_3XRPUO','AUD_MCQ4G7',89,100.0,493,'6',8,9120656
'RGB_G79TN6','MECH_89RAEL','AUD_FZLZWU',80,93.9,244,'6',6,2094970
'RGB_KT7S36','MECH_5P8RIH','AUD_OA64IA',36,83.0,553,'19',6,5706997
'RGB_5F3257','MECH_5UR7LZ','AUD_0BKWAX',94,95.7,514,'13',1,2179470
'RGB_WGXT03','MECH_N2ADKL','AUD_CGYDOX',37,84.7,558,'20',9,4741820
'RGB_ITC7YW','MECH_1UPBI3','AUD_MW3CT3',63,95.3,363,'16',7,8186965
'RGB_T4WMIP','MECH_7PQZ81','AUD_SYB2ID',53,80.9,735,'15',7,10889452
'RGB_V80CXD','MECH_BBGGL2','AUD_BCL5AH',52,91.9,458,'13',2,2220879
'RGB_GBCTIK','MECH_HRM3T1','AUD_8UOUVM',81,91.1,824,'16',1,12972737
'RGB_VD9AW9','MECH_FO4Q8H','AUD_NVGZQT',68,80.2,476,'13',1,11975050
'RGB_ZAS0JQ','MECH_W938WU','AUD_Z7MHVP',49,88.6,423,'15',8,13927399
'RGB_7QV2JU','MECH_A004FP','AUD_WPVJ9T',97,81.5,612,'6',5,10423138
'RGB_DPZFB6','MECH_L010QC','AUD_U8ZCZ5',60,90.8,277,'16',9,14075244
'RGB_VMQQG3','MECH_3X0SO0','AUD_YKONB1',40,91.7,364,'11',1,2164320
'RGB_3C166F','MECH_PN6AH9','AUD_N5ICVW',66,98.3,473,'9',9,15364855
'RGB_PDEMV8','MECH_NGN4ZI','AUD_GRUX0A',39,92.4,492,'9',6,8270775
'RGB_WOM65Z','MECH_D97Y40','AUD_8M8JNM',44,91.8,339,'20',8,3055072
'RGB_L3KT9C','MECH_5U42P4','AUD_8JM90Y',45,89.0,322,'14',10,4357354
'RGB_QBVUND','MECH_8P8AJC','AUD_1OKPM7',7,84.4,916,'19',2,16471816
'RGB_OTZDXF','MECH_XUDXNI','AUD_LPMZ0E',50,88.0,696,'15',4,12967832
'RGB_Q7SHQP','MECH_MY12IR','AUD_9BEMDK',82,97.0,533,'7',10,5685795
'RGB_E3NTQK','MECH_85HXXX','AUD_QNN292',17,89.0,516,'5',6,3741712
'RGB_4L45KP','MECH_22SD8W','AUD_6XOMQR',5,97.4,664,'20',1,13407642
'RGB_PFE9LX','MECH_ZSJ8ZJ','AUD_KUKNF4',98,80.4,973,'20',7,477822
'RGB_QSBF7K','MECH_WFKPI9','AUD_GP9XU5',64,92.9,306,'10',7,6397332
'RGB_67V7FX','MECH_KZXJHX','AUD_CFPH9M',2,91.1,783,'11',3,7601564
'RGB_WTY81D','MECH_5DMKKD','AUD_CVUNI6',89,87.6,501,'14',6,985532
'RGB_S4NYCM','MECH_CKG4D9','AUD_UTWVWH',87,97.7,904,'10',1,25672
'RGB_T56DTW','MECH_1T9AYB','AUD_UXETE2',56,82.0,778,'9',4,3986537
'RGB_8RQHG3','MECH_5GTIGW','AUD_RSXVAO',51,94.0,337,'10',3,7505926
'RGB_Z4W91Z','MECH_6ZPBRL','AUD_CTI4MX',53,94.6,301,'10',6,3877186
'RGB_QFTSSI','MECH_VPEGL6','AUD_I7SVCH',17,90.9,313,'14',9,12830799
'RGB_BWZNKJ','MECH_Y73CX1','AUD_A4EJEC',31,82.8,753,'15',1,4702135
'RGB_IY3E0K','MECH_BZIBIU','AUD_TS76UF',46,83.0,580,'11',6,4585764
'RGB_O5LVDT','MECH_THU5RC','AUD_WMBWFV',18,86.8,297,'10',9,12988398
'RGB_P4QZEW','MECH_HJF85X','AUD_05XDXM',11,97.0,844,'16',3,13107825
'RGB_NMRBBK','MECH_R6255F','AUD_BQ95DV',1,87.8,192,'8',3,9819990
'RGB_AS4OI3','MECH_V2JT4N','AUD_PVN7BT',100,93.4,534,'11',10,4777116
'RGB_9OAQVK','MECH_ACGW4B','AUD_4L9MCS',93,92.5,776,'13',4,11116084
'RGB_0UHLSY','MECH_AP1MTF','AUD_BHU545',45,93.8,798,'13',2,1759823
'RGB_IWE19T','MECH_LLUU84','AUD_TJ9K0C',27,89.7,575,'17',3,4478778
'RGB_1J0OIN','MECH_7EARQ7','AUD_NXSY5E',38,93.8,419,'20',4,3094156
'RGB_IL89RA','MECH_PAPUGD','AUD_2E0ECK',40,84.0,879,'16',10,15705861
'RGB_A8Y4SH','MECH_1031FG','AUD_X818EN',38,83.2,722,'15',1,6519200
'RGB_0M1Z2B','MECH_N06116','AUD_GDM96Y',48,90.9,453,'13',7,15586006
'RGB_UR3HIG','MECH_P2T789','AUD_KGGJIQ',21,82.2,404,'20',3,12144331
'RGB_1VH2VG','MECH_KC5YWS','AUD_2EBJOB',90,94.6,243,'18',2,4771321
'RGB_WX8TZK','MECH_R9W06W','AUD_6Z31ZE',93,83.7,714,'5',4,16015155
'RGB_4HBWMF','MECH_L9SDZE','AUD_W24EKA',4,93.0,726,'8',10,1403717
'RGB_3J6S3S','MECH_96WY0R','AUD_GWHPUX',26,94.8,322,'20',4,8777577
'RGB_NAUP66','MECH_WEMLLW','AUD_FQPZMU',100,87.4,157,'10',4,15386741
'RGB_YZZG3M','MECH_RKW331','AUD_MSKEI2',70,96.0,460,'17',3,1596995
'RGB_N1EJQJ','MECH_MKNN45','AUD_4Y37BI',83,91.8,222,'15',6,12058037
'RGB_59PR6Q','MECH_EWAK26','AUD_ZAFLX3',22,98.6,596,'13',9,4044340
'RGB_HHN3HA','MECH_EOTKY4','AUD_X3FLI4',22,97.9,899,'5',6,10510422
'RGB_NKOAM7','MECH_TUVFGL','AUD_KTDOTO',87,88.7,893,'14',10,2761999
'RGB_VI392M','MECH_MNABQE','AUD_JDTTZE',90,80.8,192,'9',10,1785768
'RGB_V7HG07','MECH_4NB34Z','AUD_K7U4WH',11,92.8,731,'18',7,8729225
'RGB_2ZSFNU','MECH_UB42YN','AUD_Q1J7BI',63,93.9,134,'19',4,6053559
'RGB_Q63LEO','MECH_SFUVQR','AUD_BVE7F9',93,95.2,308,'19',1,6024686
'RGB_V17BWK','MECH_CMEM23','AUD_5M8KL6',77,89.6,535,'20',7,10437666
'RGB_V4NZII','MECH_XRG540','AUD_TCV5V2',38,97.0,672,'14',5,11282791
'RGB_NXR6L8','MECH_OOXA7C','AUD_LK3ZF4',65,88.0,513,'10',8,6912864
'RGB_ISO9K7','MECH_JR5L5D','AUD_RIXBKG',71,89.5,730,'7',2,1480577
'RGB_UTS3GS','MECH_KQOL8C','AUD_KPVWQX',66,96.7,282,'20',2,15122087
'RGB_LCOD93','MECH_OJHAMW','AUD_VGQDW4',31,80.7,157,'9',5,9241426
'RGB_D1WCOJ','MECH_18T3FZ','AUD_K0A570',64,86.0,956,'8',7,12129118
'RGB_9N5YWI','MECH_8DNSCI','AUD_3XWKT0',32,86.2,219,'18',6,328543
'RGB_POHV1I','MECH_JVT2V0','AUD_A3WTNM',5,97.0,216,'14',1,3610057
'RGB_6CVN2U','MECH_WSOZQC','AUD_TUW4TL',90,97.2,656,'16',1,6219792
'RGB_ZFEGY5','MECH_DR3DBF','AUD_QV82WT',84,88.1,387,'20',1,15526415
'RGB_3U9W6Z','MECH_BZO2U2','AUD_2WL293',1,93.8,455,'9',1,5122488
'RGB_IJHZQC','MECH_LX1GMK','AUD_WJUAQ7',69,83.4,197,'5',10,14373693
'RGB_RC2Y09','MECH_OFD8V2','AUD_XN29NH',22,89.2,160,'11',4,4348282
'RGB_HN7J1A','MECH_QUFM45','AUD_9XEI2P',61,94.7,826,'16',2,9445433
'RGB_T3WG0J','MECH_28MGIC','AUD_7OQP59',60,87.5,194,'6',9,239005
'RGB_2WQ9I3','MECH_NCQQA6','AUD_Y5UWVY',9,92.6,363,'11',3,15413150
'RGB_BH811I','MECH_4DTF06','AUD_MTLSEK',17,92.7,869,'12',2,14056290
'RGB_FI8YKZ','MECH_DVZ0CZ','AUD_QI2PSL',11,80.3,378,'16',1,11968385
'RGB_W57MSP','MECH_1KS24C','AUD_OIUXK0',75,93.3,702,'6',5,16471005
'RGB_498ITW','MECH_WIL4BW','AUD_PEMU4F',83,95.2,644,'14',6,15551947
'RGB_TFOE31','MECH_HK7ALF','AUD_A8YLT7',71,89.2,976,'20',10,14333737
'RGB_Y43DQ3','MECH_P0A8QQ','AUD_9B58JM',68,85.2,129,'19',9,1862716
'RGB_YOZ6SI','MECH_YA7QCT','AUD_9SCMAF',34,99.8,244,'19',2,6213942
'RGB_MZ6Q20','MECH_KJGF2Y','AUD_YE28EI',71,92.3,283,'12',9,12020087
'RGB_C4X3TS','MECH_CP2BYC','AUD_LFSOO4',47,80.4,669,'18',5,16049015
'RGB_DMLL33','MECH_84ZJFD','AUD_5W27UD',62,80.6,687,'9',3,1756423
'RGB_I6RD6P','MECH_4FCQX0','AUD_C7D6MP',4,80.0,363,'10',4,3375958
'RGB_500T54','MECH_26F4P3','AUD_F51ULZ',94,80.0,852,'18',3,8543417
'RGB_FSO3GJ','MECH_M5KUSD','AUD_PDP2IO',72,84.4,493,'6',1,1162915
'RGB_RLKBBK','MECH_ZPVPJW','AUD_A9OM1V',7,84.3,983,'13',8,15440002
'RGB_B71LTT','MECH_RKO59H','AUD_NHHBVQ',80,95.4,705,'15',6,14948140
'RGB_G3MGKA','MECH_8XRZ1C','AUD_ZM5AGT',27,85.5,991,'20',3,13576496
'RGB_Z6U7H6','MECH_O1U4F1','AUD_I869Z0',75,82.7,466,'20',10,12499019
'RGB_684NVU','MECH_PDXG4D','AUD_J82BPU',88,93.8,324,'11',9,959904
'RGB_YIE4TK','MECH_2BQYF6','AUD_0GO300',79,89.9,844,'9',7,6468451
'RGB_ML5U3Q','MECH_W4MZZ0','AUD_X4KGA7',0,83.7,851,'7',6,14303463
'RGB_XVDBUS','MECH_5R3MU6','AUD_QQ8Q44',43,98.3,876,'6',2,9401491
'RGB_QVCDPO','MECH_O2EJMO','AUD_HD2V38',2,93.2,571,'7',1,4485810
'RGB_OW0NQD','MECH_N5KAOR','AUD_B2YML1',77,97.2,947,'10',9,2231185
'RGB_7470NY','MECH_ZU25VW','AUD_M00AJ6',0,87.9,342,'8',6,13422691
'RGB_XW6AI9','MECH_QNY6AQ','AUD_WKRKSG',65,89.2,344,'11',6,15742516
'RGB_TONRKP','MECH_P1XWKD','AUD_SNYEOG',54,93.7,550,'20',4,5314405
'RGB_L1LPR3','MECH_TLGXF0','AUD_HJWLJF',84,87.4,402,'10',2,2698036
'RGB_GZOTW9','MECH_QL522S','AUD_8G2INN',80,81.8,821,'20',2,13488095
'RGB_D91DVE','MECH_JFOXVJ','AUD_5YWSXU',36,89.5,131,'5',5,9350633
'RGB_0UFFSH','MECH_8D5ZWT','AUD_JR458Y',5,94.4,175,'17',1,7591788
'RGB_I5U417','MECH_HDQ4VT','AUD_AL3WFU',41,86.4,416,'20',6,6642077
'RGB_8L4IT0','MECH_CTWB8P','AUD_RLN4NV',94,97.5,740,'19',6,10548919
'RGB_LTXENW','MECH_QDRUX1','AUD_UD4T5U',84,93.4,624,'16',3,16686750
'RGB_O6RNER','MECH_D4K498','AUD_BW1JOJ',79,83.5,896,'6',4,13289453
'RGB_44LTC3','MECH_CE61Y6','AUD_GY9PUA',38,98.7,400,'18',9,11563998
'RGB_QFXKCS','MECH_LK8RNS','AUD_H1X7L5',8,83.3,618,'20',10,5297291
'RGB_0UH0PL','MECH_7S2RSZ','AUD_765H1C',96,81.3,591,'13',6,5170713
'RGB_ZHT4X3','MECH_SA49D7','AUD_1WY29P',97,99.7,139,'12',8,7723876
'RGB_E068FK','MECH_DJ1JDJ','AUD_57U7CS',88,94.1,285,'13',2,1576441
'RGB_FOZLKZ','MECH_DB4RL7','AUD_H9XPX1',98,81.2,945,'15',6,264387
'RGB_ECO1SS','MECH_K39HC8','AUD_OAT3IH',30,84.9,627,'9',1,12358338
'RGB_NF839B','MECH_C2DQDM','AUD_H5IZDS',87,95.8,489,'7',1,4200749
'RGB_P3191I','MECH_K6S6OQ','AUD_A5857C',78,80.6,483,'13',8,3640454
'RGB_CXGOX6','MECH_K8FJOR','AUD_H2MFO9',34,85.4,573,'11',5,6692448
'RGB_C0PVEL','MECH_DVXANR','AUD_A2SU71',47,82.9,378,'12',6,3652592
'RGB_9U8GKX','MECH_UGIXE1','AUD_SKFOYD',39,94.6,248,'9',6,5868802
'RGB_W3R6H7','MECH_7OX4AF','AUD_1F7Z7D',75,88.9,547,'17',1,8320897
'RGB_W8XG4X','MECH_QGVK7O','AUD_GBXFVD',93,95.9,671,'6',8,10753284
'RGB_XEYW4F','MECH_07SA1M','AUD_P1L5JM',53,94.9,686,'18',4,60030
'RGB_PQHJDN','MECH_X34932','AUD_ZMXBKU',16,97.7,915,'12',4,8481402
'RGB_5QO749','MECH_Y67JJX','AUD_OEF17E',30,86.8,394,'10',4,2798358
'RGB_M2CEL4','MECH_331KPQ','AUD_MXQ68W',39,89.7,604,'7',8,10805142
'RGB_2T9KYF','MECH_072CT9','AUD_VRNNGH',49,88.1,951,'17',10,14942490
'RGB_4DFMCX','MECH_BTW6EN','AUD_GPH8TH',75,87.9,406,'5',4,11424880
'RGB_Z5PUQ6','MECH_33KLP2','AUD_I92CHQ',51,84.4,123,'15',1,396659
'RGB_MUSDFR','MECH_JLHFXZ','AUD_ZTTC7U',53,84.9,379,'8',2,12742081
'RGB_5J6ASY','MECH_S6X5D3','AUD_619NUS',51,88.2,664,'19',8,45025
'RGB_1N6GAJ','MECH_BDNJ4T','AUD_7J02QC',29,91.5,856,'6',10,16542878
'RGB_TXPQER','MECH_WRM5EC','AUD_7HDE5Y',90,89.2,188,'6',6,2558025
'RGB_FW4CP9','MECH_HA8558','AUD_QCROGI',82,82.2,981,'11',1,8143481
'RGB_A90NM3','MECH_JVTWWJ','AUD_8GFKM9',75,98.2,344,'18',7,10647197
'RGB_G8K5J5','MECH_4XNEDI','AUD_YCKLIS',63,86.4,535,'9',2,6683666
'RGB_RE5I4K','MECH_IUGFC9','AUD_LTMYSF',40,89.0,907,'11',7,14572724
'RGB_PR3LC3','MECH_FPQ001','AUD_ZHGT8S',48,80.1,747,'10',8,10834812
'RGB_H4NUX3','MECH_VY1DN7','AUD_5XDBUK',54,89.3,709,'13',6,5648934
'RGB_9NZ8S6','MECH_9Y77FC','AUD_O8P1SW',20,82.0,933,'18',2,16137344
'RGB_CPNPEP','MECH_V6HINH','AUD_VO65FS',85,95.5,473,'9',10,1916883
'RGB_AL02TQ','MECH_IZD1QP','AUD_AVRG6N',28,80.7,649,'11',2,4606859
'RGB_KWN25Q','MECH_7UKDBF','AUD_94II5Q',2,84.3,991,'20',7,12357915
'RGB_9JNQA2','MECH_68RTEM','AUD_CSDX4J',79,96.8,971,'10',9,4146628
'RGB_GRT2WO','MECH_87PTWQ','AUD_69QIHE',18,91.2,527,'12',10,12874883
'RGB_K4B6TB','MECH_AB369O','AUD_KJ02F3',74,89.1,201,'10',5,1367735
'RGB_Z38HTA','MECH_9W8HGK','AUD_SLSZF1',3,89.3,991,'13',6,2445971
'RGB_J6XA2Q','MECH_P7H2JA','AUD_F9TA4I',46,87.6,268,'19',1,5990258
'RGB_4774GL','MECH_2IMS1E','AUD_JYZKZ0',96,81.6,366,'15',8,774053
'RGB_8AIZAD','MECH_JN4SBI','AUD_YAWNJ5',1,80.5,835,'8',8,13392258
'RGB_PMFEUF','MECH_PLOR3J','AUD_WXMILI',78,95.2,155,'9',8,7531921
'RGB_XYO783','MECH_YI8FE2','AUD_AXUWJS',91,87.9,712,'15',1,16493041
'RGB_Y61Y2D','MECH_Q1W6SW','AUD_GC6MJC',54,89.8,916,'17',5,9780204
'RGB_JQTESH','MECH_TGCQLY','AUD_1P4I77',9,87.8,738,'8',4,4902733
'RGB_YFJ15S','MECH_ZF5EW2','AUD_U5X625',96,95.1,447,'9',7,4374162
'RGB_6WYFZZ','MECH_0DLHV8','AUD_GWD0TD',69,96.8,536,'9',8,10837625
'RGB_X52WX1','MECH_QQ1YBZ','AUD_CV5SW0',45,93.7,438,'10',4,12148423
'RGB_E2R1XL','MECH_4I1FJA','AUD_BZ9V9C',44,81.6,403,'7',3,3936994
'RGB_JZHJ37','MECH_CIY57Y','AUD_CKPBER',46,85.4,742,'15',8,12008609
'RGB_2FX9UZ','MECH_WTHIQC','AUD_ZLI7ZE',78,95.2,142,'7',9,12223446
'RGB_UOUTLB','MECH_6O009A','AUD_FU8DA4',63,81.5,902,'5',1,10363904
'RGB_AHDVD9','MECH_QFLQ7M','AUD_1HLP64',92,93.0,677,'17',1,13390487
'RGB_H5B51B','MECH_54RMTB','AUD_C8TRC6',62,96.5,549,'14',3,4463651
'RGB_5J594T','MECH_IRD2BZ','AUD_AO7RUK',89,99.5,767,'5',2,5992866
'RGB_7MZMHA','MECH_V2NERZ','AUD_1OAFRA',43,90.3,501,'9',1,977486
'RGB_K2OKNM','MECH_BTI3FR','AUD_DVIVS1',78,80.2,378,'15',9,5386462
'RGB_H3PWT8','MECH_XMY1OW','AUD_3YU18K',38,94.6,442,'20',1,6189793
'RGB_H45ZO5','MECH_ICW7VR','AUD_UESFZW',59,91.9,326,'14',10,13184860
'RGB_7GB9IC','MECH_0BCPMQ','AUD_BQ4C9T',65,89.0,147,'9',4,9575216
'RGB_HDYBBX','MECH_SQ023A','AUD_C6DTAK',64,87.5,842,'6',8,11738965
'RGB_CRBX0O','MECH_S1VB4I','AUD_SA7RY3',91,95.5,590,'7',8,11055357
'RGB_B39GJY','MECH_P8MLMU','AUD_G0TSDV',32,91.1,786,'9',6,1364589
'RGB_S5G671','MECH_8EFDAI','AUD_WWDAM2',94,82.4,131,'5',8,14013195
'RGB_J8F4MD','MECH_RMMC8J','AUD_XKDMCW',44,97.7,563,'9',4,14809028
'RGB_Y7O47B','MECH_QRCENI','AUD_MJ1OU1',56,90.8,855,'14',1,4802511
'RGB_2FC7FD','MECH_BWG45O','AUD_T0XASQ',5,95.2,848,'20',4,13479323
'RGB_VLWJ66','MECH_D0JVDR','AUD_CRX073',35,94.0,749,'16',7,10865126
'RGB_H1UXGD','MECH_7E16TN','AUD_E5SNXT',89,92.8,720,'11',1,9988594
'RGB_Z7EOGX','MECH_T4A0ZA','AUD_SI1WS2',26,89.8,299,'20',3,8390147
'RGB_8HZ80T','MECH_91RFH9','AUD_EJ37U1',92,84.0,734,'10',3,8872729
'RGB_OH00GP','MECH_UWATG5','AUD_BSKRRX',28,95.7,588,'17',8,8339180
'RGB_BP0D0Y','MECH_NF8SHZ','AUD_G3GGKQ',93,81.7,243,'6',8,3774616
'RGB_CSJJ3I','MECH_32SU05','AUD_59XFNB',33,95.6,690,'12',2,4767635
'RGB_0J4B8F','MECH_BQZGUO','AUD_Y4XKDU',79,99.7,187,'17',6,6377738
'RGB_8YEM6T','MECH_USTXA3','AUD_JQZBTZ',1,82.9,624,'16',6,10100087
'RGB_J6V31X','MECH_WAGQZB','AUD_B50LCN',15,88.6,349,'15',5,1447860
'RGB_BNCRXW','MECH_UQZ599','AUD_PD8F75',27,84.0,402,'20',5,6655578
'RGB_J9QH7T','MECH_EOWP6Q','AUD_R5EHN0',26,85.9,163,'10',3,15466167
'RGB_0Q43CW','MECH_L7XXZT','AUD_HXIHQP',40,94.0,614,'14',9,16586348
'RGB_SKIJ53','MECH_3JY5FQ','AUD_7SH2TW',75,81.4,764,'15',10,14939141
'RGB_DYNJPW','MECH_U9H18H','AUD_KM9VR2',58,85.4,239,'17',2,3205988
'RGB_0O01WA','MECH_AQCG6Y','AUD_Y6GQJN',86,91.0,669,'16',6,6001728
'RGB_XKQ601','MECH_BMAFG7','AUD_GE5ORJ',79,85.1,413,'19',1,11628988
'RGB_5E8OW8','MECH_TV3YTX','AUD_8WU97L',36,82.5,790,'6',3,9559903
'RGB_NCZIG7','MECH_XAN61C','AUD_MHKUBY',24,80.4,787,'12',3,8099317
'RGB_Z31SMI','MECH_K7OTCI','AUD_V8S5AD',10,81.2,530,'12',3,1021757
'RGB_E0HGZ6','MECH_46QRK9','AUD_OTJGZ7',100,80.6,115,'8',7,10353660
'RGB_ODUXER','MECH_JU3MA1','AUD_6O25VJ',22,91.6,154,'20',5,5820692
'RGB_CF8Q4D','MECH_TW3O6N','AUD_2NHTJZ',77,82.0,103,'5',10,8399970
'RGB_PBF1PM','MECH_9V5EXE','AUD_GDK5EM',61,90.8,892,'16',7,11536510
'RGB_YLCIK4','MECH_C1NE9Z','AUD_60KGQU',30,89.2,579,'18',9,3537314
'RGB_K6AV8E','MECH_JLXCN6','AUD_93VWTU',9,97.5,463,'5',9,13392263
'RGB_9J3HBD','MECH_F7RFXS','AUD_KV44SD',79,99.4,796,'10',5,10735662
'RGB_NB77VI','MECH_CLI694','AUD_BU7111',72,85.4,867,'8',2,7641975
'RGB_U25839','MECH_XNU1HE','AUD_X00BT6',14,96.0,153,'5',2,15694046
'RGB_G3VH4O','MECH_39A8EF','AUD_ANQDQE',33,88.0,989,'20',4,4345631
'RGB_4IJ4QV','MECH_TSUK9X','AUD_J9LGUJ',63,87.7,616,'5',3,13595862
'RGB_4L9J8Q','MECH_XCZ6YJ','AUD_JOSNGL',36,85.3,309,'5',3,4098613
'RGB_APW5WA','MECH_TOXRFV','AUD_15V66E',47,98.4,804,'14',2,10512547
'RGB_ZQ90Q2','MECH_85EW2A','AUD_XISGJI',47,83.7,357,'16',6,7932636
'RGB_I86644','MECH_XGSQHZ','AUD_UCJUCI',27,80.4,995,'18',7,5079483
'RGB_NS29WA','MECH_O76T2J','AUD_1OE955',43,92.4,904,'13',5,1379749
'RGB_XHTXGZ','MECH_M7R0WC','AUD_33KV3Q',94,81.3,431,'5',4,13237798
'RGB_53TR84','MECH_E2SA1J','AUD_K1Y9SI',5,88.6,267,'9',4,4916898
'RGB_YXRLNO','MECH_VRFBLI','AUD_U4QEC6',56,88.9,283,'8',7,4932173
'RGB_FIGM20','MECH_NMVL00','AUD_S7IOKW',47,83.3,199,'14',7,14076096
'RGB_WVXD73','MECH_OHVW3S','AUD_C6LD4Y',84,97.9,378,'7',4,9042919
'RGB_YZU3XT','MECH_K3HSEO','AUD_M0JHZV',87,85.1,793,'11',2,11196383
'RGB_BAJNUA','MECH_9W43ST','AUD_9NK39J',87,98.3,866,'15',2,5626156
'RGB_ZSVB0N','MECH_ZQU7UP','AUD_64URSI',16,93.6,296,'17',5,5655866
'RGB_SUPJ9U','MECH_ZFIT39','AUD_DYL371',62,99.4,774,'10',10,11951995
'RGB_T9I7WW','MECH_X9SIMJ','AUD_LIC4DO',9,99.0,705,'7',3,4166958
'RGB_JUE5EN','MECH_XIBHTZ','AUD_HR3H78',61,83.0,120,'11',4,4441844
'RGB_Q52PKU','MECH_P4PGZ7','AUD_NH10RE',15,97.7,616,'15',3,14672515
'RGB_20NA7W','MECH_4OBXDC','AUD_V7HNDU',62,99.6,345,'8',9,12575518
'RGB_U2KXYR','MECH_7UPQFF','AUD_BG5KCM',62,96.3,168,'7',6,581612
'RGB_WCSGA3','MECH_6BBT5G','AUD_VVKFBF',99,89.4,180,'11',5,13610913
'RGB_QJ5OOD','MECH_HPIVX6','AUD_C2A673',68,97.2,718,'15',8,8198245
'RGB_ZZ2336','MECH_XRRHAO','AUD_US3G96',27,85.6,256,'11',8,14163892
'RGB_CGYOND','MECH_L0ZKNA','AUD_VEKQW5',57,87.7,892,'12',1,10864674
'RGB_2VJF47','MECH_Q404MX','AUD_1YAKPN',7,97.7,646,'8',7,9666406
'RGB_RQ2AFT','MECH_7O9WI7','AUD_01GP5D',16,81.0,540,'14',6,14879406
'RGB_QVMRYV','MECH_R9PDLW','AUD_S6XV61',16,92.0,931,'15',2,11215510
'RGB_MJE8KU','MECH_DM0IW1','AUD_JKCT53',35,85.5,506,'9',9,5340141
'RGB_7RHWGI','MECH_7ESMHY','AUD_47UZXG',65,85.0,930,'13',4,14200697
'RGB_PM5KSS','MECH_VCJMYW','AUD_PLYUR8',83,81.6,534,'16',7,6036362
'RGB_TSAFCT','MECH_NPN919','AUD_BI1J8R',27,96.6,923,'10',1,14911425
'RGB_1WFLKK','MECH_NS6J8Q','AUD_HG643K',0,97.3,118,'17',5,5567
'RGB_SCCZ7K','MECH_AM8TBT','AUD_W6AF9J',65,88.3,261,'16',3,248500
'RGB_WK10XC','MECH_34JWVM','AUD_1S3H3Y',54,92.6,374,'9',8,5846336
'RGB_1MAYJP','MECH_A82VWZ','AUD_W1PNDW',24,88.2,128,'20',7,2309672
'RGB_82ZOFM','MECH_TB42FG','AUD_5UCX56',59,92.7,167,'15',2,13846501
'RGB_XAKVX3','MECH_32C9E3','AUD_SLEAYL',22,83.5,562,'10',3,3018653
'RGB_HN2XKF','MECH_MXOW0F','AUD_PKKLJU',14,99.9,128,'15',1,16497467
'RGB_TMANVF','MECH_LSI9VE','AUD_L8UY1W',45,98.6,796,'11',1,13723111
'RGB_TTNLTM','MECH_7FQI4E','AUD_YVDSJI',0,80.8,535,'11',6,10658026
'RGB_N3P1X6','MECH_SKSXM6','AUD_1PAC0M',28,91.0,695,'17',9,13612482
'RGB_7SCPFS','MECH_LYZRS8','AUD_AZTNTM',58,92.3,489,'20',9,11692550
'RGB_Q70FPL','MECH_FRQ6WW','AUD_Q3T0A4',39,91.9,383,'15',10,3886414
'RGB_0LTE9W','MECH_RZMPOI','AUD_8B03XO',84,97.7,743,'6',2,15600064
'RGB_8GNPOJ','MECH_LXCWGX','AUD_F8XYFK',51,89.4,326,'19',5,6768271
'RGB_YA487Y','MECH_EN3UFC','AUD_6B88YD',2,92.1,103,'7',6,429487
'RGB_MMN42U','MECH_WD80YJ','AUD_PTT92Y',19,88.6,894,'17',3,396799
'RGB_LEH77V','MECH_VVAGTW','AUD_XRM8TI',75,80.9,648,'16',6,1824063
'RGB_2RKBHE','MECH_3C1U2K','AUD_XGFM01',61,80.4,905,'5',7,13949903
'RGB_FTLNXV','MECH_XSDID6','AUD_YDAU09',89,99.5,210,'10',8,7890353
'RGB_F29GEX','MECH_BRCXHZ','AUD_BP7PBN',10,86.9,925,'6',6,9803427
'RGB_77YIHJ','MECH_J2QZ7U','AUD_7BDGAC',95,99.1,1000,'15',10,15755717
'RGB_KIN2HQ','MECH_KKGJ3Z','AUD_MT2AM6',52,95.8,783,'7',9,7619707
'RGB_ZKR2UV','MECH_X27C2U','AUD_HK4E86',74,92.0,869,'20',8,13960702
'RGB_IZCMW0','MECH_0AE0YG','AUD_HYCIEN',8,99.7,373,'10',2,14556245
'RGB_6JO27I','MECH_ESZWFJ','AUD_DCIV31',2,98.1,108,'12',10,16600152
'RGB_Z2UFFV','MECH_51J9WL','AUD_ZG2F8Q',61,99.5,440,'14',5,13663334
'RGB_HHN4DO','MECH_2IWAWV','AUD_0ZS6LI',25,81.1,618,'5',8,9184868
'RGB_OBGBAH','MECH_XS94AL','AUD_D4D700',97,96.6,683,'18',1,14516167
'RGB_V6PI9H','MECH_4IWZXT','AUD_LCS7GG',66,91.2,131,'10',10,12805279
'RGB_EAEBSI','MECH_5FJ02C','AUD_0R415I',17,91.1,855,'7',10,14943763
'RGB_CDFOEM','MECH_P0POCW','AUD_K7VAPW',44,90.7,557,'15',3,5840823
'RGB_XYQCFL','MECH_7BAJ0J','AUD_KE155G',81,94.1,524,'11',7,519892
'RGB_AVQHZC','MECH_NXS8VR','AUD_IVKZW4',59,95.2,709,'7',7,9505832
'RGB_E3YAAT','MECH_UGEJC5','AUD_JYTUVZ',51,85.2,916,'10',2,13975790
'RGB_RI03SP','MECH_U18Y81','AUD_KSBL5A',99,90.1,964,'12',7,5169212
'RGB_A7XCQ6','MECH_DNU4E9','AUD_SF0C7A',85,84.5,146,'12',10,14851095
'RGB_YRJ4EC','MECH_1DWFBH','AUD_8ENPZA',2,99.9,988,'11',9,1678385
'RGB_CYNCZH','MECH_XB2AWM','AUD_AG3RKY',79,80.9,500,'20',7,7789477
'RGB_S45QPP','MECH_B337VX','AUD_A93OQH',61,93.3,596,'14',8,13220663
'RGB_AGL6GJ','MECH_NMM45P','AUD_0CHQVM',75,81.5,779,'9',9,373823
'RGB_JW6T4A','MECH_PRF2Z4','AUD_W4QMEX',57,90.2,297,'7',10,14332337
'RGB_4DDFCQ','MECH_9BDHSI','AUD_Y3GQZ6',97,87.3,708,'17',3,5180311
'RGB_EK2TD7','MECH_9DXZKD','AUD_G7V04L',28,89.5,190,'9',1,7541462
'RGB_BTWDGJ','MECH_KU7Z1E','AUD_5Q1IC6',92,83.7,607,'5',4,13192904
'RGB_YAE77R','MECH_HPDIQ1','AUD_7I94QE',35,98.5,990,'15',7,2761095
'RGB_UVOMXQ','MECH_FW8SZ4','AUD_PNGQV2',97,96.4,464,'8',8,13276920
'RGB_POEXIO','MECH_6BLW1Z','AUD_VTOP9A',60,99.1,446,'10',4,7823693
'RGB_UU9W18','MECH_VINWGL','AUD_J7EO01',31,91.3,814,'19',5,350492
'RGB_CI5FGQ','MECH_T4YNEX','AUD_4OB2JK',8,92.4,667,'5',1,3432500
'RGB_AS73X4','MECH_N2HI12','AUD_RH21EZ',43,88.2,808,'10',1,9208164
'RGB_L1ALD0','MECH_J5DFKJ','AUD_UOL2R2',70,88.2,275,'11',6,13499548
'RGB_JC8JM0','MECH_JJM5HB','AUD_SY9N8I',70,91.8,885,'8',4,10929665
'RGB_BWERJL','MECH_25QC57','AUD_NX6QCE',60,83.0,523,'13',10,6940104
'RGB_108GLX','MECH_5JTA2A','AUD_I0R22L',8,95.5,722,'10',10,1845902
'RGB_P7GWGJ','MECH_EIMKDG','AUD_2HRLBR',17,83.4,963,'7',7,15795829
'RGB_6H4P8X','MECH_V1KCM7','AUD_TRU7SC',23,92.0,868,'9',3,9851581
'RGB_59C9IQ','MECH_4JJJ73','AUD_Q4LFGA',70,87.8,240,'18',2,6165855
'RGB_8E4A2G','MECH_Z7CKUA','AUD_YG4N5D',2,88.7,239,'6',7,9462035
'RGB_PGFJ6Z','MECH_V3ZX1C','AUD_M4N91C',26,81.0,405,'20',7,1028243
'RGB_PA7Y6U','MECH_B55PA1','AUD_PDGIPL',45,97.6,933,'10',1,219106
'RGB_WR8KOU','MECH_5QAHPV','AUD_TNLPA8',9,87.6,910,'5',5,4482771
'RGB_UCNHD2','MECH_U1HGL0','AUD_O675RO',46,82.5,146,'6',8,14475173
'RGB_HBYB6V','MECH_XV1X8H','AUD_NDYAEE',63,80.0,996,'13',4,6621444
'RGB_HUH8MX','MECH_1NOWOB','AUD_XYIVO2',6,81.2,256,'14',6,1075797
'RGB_1Q6N7U','MECH_EEFE3O','AUD_LDA2Q7',20,95.8,288,'18',5,3782217
'RGB_BQA9JP','MECH_OB5BDR','AUD_97J998',93,83.1,421,'9',4,13007220
'RGB_ETQASH','MECH_0ACVKY','AUD_Y13US9',66,81.6,812,'15',2,3896946
'RGB_PME7BH','MECH_PH24CO','AUD_Q6GCGK',35,82.8,742,'8',7,16082543
'RGB_8BA7N1','MECH_6M6N9W','AUD_J5RI6X',78,90.5,121,'16',2,1700785
'RGB_E7V1U9','MECH_7XYF92','AUD_6HLH5K',47,98.6,301,'9',3,13654866
'RGB_US0FTB','MECH_MO3OFY','AUD_CJJ04M',71,83.7,845,'11',7,5349097
'RGB_DWEXNI','MECH_GX5TZ6','AUD_AWSKDL',40,81.1,757,'20',10,6470061
'RGB_UCYWYW','MECH_PWZQRJ','AUD_6E6C5X',39,81.8,144,'20',3,15250313
'RGB_RZ85XL','MECH_1S5NG0','AUD_2GCCD3',69,97.5,780,'9',9,565770
'RGB_80679D','MECH_JUEV2K','AUD_VON1AM',45,80.9,772,'12',8,12271409
'RGB_ZWG762','MECH_L7RX03','AUD_NR3IVQ',88,97.8,697,'18',6,16012792
'RGB_2SBWXP','MECH_0D55LM','AUD_LVXDSW',58,81.5,376,'12',5,7768401
'RGB_BY7BLA','MECH_RKIHR4','AUD_Y7QR0Q',77,89.3,594,'11',7,2161010
'RGB_JXFBKO','MECH_TD3A34','AUD_6KNFV2',53,84.5,438,'6',5,12871109
'RGB_X0AMO9','MECH_7K4BUY','AUD_2PPVA8',27,93.2,407,'10',10,6751754
'RGB_FEIQ9U','MECH_TL310Q','AUD_PUE5TO',68,99.8,132,'20',1,1281857
'RGB_HX7QN9','MECH_7TK49W','AUD_KUV028',20,84.7,300,'18',6,14419699
'RGB_8W96R8','MECH_2DDWFT','AUD_8ZQZRT',54,100.0,456,'10',10,4960535
'RGB_SQ10JY','MECH_YCEYKR','AUD_M0F8S7',48,95.7,534,'20',2,12071255
'RGB_SDY2S6','MECH_AUEY8K','AUD_8C1W2C',100,92.8,345,'10',5,13929740
'RGB_B5620R','MECH_RKEDUK','AUD_58CXWW',0,81.1,195,'15',4,13487994
'RGB_WOJFGT','MECH_5PCLX5','AUD_MBBB8R',19,81.3,372,'18',3,13771500
'RGB_N5CAXJ','MECH_5UWB5L','AUD_8BTZME',32,96.4,400,'13',8,15570160
'RGB_31I6SP','MECH_TIF59D','AUD_DOVWU1',23,98.6,120,'9',10,3727091
'RGB_V0HK84','MECH_121U41','AUD_G2RLV0',15,99.8,739,'19',1,10612435
'RGB_9J6CLA','MECH_TTMKYG','AUD_BIAA16',40,80.1,911,'14',8,9822895
'RGB_UWWW1Z','MECH_YUUT8T','AUD_CH4GB9',57,97.6,737,'13',6,10880236
'RGB_86BYN0','MECH_YMTDVL','AUD_GP064I',51,82.0,904,'15',8,1019116
'RGB_I1JWBC','MECH_ZAA4WY','AUD_Q698QT',43,92.6,618,'15',1,7228160
'RGB_SFVJ59','MECH_BS42BU','AUD_6TMMEE',31,92.2,769,'18',9,39485
'RGB_7UM9KI','MECH_VYDUBN','AUD_Z4QTX9',35,83.4,594,'13',4,4891732
'RGB_XSDYAP','MECH_3VSRP5','AUD_H0YM9E',88,97.0,200,'12',8,13064936
'RGB_6Z1JRS','MECH_SML506','AUD_J8NBTN',55,80.3,330,'19',2,3328411
'RGB_KQYARS','MECH_8CHT1H','AUD_7PA9YZ',24,82.3,759,'19',1,16555744
'RGB_UF508P','MECH_PEL80S','AUD_RNCTT0',13,91.2,400,'5',10,9728046
'RGB_KN7MFT','MECH_AWSECF','AUD_EZ2MWX',20,97.8,280,'9',7,6158068
'RGB_4A21JR','MECH_Y5D2KR','AUD_9A25LI',9,83.8,765,'10',4,12324163
'RGB_MABWIV','MECH_DNGKGZ','AUD_SJ81T9',15,92.3,1000,'7',9,5182138
'RGB_VYTDWX','MECH_31GLZP','AUD_I2FAO8',47,96.9,608,'11',10,861723
'RGB_HJQOJP','MECH_3ZPQ0S','AUD_OSS0QB',71,98.6,153,'8',3,3627255
'RGB_O9T59M','MECH_YYW1GR','AUD_ZSW2KF',88,85.4,852,'17',5,8852911
'RGB_N6Z16M','MECH_CPAMTQ','AUD_VSBDF4',77,84.6,392,'17',2,6679085
'RGB_ZPKRCM','MECH_01UXL6','AUD_7R19B9',13,90.1,460,'11',3,11419817
'RGB_3U117Z','MECH_0FBCC3','AUD_8SA9QO',19,90.8,303,'10',8,11933715
'RGB_B7TP04','MECH_T1FRAN','AUD_2K6M13',68,94.7,483,'20',9,14922498
'RGB_XD7A05','MECH_5WCDP2','AUD_NEIOGF',87,99.1,192,'7',4,4786923
'RGB_CBXK6E','MECH_1J56Y0','AUD_V6Z7RH',30,82.7,993,'16',5,14833309
'RGB_ABBRCN','MECH_L69YLP','AUD_3OZRIL',73,81.9,703,'16',8,5983598
'RGB_OG05F1','MECH_2W29B5','AUD_VES7WW',38,95.7,945,'6',6,15912395
'RGB_EFAZXW','MECH_LC5ZSQ','AUD_XM0TP5',94,91.7,503,'19',5,406151
'RGB_QXERC4','MECH_7U29UT','AUD_JRH94P',96,99.4,679,'5',9,2981443
'RGB_DQX1OE','MECH_G3OC2C','AUD_EYNJWO',26,84.6,521,'20',6,16646804
'RGB_V51011','MECH_J8XG4E','AUD_ROYWM1',18,94.7,402,'12',1,14202798
'RGB_2XNCCF','MECH_4VZZSM','AUD_CZILLE',89,95.4,477,'19',6,16488273
'RGB_VA3TGW','MECH_9FT1GG','AUD_UAAJWM',71,88.4,608,'10',5,8566873
'RGB_OPAZPB','MECH_P1X664','AUD_TB2CAT',78,97.2,875,'10',1,14350224
'RGB_EKSIFH','MECH_FY3IM9','AUD_HNN1Y1',48,99.5,812,'9',4,11060375
'RGB_N2JIHL','MECH_0EQ45L','AUD_M1ZZP9',58,98.3,794,'13',10,1246121
'RGB_7EIKY8','MECH_1L0NCO','AUD_NLIJ52',20,92.1,213,'13',8,3486057
'RGB_I3FZ4T','MECH_7PO9AM','AUD_YCEJXF',82,81.7,211,'19',10,8838612
'RGB_MHAISS','MECH_KJXC9I','AUD_PJEUBT',81,91.4,179,'11',8,13790999
'RGB_2UJVAZ','MECH_NKQGZN','AUD_HPK0MR',28,83.5,921,'18',7,14517026
'RGB_CC33IU','MECH_07DZX0','AUD_ME9YCV',16,97.3,474,'14',9,7353440
'RGB_U7M3ZI','MECH_M5IXRF','AUD_CQY4HL',48,84.8,380,'19',6,16375512
'RGB_JWI5KS','MECH_W8VFO9','AUD_2K7HU8',52,87.4,170,'11',9,6299912
'RGB_6B5X40','MECH_7J2R4Y','AUD_I46OSI',96,93.9,470,'11',5,2567273
'RGB_2J9E2F','MECH_O592GQ','AUD_387ZVP',87,80.2,802,'19',1,12623938
'RGB_A0ASBL','MECH_L82DI3','AUD_B7RJ81',58,95.0,146,'11',3,10076827
'RGB_TMDTUI','MECH_OJYX9H','AUD_MMGZ88',7,93.8,800,'13',10,11263877
'RGB_LAEX3O','MECH_SS3M2V','AUD_35K9CO',64,90.9,974,'19',9,1032199
'RGB_WLAXUY','MECH_CP2FQV','AUD_5M16R1',7,93.1,955,'13',8,4486449
'RGB_49O4OE','MECH_QX616V','AUD_K6T661',26,86.0,409,'5',3,14485345
'RGB_EZ4Y10','MECH_3GE7MA','AUD_T2TE96',44,87.9,707,'15',5,7632899
'RGB_KVWOAT','MECH_SLA5NC','AUD_5BGCM5',20,93.5,556,'13',2,5365345
'RGB_CKU9LD','MECH_C42IJ4','AUD_96ERWF',87,81.0,237,'13',6,7398890
'RGB_4J997L','MECH_QFOKH2','AUD_V3TZNL',19,95.0,985,'20',1,10015872
'RGB_CKI3JS','MECH_VXW3K1','AUD_LXSABG',33,86.1,722,'18',6,12984679
'RGB_V6THPQ','MECH_Y3QLHU','AUD_70D069',69,86.8,663,'15',10,15989838
'RGB_RCG48D','MECH_GK4J6I','AUD_AQ0FWW',33,91.1,397,'5',8,16156063
'RGB_915YDL','MECH_9XTJ52','AUD_ZAODEV',36,95.4,645,'5',5,4985279
'RGB_IFFGCV','MECH_MVPEP9','AUD_VS85XA',7,90.7,199,'16',9,11496558
'RGB_5BGTTV','MECH_MKXZGC','AUD_3JFNNY',49,91.9,496,'9',5,14888625
'RGB_KL73YJ','MECH_Q7ZIPE','AUD_V2V9JT',56,87.7,439,'19',1,567268
'RGB_DY03Y6','MECH_H1DHI2','AUD_LQ99XS',70,90.2,109,'18',10,9056780
'RGB_WIEEJT','MECH_ORU9V0','AUD_6DA7HI',43,88.4,442,'6',9,186881
'RGB_T3EQHV','MECH_6QG1Q1','AUD_ZCC50Y',53,86.7,708,'18',2,16382368
'RGB_78CT6N','MECH_6AB562','AUD_1ISQXO',86,83.8,127,'5',2,13996847
'RGB_A8BLCA','MECH_L4RTLJ','AUD_YQ407F',51,90.3,886,'14',3,6098354
'RGB_H1HD0Y','MECH_DT0X8W','AUD_YF3WWJ',67,99.1,115,'17',2,16175240
'RGB_5LMUZ3','MECH_DLXP8T','AUD_VXJHG4',12,80.9,450,'6',3,12130613
'RGB_JMU3TL','MECH_RAJZZ1','AUD_3XG5YH',21,85.3,604,'8',4,14724723
'RGB_X9N4JX','MECH_43FEIS','AUD_ALKPID',97,95.9,814,'5',4,16062923
'RGB_Q1EQ22','MECH_SUNC6U','AUD_YO6KGZ',86,99.7,936,'19',3,3317795
'RGB_3FD4JB','MECH_67I5XI','AUD_RLJEOM',67,99.2,775,'7',5,10937410
'RGB_TYROF2','MECH_6NSLND','AUD_K9ZX7Y',27,95.7,666,'13',6,3402745
'RGB_W6N75Z','MECH_LJ3DF2','AUD_ZGHLMY',86,89.2,502,'20',1,14979657
'RGB_BT7JFU','MECH_5DZ3E1','AUD_TVOF5C',90,86.4,962,'10',9,10325988
'RGB_0SZOPV','MECH_K11382','AUD_HMLTL2',89,96.8,311,'14',10,11795026
'RGB_HK484N','MECH_9MZ5YY','AUD_5IXRRE',65,98.9,466,'18',7,12272236
'RGB_49GJ7H','MECH_QC6JZ5','AUD_D5E45M',66,84.7,637,'17',6,5949031
'RGB_F0X7K7','MECH_TCOVYN','AUD_M40503',40,87.3,724,'10',6,3884299
'RGB_Y3Z262','MECH_LF2NRP','AUD_HQN072',22,90.3,180,'5',6,5721321
'RGB_0TVHSO','MECH_0Z60LL','AUD_TKHQAK',41,84.2,337,'14',2,9776522
'RGB_9037CL','MECH_P4KYKO','AUD_CWK2W5',92,83.2,384,'14',3,10608215
'RGB_XXN46X','MECH_9Z02D8','AUD_IVT9B5',63,88.1,519,'19',4,1217971
'RGB_MFRT34','MECH_TXWAWW','AUD_6W0ZYK',28,84.6,458,'8',2,2845870
'RGB_3148UT','MECH_ZZSDZZ','AUD_G4PRU0',7,98.5,858,'5',7,3000504
'RGB_RF7F4S','MECH_QQP7MQ','AUD_B1XHFV',43,82.7,770,'5',7,6434231
'RGB_0DPTX2','MECH_ZS83J0','AUD_2CIRVM',97,95.1,180,'10',5,387934
'RGB_8OJN3G','MECH_WZZ4HX','AUD_5VL5TJ',49,82.7,276,'6',6,3001454
'RGB_8LFX30','MECH_NYUIIW','AUD_AMUGTO',48,98.7,398,'5',5,15485997
'RGB_DC55GX','MECH_VZ22QN','AUD_PPKH6P',65,99.1,156,'6',10,15208200
'RGB_FM7WAC','MECH_MSQ8JZ','AUD_9BZVIW',23,87.1,893,'14',5,10072886
'RGB_M01B0F','MECH_2HDDUQ','AUD_0LZTEL',62,94.8,494,'13',2,1218905
'RGB_6TA6XC','MECH_4EQL6S','AUD_M6RZIG',31,85.7,630,'17',5,12341176
'RGB_VTNW33','MECH_16X70H','AUD_C2R4QP',85,83.1,811,'5',4,6509626
'RGB_CEOV0X','MECH_B0QNSG','AUD_GSSMIZ',93,86.7,824,'14',6,13037747
'RGB_O2HNB8','MECH_JGIZUU','AUD_00FA2G',57,95.1,414,'18',1,3345661
'RGB_56Q5N7','MECH_KB4RAY','AUD_GNVU27',43,87.4,157,'6',1,14160116
'RGB_AXRU3T','MECH_IU219Q','AUD_A2OGBN',67,89.2,665,'6',9,10664517
'RGB_2XA5ZD','MECH_VJPJTU','AUD_DMOHE3',49,97.9,333,'15',9,318926
'RGB_PDUNBM','MECH_5GLEQ6','AUD_F4IG00',91,81.6,642,'19',7,366040
'RGB_KA3I70','MECH_E76TD8','AUD_D3LDSU',49,88.1,655,'17',1,2232194
'RGB_EY2KJ7','MECH_PB4P5Z','AUD_1DR8TE',29,81.3,528,'13',6,14614348
'RGB_9P8846','MECH_0K67LA','AUD_4ZA0OP',25,96.9,942,'13',7,13725499
'RGB_OVAPPT','MECH_SHDSII','AUD_88QDUW',92,94.0,675,'6',2,14475611
'RGB_FPO09I','MECH_1CST8Z','AUD_HYR2ZA',96,85.0,327,'12',8,13527530
'RGB_KAGRO3','MECH_1TSEB2','AUD_OGVQWZ',23,98.8,126,'13',3,11302151
'RGB_5JYP4Z','MECH_8NM6TN','AUD_349SK0',69,85.0,375,'9',5,3278843
'RGB_DTMPJP','MECH_HG6928','AUD_RZTRUI',62,83.4,797,'14',1,13826386
'RGB_26NFY2','MECH_9C04MO','AUD_MKKC75',73,86.5,751,'15',8,11690743
'RGB_JUHL0S','MECH_UEZG0N','AUD_DL52BA',11,99.6,958,'16',10,15367224
'RGB_C0M5S1','MECH_7LK8Y5','AUD_3F0Y1H',74,83.6,354,'18',2,14250361
'RGB_0RPVPJ','MECH_WQLTJ2','AUD_47P4L1',61,97.6,291,'20',4,7152884
'RGB_GZH2K1','MECH_QDG1RA','AUD_DPO03D',92,81.2,941,'13',4,4959097
'RGB_Y80I7I','MECH_DMUXY9','AUD_W1ARH0',96,86.4,663,'12',9,15184371
'RGB_4D7QH9','MECH_RWRXB5','AUD_2X3Y43',80,88.4,677,'14',8,3560681
'RGB_P1PBRY','MECH_AVLN35','AUD_SH48RD',32,83.9,148,'19',4,8002879
'RGB_VX3V6P','MECH_ICTBAE','AUD_REINZE',28,87.6,238,'20',6,6612152
'RGB_H4ZGXV','MECH_R7O9QP','AUD_APMOMS',35,86.2,517,'5',9,3924843
'RGB_VYCJC0','MECH_EJV5H9','AUD_VIAR5F',90,89.9,782,'17',5,1959608
'RGB_QT0AR0','MECH_HUUYGZ','AUD_S8VWPW',1,80.8,149,'9',3,15435918
'RGB_REN53H','MECH_0NY9B7','AUD_UTQNUN',88,90.1,200,'13',6,14779125
'RGB_7U41JS','MECH_Y9YR9G','AUD_8EQOPW',70,88.4,263,'7',10,11866320
'RGB_3LIKKI','MECH_NRDOEJ','AUD_7REU53',60,85.4,792,'8',3,6639047
'RGB_T3YBVV','MECH_3FF1W3','AUD_943BFY',49,89.9,232,'11',9,15064452
'RGB_VT5YLR','MECH_O8Y8I4','AUD_JDG00U',16,93.8,234,'20',4,5333416
'RGB_4DPESW','MECH_R7P6GH','AUD_9NHDX3',75,92.2,915,'11',9,7743382
'RGB_RQ16SQ','MECH_YAC2QJ','AUD_LCWBG8',7,87.5,157,'17',6,7063123
'RGB_PX2VJ3','MECH_GRF9T1','AUD_I70CXB',22,94.0,120,'6',4,9192255
'RGB_QEWUOX','MECH_E70YL3','AUD_8VVJH3',92,94.9,637,'19',7,4538152
'RGB_OFEJYD','MECH_HHZFV2','AUD_P7WGI0',12,90.0,402,'19',7,11467768
'RGB_D3RJLN','MECH_RUS4WC','AUD_A2FRSD',44,88.6,984,'5',10,1219179
'RGB_U02J0W','MECH_13L2VX','AUD_PIODY2',18,87.0,178,'20',5,11695881
'RGB_R49MRA','MECH_X7U56G','AUD_H1XNBC',45,87.0,734,'20',10,1515876
'RGB_253DJ0','MECH_KS7GLQ','AUD_8MM9KE',99,94.5,819,'16',3,16550514
'RGB_5464RV','MECH_3572LF','AUD_7JGJR5',96,92.7,857,'5',4,172956
'RGB_WZEV05','MECH_19Q2PN','AUD_JYRF61',85,85.1,445,'5',3,13060081
'RGB_719S2X','MECH_UNUGTA','AUD_YKL1IT',67,87.3,263,'17',1,2696834
'RGB_CFIXKN','MECH_8AHBDD','AUD_GE4KJ9',55,82.8,926,'8',1,2386836
'RGB_4UQTJQ','MECH_E1UXM9','AUD_Q2K7CU',0,88.6,712,'20',4,3271899
'RGB_B9AHZG','MECH_PZ2F5F','AUD_I29ME0',28,90.7,294,'10',2,7365121
'RGB_ONDM2K','MECH_DA1L09','AUD_98L6BZ',94,89.3,461,'14',1,13234401
'RGB_QS2HSM','MECH_Q85WD7','AUD_P94019',57,90.8,188,'18',7,9629407
'RGB_5PY5CD','MECH_3YS2Q0','AUD_D0XIZL',3,87.0,888,'17',4,4067396
'RGB_LGBTWV','MECH_STML7O','AUD_B71D05',89,89.5,524,'11',7,15687906
'RGB_FHIBB2','MECH_S0F6VU','AUD_JBPE8C',84,99.7,477,'17',3,1137937
'RGB_LCY7BZ','MECH_VLIAV2','AUD_PIVHD3',53,80.9,471,'15',4,12678690
'RGB_LK1WR4','MECH_S9EVZY','AUD_XXCD1R',76,80.9,672,'17',3,7264648
'RGB_PVQ7ZX','MECH_MYDM7B','AUD_I72BR3',9,82.4,298,'17',8,2948623
'RGB_VDOM16','MECH_8ZTDR5','AUD_P8GK0N',86,85.2,381,'7',8,1760483
'RGB_H9SQDA','MECH_OLKK1J','AUD_IPIW1C',59,89.5,365,'16',5,9688319
'RGB_KNOZ4K','MECH_CXI6VO','AUD_8ENU4F',33,94.7,485,'12',1,503220
'RGB_NBT03K','MECH_BJ6PUR','AUD_3EN6M2',59,95.3,271,'11',4,3732501
'RGB_J061EB','MECH_VLMD06','AUD_P5MD84',91,85.0,136,'8',2,10257435
'RGB_DUJ37C','MECH_WB7G73','AUD_I96GHW',4,80.5,905,'20',4,5276564
'RGB_3HSIKP','MECH_PN8LK8','AUD_MRY6ZU',60,97.6,281,'13',2,13296786
'RGB_437CH2','MECH_YCQZAD','AUD_Z9G8YX',45,88.3,404,'5',9,1912808
'RGB_OCYNEN','MECH_4A4YFU','AUD_SGIM48',76,92.4,135,'8',1,14123940
'RGB_OGYQ5E','MECH_1DD8Y6','AUD_QQW9N2',47,82.0,826,'9',9,2541900
'RGB_9PRODR','MECH_ZAZHLU','AUD_AF3OHK',61,86.8,957,'5',1,8399747
'RGB_4Y25JT','MECH_SDBSSC','AUD_S9LJSX',50,93.4,121,'19',9,2298594
'RGB_FBO7CS','MECH_QD2AGF','AUD_7665PU',93,83.6,819,'13',8,13357301
'RGB_ZZBQEX','MECH_B2M9SU','AUD_F435X8',76,89.0,242,'18',6,15598938
'RGB_YSUTXF','MECH_I6Y314','AUD_B8IAIR',27,81.2,876,'17',10,10592540
'RGB_CAMYW0','MECH_FSDP35','AUD_DA48GG',40,84.2,864,'5',5,9529108
'RGB_5BJDUD','MECH_Z03H7T','AUD_0G3C8S',0,98.9,434,'13',7,7427593
'RGB_3TNGHY','MECH_8P9Y93','AUD_OCPQKB',1,86.6,336,'12',8,8565047
'RGB_MY2MGX','MECH_J10GQ8','AUD_0RMBLT',84,89.9,406,'5',1,8932961
'RGB_W4WGC5','MECH_DASUE3','AUD_F01X6Q',9,88.4,989,'15',10,9480933
'RGB_S981PI','MECH_6LKFEU','AUD_PB1V5E',48,83.8,255,'18',5,3467597
'RGB_L133PJ','MECH_4XBGEI','AUD_CTIQCV',85,80.8,731,'20',9,7373311
'RGB_308DSZ','MECH_Y0PIQX','AUD_Z6CKMJ',48,92.7,336,'16',4,7880667
'RGB_KLCBWY','MECH_NIG2K9','AUD_FTK2AT',74,82.0,481,'10',4,16133161
'RGB_81TXSE','MECH_K6IB1X','AUD_CJZIIK',41,81.5,388,'8',7,13891684
'RGB_6I5FEK','MECH_ZFOPCP','AUD_KVQV69',78,84.8,401,'8',8,2572579
'RGB_EPAKLX','MECH_IHMYH9','AUD_I0S4US',92,81.1,216,'20',1,1930046
'RGB_82NXDF','MECH_WPV983','AUD_5FNGXS',48,93.7,850,'5',5,8466221
'RGB_AC3A6B','MECH_TM76L5','AUD_C5YCBI',38,91.5,948,'11',8,2449805
'RGB_X9G2ZB','MECH_S7BPY1','AUD_VF5PE2',23,80.1,445,'18',10,3824349
'RGB_1M2S0G','MECH_PHK2FY','AUD_ZNJC7T',30,80.8,229,'7',9,2493336
'RGB_N4DJP6','MECH_2MROIC','AUD_GEQ7LR',92,87.6,186,'20',6,4786382
'RGB_Q1A4II','MECH_0HIZW7','AUD_1MZ4C4',89,84.4,785,'19',8,16137048
'RGB_TSAVPI','MECH_6D9MH9','AUD_012SKS',29,92.6,288,'5',1,16091005
'RGB_PCQDCY','MECH_G8Q0N4','AUD_IP5UIV',22,95.8,472,'8',1,1717617
'RGB_7XWBYZ','MECH_WPV9QD','AUD_UGIJSH',53,93.5,729,'14',10,2663315
'RGB_GNK9I1','MECH_BI9KIB','AUD_FDJIKY',87,81.4,756,'7',10,11758749
'RGB_5JHOYU','MECH_WBIBVX','AUD_8FRJ0N',37,97.1,208,'19',4,9307459
'RGB_B0SWL0','MECH_YQZPRQ','AUD_UIKWBH',35,92.2,985,'9',7,298709
'RGB_BUWAXK','MECH_1CRVTP','AUD_1NJ4GQ',83,89.1,490,'15',3,4894704
'RGB_8EYOIQ','MECH_46CIGN','AUD_PHWW6U',13,99.3,175,'18',3,7542541
'RGB_HY8YYD','MECH_ZM0S7L','AUD_HDZHC9',90,81.3,307,'13',10,5406704
'RGB_41E2GW','MECH_5J0TK0','AUD_UUIH6P',28,85.2,173,'16',10,7402388
'RGB_30YST1','MECH_AS5GR8','AUD_3MZV16',93,91.1,152,'15',9,4241732
'RGB_XRXNMZ','MECH_8BFDZB','AUD_FK1SVB',6,92.2,138,'15',8,13562807
'RGB_NYXWYT','MECH_KONBX0','AUD_UQTD29',77,95.8,109,'15',4,9407350
'RGB_UCJJ0F','MECH_6HU8VQ','AUD_P41578',39,83.2,823,'13',2,2264057
'RGB_OE80DR','MECH_ROPJ4T','AUD_7KH3SP',36,99.7,599,'19',4,10222362
'RGB_O2MSRH','MECH_DF0JYD','AUD_ZPPC58',41,88.6,480,'8',7,8582408
'RGB_1V154A','MECH_Q1Z91I','AUD_WB9J8F',65,96.9,692,'19',9,13022255
'RGB_PLB9CQ','MECH_BZBJX4','AUD_BNPAW7',50,88.6,704,'18',6,16010414
'RGB_IMSFVY','MECH_F08HYJ','AUD_E47TWX',90,98.5,967,'10',4,12758041
'RGB_9Q24XK','MECH_X8HEI8','AUD_7GE26K',99,87.7,893,'20',10,13818985
'RGB_VQJSOR','MECH_Q229ET','AUD_9EIK53',85,90.8,213,'6',2,4853530
'RGB_IK1DOZ','MECH_JJMU9C','AUD_PMGTDB',40,96.3,702,'15',6,11798023
'RGB_Y12OFI','MECH_SKW5KA','AUD_AJHTVZ',60,84.5,712,'7',4,14436721
'RGB_82QPTI','MECH_CQE33R','AUD_4AIWUO',22,92.0,365,'16',4,10611301
'RGB_LVOJQ2','MECH_SG745Y','AUD_6MIMAN',63,91.2,108,'10',6,16278419
'RGB_9NAEQK','MECH_GYWIR9','AUD_HIZK63',67,88.8,655,'14',5,15754877
'RGB_L0YVZV','MECH_AKIM56','AUD_VK6330',73,96.8,647,'8',10,10278224
'RGB_MTA4P7','MECH_EVPDL4','AUD_7NOB82',3,83.0,589,'8',9,16392233
'RGB_51GVQW','MECH_S2GE1I','AUD_9UD2GD',63,89.3,322,'10',8,10828099
'RGB_PDNZBU','MECH_G3IYIL','AUD_LON95W',61,82.4,174,'16',10,2857861
'RGB_NX6SK8','MECH_EWQA0Y','AUD_K0ZH4A',100,89.0,798,'6',3,4677075
'RGB_B7VPPP','MECH_OJ8FVN','AUD_AE7GE5',50,86.4,898,'9',4,1652454
'RGB_ECLCNW','MECH_8ZMGSR','AUD_LFR2X9',91,83.0,488,'16',1,1644812
'RGB_C3ZVMX','MECH_M9JSFR','AUD_QSPJBL',14,90.3,294,'14',4,7872712
'RGB_8P05TI','MECH_UAJ026','AUD_CK2P5K',6,90.8,701,'9',10,10917430
'RGB_N4H1CE','MECH_JQ2SFC','AUD_MDQ012',19,83.6,420,'18',1,845851
'RGB_TTTBEN','MECH_G677SN','AUD_KKURQS',33,87.0,360,'14',5,7833032
'RGB_2NZ164','MECH_JUM0DV','AUD_SDV9MT',92,95.2,885,'5',10,10235759
'RGB_Y0R02H','MECH_L9E62M','AUD_M56Y1P',2,80.7,939,'20',2,342562
'RGB_M37099','MECH_O4YFLV','AUD_GY2T04',68,89.1,963,'15',10,6853564
'RGB_VD3TQ9','MECH_INI19M','AUD_3N1WSJ',13,89.9,769,'12',8,13343502
'RGB_NKX49Y','MECH_JCMBD6','AUD_O4LKFW',4,87.9,754,'13',10,15548775
'RGB_LBX0PM','MECH_7JQGLN','AUD_MNN4R9',68,85.4,545,'19',10,3752414
'RGB_A7DTX2','MECH_25IV9O','AUD_UQAPNX',6,91.3,402,'17',4,11395431
'RGB_U6LW7U','MECH_IIEN2B','AUD_MHT4OW',54,85.8,771,'5',6,15174400
'RGB_ARNP9F','MECH_18DA3N','AUD_PTOLZG',40,94.8,802,'7',2,4303154
'RGB_HMQKPJ','MECH_THS2V3','AUD_RHZKKR',98,86.4,957,'5',4,1038023
'RGB_CIYLY5','MECH_10ZKS1','AUD_VIOPKI',50,87.7,441,'5',5,14431343
'RGB_7GBOUS','MECH_959G6S','AUD_R20PKN',48,93.8,412,'7',8,423172
'RGB_0149VY','MECH_GW5KWM','AUD_B6BYXV',64,93.9,446,'8',4,7150262
'RGB_6LZZPL','MECH_VZOSV2','AUD_2BH8D7',25,87.6,213,'9',8,6744255
'RGB_6LMMSS','MECH_WIZ7XX','AUD_6D9GPM',66,94.4,567,'6',8,10206456
'RGB_BUTD29','MECH_Y8H9JF','AUD_OPYKB7',33,85.7,590,'15',2,13941163
'RGB_G6SPFS','MECH_EUXFES','AUD_WLIUMA',89,88.5,288,'15',8,15933527
'RGB_O4R7BR','MECH_ZM9Q7G','AUD_25B9SC',54,90.0,866,'15',2,14759048
'RGB_V3U95B','MECH_8KZ0R4','AUD_YQIAXV',68,99.5,798,'9',10,4207719
'RGB_P52GI8','MECH_G09R56','AUD_EOM9X7',84,92.0,706,'7',5,9886080
'RGB_L2GZKE','MECH_N8JE21','AUD_WX2E3V',63,90.7,272,'14',7,15664331
'RGB_PINHUX','MECH_64Q50I','AUD_Z0WA0Q',19,82.0,326,'12',1,11573851
'RGB_LSGI7X','MECH_71ETGB','AUD_8CUTXI',29,94.6,338,'7',9,3465334
'RGB_INE0JG','MECH_WJS80G','AUD_8RIX70',89,94.5,858,'9',5,8304625
'RGB_P32GQK','MECH_ZIPJ20','AUD_N9CLDA',84,84.1,312,'6',4,9382699
'RGB_CAR2E8','MECH_A9ZAL9','AUD_05KNAG',59,90.5,143,'17',1,10428814
'RGB_PV8NT2','MECH_5O6883','AUD_UPX2MV',86,87.1,377,'14',2,12706549
'RGB_MSHGXT','MECH_JDFUU3','AUD_P48K7N',11,97.5,596,'15',8,4625639
'RGB_F16BVF','MECH_I8R8L9','AUD_HTYST6',42,96.1,797,'13',8,12962216
'RGB_R77RYB','MECH_5NTWV5','AUD_V30M6S',79,81.7,636,'6',4,13820086
'RGB_2OEIEY','MECH_RJVBIK','AUD_D2UW0W',55,97.8,635,'18',7,15570867
'RGB_8M13OD','MECH_5RA5DP','AUD_OPFSCK',63,99.6,506,'16',9,12386253
'RGB_3D8RVS','MECH_Y4D5S7','AUD_DSHA3D',77,92.3,338,'13',8,2879958
'RGB_R8KQ90','MECH_ZFU9H1','AUD_WKUU9B',54,95.4,469,'14',6,14189099
'RGB_6QI0UP','MECH_1KBTDD','AUD_9B7EWE',48,99.7,234,'5',8,7425703
'RGB_DIYGJ4','MECH_XOMFUY','AUD_2EU22J',69,82.2,592,'18',7,3841651
'RGB_2HM7EV','MECH_RYE2U8','AUD_QAIR4P',42,98.9,537,'8',10,3925878
'RGB_7WS7KX','MECH_79FTN5','AUD_S4I89W',86,91.6,497,'7',8,11245567
'RGB_AS59Z0','MECH_D2Y0TR','AUD_3MPGXB',44,81.9,738,'17',2,15135244
'RGB_LICT7P','MECH_NEU88I','AUD_2LJZBU',80,88.4,514,'9',7,4987421
'RGB_SRH5SX','MECH_KAXTRN','AUD_SY1RMI',53,89.9,656,'17',4,4417515
'RGB_H4SH33','MECH_EIZ5SE','AUD_KM9ZOT',93,81.8,513,'20',9,14326915
'RGB_BCQLH1','MECH_FDPLYR','AUD_UJLLRQ',17,93.4,960,'13',7,15762956
'RGB_G7FIYT','MECH_Z2544G','AUD_HK9M58',59,91.9,429,'19',9,934764
'RGB_VANPR6','MECH_XHQQOI','AUD_956F0F',28,84.2,458,'16',8,12074086
'RGB_CSQ7T7','MECH_LDP8Z5','AUD_BLJR4Y',45,80.8,961,'15',7,13606008
'RGB_I614AG','MECH_SXWKWI','AUD_4QGRQD',69,90.0,949,'12',6,11410342
'RGB_811WJH','MECH_TPO6VH','AUD_OPO48L',34,88.8,239,'16',6,6142445
'RGB_A4QQLO','MECH_9CJQGL','AUD_XQQ2RO',4,92.9,385,'6',4,11492408
'RGB_TB6QOC','MECH_LOOW77','AUD_1R5W1W',59,90.8,402,'5',10,11823942
'RGB_BYGU4D','MECH_C0OU8L','AUD_62WXLL',49,95.9,809,'11',10,8113131
'RGB_I03LDR','MECH_VUM9J8','AUD_FR8UUX',42,88.7,994,'7',1,7000064
'RGB_08Y2W7','MECH_O11XDK','AUD_HQM3W6',36,94.3,912,'7',2,4267991
'RGB_ET64HI','MECH_6B6TKX','AUD_UMWZWB',2,80.6,453,'9',3,5491576
'RGB_S4Q3YO','MECH_98ZROY','AUD_2STVBQ',2,94.4,393,'16',9,2760773
'RGB_FZ07Y7','MECH_GIL0LX','AUD_CDDX3I',5,97.3,641,'14',10,5512381
'RGB_UD7RTH','MECH_DOZTTZ','AUD_1IOEMC',77,90.6,120,'7',1,994528
'RGB_2WGMDL','MECH_5N3V62','AUD_HLWF7J',47,96.9,747,'11',7,7798692
'RGB_DRO2DM','MECH_VOKY07','AUD_Y1GC9B',72,83.2,549,'19',2,4773034
'RGB_0V3FMH','MECH_2FKOZ2','AUD_FDY3A7',57,80.2,779,'8',7,8882088
'RGB_JIWYW5','MECH_KZFLXM','AUD_DZTUG2',39,99.1,139,'11',6,8411453
'RGB_MOAC8Q','MECH_5UTE56','AUD_6VX8YD',96,92.4,909,'15',10,8427529
'RGB_T9791E','MECH_I456XH','AUD_AMALL3',23,98.0,254,'8',6,7049475
'RGB_2129Y3','MECH_ZPI7H2','AUD_33ENBX',45,94.1,330,'7',3,12233920
'RGB_SITK0M','MECH_4UXH13','AUD_RQG9V9',48,89.5,827,'14',6,154185
'RGB_B2TDQJ','MECH_HP6Q4C','AUD_XHQ6OZ',45,83.9,111,'13',1,1136822
'RGB_GD715C','MECH_HKQJYS','AUD_Z6D972',97,95.5,376,'19',7,4043203
'RGB_H5XYRF','MECH_IYJU4B','AUD_0GA92A',25,96.2,371,'13',4,8275780
'RGB_ZXACUZ','MECH_0ZYRJG','AUD_X6YHDG',26,82.5,371,'19',4,102565
'RGB_FI1DAE','MECH_TZHWD8','AUD_G0CZQQ',33,88.4,936,'5',3,11557816
'RGB_9TYWIR','MECH_HR7FIC','AUD_73HXJB',83,84.0,537,'9',5,12978740
'RGB_QEY0HR','MECH_RRP0HH','AUD_UUJIOI',24,93.4,500,'10',6,1558873
'RGB_X24YN6','MECH_BNZ2UL','AUD_0HJQDX',32,92.6,501,'8',2,5078114
'RGB_QDY2FY','MECH_5ZAWD1','AUD_VTO2JH',76,81.0,590,'10',3,6684993
'RGB_390ZQD','MECH_QI168H','AUD_74ZS6E',60,84.0,304,'7',5,9846570
'RGB_ZZ9YQ2','MECH_8T5YXI','AUD_8LIG23',28,80.5,982,'15',5,4861236
'RGB_D0SNP8','MECH_7PPQCC','AUD_HJKWSN',74,89.6,163,'11',4,1257854
'RGB_F53F8I','MECH_G8VBW1','AUD_U0L2CW',29,97.4,585,'16',4,10855272
'RGB_D8F97T','MECH_RHCMX2','AUD_SVX6LI',11,92.2,558,'19',9,12094788
'RGB_KE0NRY','MECH_LA8QPA','AUD_ZRDDEA',76,86.3,270,'15',8,3107162
'RGB_IAHQKP','MECH_C456IK','AUD_NMRJUA',77,81.6,172,'10',3,16459339
'RGB_IQ4036','MECH_AN2IQV','AUD_3NTQRT',12,97.3,466,'19',10,2292931
'RGB_4EFZRD','MECH_351582','AUD_V96WEV',4,89.8,911,'8',9,12881342
'RGB_MDVFLF','MECH_08A81W','AUD_0SKSH0',36,82.4,526,'7',2,12309291
'RGB_WBALNE','MECH_WBZGZ3','AUD_F56VKT',73,88.7,450,'14',10,9349361
'RGB_14QL8C','MECH_5NJM7O','AUD_1PWOJE',23,82.9,207,'13',3,14582686
'RGB_ZQ0CJT','MECH_GNAGXJ','AUD_SXVMKP',79,96.5,824,'9',3,6260938
'RGB_CCJ72T','MECH_WUFDS8','AUD_NY3BS0',78,99.3,646,'15',8,1300182
'RGB_7HBPQT','MECH_50HZAV','AUD_HKIK5H',42,89.4,153,'18',5,4233094
'RGB_KGKR50','MECH_YLFKN6','AUD_1H7XPC',39,95.5,547,'18',1,3673441
'RGB_URQNKT','MECH_O4B7EL','AUD_4UXNM0',30,84.5,829,'18',4,511191
'RGB_K66SRR','MECH_HKPE6D','AUD_STZWPF',58,93.4,614,'13',7,2486364
'RGB_AISZSN','MECH_OC7GU5','AUD_70FXHN',82,95.1,191,'20',9,5099459
'RGB_T2V2FX','MECH_FP465G','AUD_PWWLW2',45,97.1,246,'13',7,14849779
'RGB_JA1THU','MECH_CC4ZDM','AUD_50TOS9',60,86.1,578,'7',3,12268670
'RGB_3CNJ6Q','MECH_T4DJMV','AUD_MA5YNQ',93,88.2,111,'18',2,5714272
'RGB_XDG8PV','MECH_ZC2VIG','AUD_B5EHMH',12,92.3,184,'16',3,7207581
'RGB_3QZOH8','MECH_4XNA6Q','AUD_2GPIHR',84,81.8,527,'8',4,12327320
'RGB_QUYHBI','MECH_8GY7RB','AUD_QYFTQG',95,82.4,425,'5',10,16239337
'RGB_BGYFI0','MECH_GOFWCW','AUD_9K89AC',38,94.2,202,'5',10,16109614
'RGB_J10ZPL','MECH_ZZ2KZJ','AUD_IGV4QX',16,89.9,954,'13',5,5285545
'RGB_VQZR8I','MECH_6PBJ54','AUD_LQX713',80,84.2,223,'6',1,8338404
'RGB_ZXGIXE','MECH_QY76IA','AUD_JCYXKM',26,82.9,540,'7',6,10762396
'RGB_5H2IXT','MECH_QQLPQD','AUD_HK5K6G',24,93.6,123,'19',9,6414553
'RGB_T42P84','MECH_Y6JMC6','AUD_YGPY3Y',15,97.6,519,'8',1,10160195
'RGB_T29XWB','MECH_32P9X4','AUD_7SCMHA',25,98.1,899,'11',5,5283796
'RGB_WK5G4O','MECH_9PMRN5','AUD_7UKVAP',7,94.8,762,'5',8,2733179
