1,'iOS','Safari','13.7','1.9.5','1440x900','820x750','Cable',75.50,1
2,'Windows','Edge','15.2','3.5.8','1920x1080','418x659','Cable',50.00,2
3,'Windows','Chrome','13.2','2.9.5','1920x1080','420x697','5G',60.10,3
4,'Windows','Edge','8.8','5.5.4','1280x1334','959x720','4G',12.00,4
5,'MacOS','Firefox','10.0','3.7.9','1280x1080','735x598','4G',68.00,5
6,'MacOS','Firefox','15.9','2.3.9','750x1080','596x533','Cable',75.20,6
7,'MacOS','Edge','13.3','3.1.0','1440x900','515x546','Cable',84.50,7
8,'Windows','Safari','15.8','2.3.6','750x1080','679x506','Cable',43.30,8
9,'MacOS','Chrome','15.3','4.5.8','1280x1080','448x761','Cable',4.90,9
10,'Windows','Firefox','10.8','1.8.7','1920x720','609x680','4G',8.50,10
11,'iOS','Firefox','15.0','3.3.7','1440x720','891x782','4G',96.20,11
12,'Android','Safari','11.5','5.3.6','1280x720','337x696','WiFi',74.00,12
13,'Android','Safari','14.4','2.3.8','750x1080','874x607','5G',38.80,13
14,'Android','Firefox','10.2','5.1.8','1440x1334','531x785','Cable',68.00,14
15,'Windows','Safari','8.2','1.7.4','1440x1080','1159x767','WiFi',3.30,15
16,'Android','Firefox','15.7','4.7.9','750x720','473x541','4G',97.60,16
17,'iOS','Edge','9.2','4.9.4','1280x900','1134x761','Cable',13.20,17
18,'Windows','Edge','12.7','5.9.8','1920x1080','907x616','5G',82.50,18
19,'Android','Safari','13.2','3.5.8','1280x1334','994x686','4G',87.80,19
20,'Windows','Safari','12.7','1.2.1','750x1080','737x565','Cable',84.70,20
21,'Windows','Edge','9.1','5.8.2','1440x900','1049x745','5G',10.60,21
22,'MacOS','Firefox','8.1','5.0.2','750x1080','431x617','WiFi',52.00,22
23,'Windows','Safari','9.7','4.0.4','1440x1334','318x624','Cable',99.90,23
24,'Windows','Safari','13.7','3.9.8','1280x900','1007x675','5G',61.20,24
25,'Android','Chrome','15.4','3.0.9','1920x720','535x612','Cable',85.90,25
26,'Android','Edge','8.4','3.8.2','1440x1334','587x654','5G',27.00,26
27,'iOS','Edge','14.2','1.1.9','1920x1334','1098x780','WiFi',98.50,27
28,'Windows','Firefox','8.8','1.2.0','750x1080','388x581','4G',78.30,28
29,'iOS','Firefox','9.4','3.6.8','1920x720','995x637','WiFi',64.10,29
30,'Android','Firefox','8.8','1.3.8','1920x720','457x575','WiFi',85.80,30
31,'Windows','Firefox','10.1','5.2.5','1280x1080','872x513','5G',46.50,31
32,'Windows','Edge','11.9','5.8.2','1920x720','1051x650','Cable',85.80,32
33,'Android','Chrome','15.9','3.6.3','1920x1080','693x749','WiFi',25.20,33
34,'Android','Chrome','10.1','2.9.3','1280x1080','913x637','WiFi',72.60,34
35,'Windows','Firefox','14.2','2.6.2','1440x1334','433x703','5G',28.20,35
36,'Windows','Safari','13.8','2.9.7','1440x1080','1039x589','WiFi',61.30,36
37,'Android','Safari','13.1','2.5.0','1440x900','938x589','5G',92.60,37
38,'Windows','Chrome','14.5','3.3.3','1440x1334','947x647','WiFi',10.10,38
39,'Android','Chrome','9.1','4.1.8','1440x1080','530x616','5G',12.20,39
40,'Android','Chrome','8.7','2.5.3','1280x1080','971x647','WiFi',80.60,40
41,'MacOS','Edge','9.3','4.5.9','1440x900','1092x752','WiFi',78.50,41
42,'iOS','Firefox','14.1','3.8.9','1440x720','1199x680','4G',39.90,42
43,'Windows','Chrome','11.9','4.2.6','1280x1334','1130x751','Cable',57.40,43
44,'MacOS','Edge','15.1','4.6.1','750x720','1086x701','4G',80.00,44
45,'MacOS','Edge','11.5','2.9.5','1280x1334','341x779','Cable',72.10,45
46,'iOS','Safari','11.0','4.6.2','1920x720','583x678','Cable',14.30,46
47,'Android','Safari','9.1','3.5.9','1920x1080','1190x527','5G',14.90,47
48,'Android','Edge','9.8','4.2.5','1280x1334','397x534','4G',66.20,48
49,'Windows','Firefox','15.2','1.1.8','1440x900','1156x622','4G',93.60,49
50,'iOS','Edge','14.3','3.2.7','1440x720','663x694','5G',82.00,50
51,'MacOS','Safari','12.2','3.9.9','750x900','659x771','Cable',71.90,51
52,'Android','Edge','8.4','5.9.6','1440x900','658x614','5G',84.00,52
53,'Windows','Firefox','12.0','1.9.8','750x1080','1156x671','4G',80.00,53
54,'Windows','Edge','11.6','5.3.0','1920x900','949x509','WiFi',47.00,54
55,'iOS','Edge','12.2','3.3.8','1440x1080','1126x531','5G',86.30,55
56,'MacOS','Safari','14.4','3.9.4','1440x1334','357x772','Cable',16.50,56
57,'Android','Chrome','10.7','2.0.1','1440x900','1080x706','WiFi',88.80,57
58,'Windows','Chrome','12.2','2.8.6','750x1080','930x598','4G',68.50,58
59,'MacOS','Safari','15.5','3.8.4','750x1334','865x705','Cable',52.70,59
60,'MacOS','Edge','12.1','3.2.7','750x720','965x681','Cable',12.40,60
61,'MacOS','Safari','8.2','3.1.9','1280x720','853x758','5G',69.80,61
62,'Windows','Safari','9.9','5.3.3','1440x900','328x603','Cable',19.80,62
63,'Windows','Firefox','12.6','4.4.3','1280x720','418x758','5G',67.20,63
64,'Windows','Edge','12.2','4.7.4','750x1334','1097x592','WiFi',73.30,64
65,'iOS','Chrome','9.9','4.4.7','1440x1080','911x719','5G',50.60,65
66,'iOS','Safari','10.3','2.9.2','1440x900','1075x556','4G',39.20,66
67,'iOS','Safari','13.2','4.2.6','1920x1334','366x760','4G',62.00,67
68,'MacOS','Edge','9.3','4.9.8','1440x1080','418x729','5G',92.00,68
69,'MacOS','Edge','14.0','1.6.4','1440x720','841x711','Cable',80.00,69
70,'Windows','Safari','15.7','2.2.5','1280x1080','859x633','5G',23.70,70
71,'Windows','Edge','13.4','1.4.3','1440x720','659x797','4G',18.40,71
72,'Windows','Chrome','15.7','2.7.7','1920x900','502x586','WiFi',18.60,72
73,'Windows','Firefox','11.8','5.8.8','1920x1334','690x595','WiFi',59.00,73
74,'MacOS','Safari','15.7','4.3.3','1440x1080','542x772','4G',67.80,74
75,'Windows','Firefox','9.6','1.2.7','1440x720','1177x759','4G',60.30,75
76,'Android','Chrome','15.5','1.1.4','1280x1334','479x632','WiFi',88.80,76
77,'iOS','Edge','9.0','5.8.5','1920x900','935x566','Cable',62.30,77
78,'iOS','Chrome','10.9','4.0.7','1280x720','1187x604','5G',8.60,78
79,'Android','Safari','15.5','5.1.1','1280x1080','383x511','Cable',39.20,79
80,'Windows','Chrome','9.9','2.3.1','750x1080','1077x680','4G',89.80,80
81,'Windows','Firefox','9.4','3.7.7','1920x720','438x584','5G',14.90,81
82,'iOS','Chrome','13.9','2.2.5','750x1334','1132x637','5G',63.30,82
83,'MacOS','Firefox','8.7','1.0.8','1440x900','981x657','5G',71.30,83
84,'Android','Safari','12.0','3.0.7','1920x1080','415x551','Cable',49.00,84
85,'MacOS','Edge','8.6','1.8.8','1440x900','866x787','Cable',92.80,85
86,'Android','Chrome','11.6','5.4.7','1440x900','428x516','WiFi',17.30,86
87,'Android','Edge','11.4','5.7.3','1440x720','303x506','WiFi',72.80,87
88,'iOS','Edge','11.5','5.6.0','1280x720','925x796','4G',26.70,88
89,'iOS','Safari','11.0','1.9.9','1280x720','427x672','4G',76.50,89
90,'Android','Edge','8.9','1.0.9','1280x1334','497x501','5G',75.50,90
91,'iOS','Chrome','15.5','2.7.6','1280x720','1154x508','5G',46.10,91
92,'MacOS','Chrome','10.5','2.4.1','750x1080','474x683','Cable',98.00,92
93,'Android','Firefox','11.8','4.6.4','1280x720','621x504','4G',51.90,93
94,'MacOS','Edge','13.4','1.4.2','1280x1080','315x719','Cable',19.30,94
95,'Windows','Firefox','13.5','5.9.3','750x1080','820x521','WiFi',92.90,95
96,'iOS','Chrome','15.6','5.5.2','1440x1334','411x652','5G',83.20,96
97,'iOS','Chrome','9.9','1.4.8','1280x900','806x624','Cable',37.60,97
98,'iOS','Firefox','10.0','4.6.8','1280x900','470x729','4G',8.50,98
99,'Android','Firefox','12.1','2.2.5','750x720','671x595','Cable',4.80,99
100,'Windows','Chrome','14.7','4.6.7','1920x1080','311x709','5G',77.00,100
101,'Android','Chrome','9.0','1.4.5','1920x900','438x731','4G',44.80,101
102,'Windows','Edge','14.7','4.9.5','750x1334','749x524','WiFi',13.80,102
103,'MacOS','Firefox','13.2','1.1.4','1440x900','1144x756','4G',36.20,103
104,'iOS','Firefox','10.4','4.4.1','1440x1334','1043x721','Cable',72.00,104
105,'MacOS','Safari','10.4','5.4.8','1280x1334','719x541','WiFi',66.60,105
106,'Android','Firefox','8.5','4.1.4','1920x900','480x747','4G',21.00,106
107,'MacOS','Chrome','13.6','2.9.2','1440x1334','762x704','Cable',66.60,107
108,'Android','Edge','14.1','5.6.1','1440x1334','1121x595','WiFi',61.20,108
109,'Android','Edge','11.7','1.4.8','750x720','1135x625','WiFi',54.40,109
110,'Android','Edge','8.7','4.4.3','750x720','972x744','4G',22.70,110
111,'iOS','Firefox','8.3','2.3.2','1440x720','832x502','4G',85.60,111
112,'iOS','Chrome','12.3','5.2.0','1280x900','1016x628','WiFi',33.10,112
113,'iOS','Chrome','15.5','3.1.1','1280x1334','793x588','5G',22.10,113
114,'iOS','Safari','9.1','5.5.3','1440x900','326x586','WiFi',72.90,114
115,'MacOS','Chrome','14.4','3.2.0','1280x1334','700x636','4G',4.50,115
116,'Android','Chrome','12.2','2.5.7','1440x1334','971x606','4G',85.40,116
117,'iOS','Edge','9.0','2.7.2','750x1080','304x623','4G',16.00,117
118,'iOS','Edge','12.7','2.7.1','1920x720','545x672','Cable',91.30,118
119,'Windows','Edge','10.1','4.4.6','750x1334','580x748','4G',46.40,119
120,'iOS','Edge','10.2','3.4.6','1440x1334','308x774','WiFi',7.70,120
121,'Android','Edge','9.4','4.0.2','1920x1080','558x602','5G',82.70,121
122,'Android','Firefox','12.5','1.9.3','1920x1334','302x747','5G',11.60,122
123,'iOS','Firefox','15.4','2.3.8','750x900','423x772','4G',26.20,123
124,'iOS','Chrome','8.0','3.4.3','1280x1334','798x605','5G',46.40,124
125,'Windows','Safari','9.6','4.1.1','1440x720','489x634','5G',70.40,125
126,'Windows','Chrome','10.6','2.0.4','1280x1080','359x798','WiFi',54.60,126
127,'iOS','Chrome','10.3','1.4.2','1920x1080','1157x570','Cable',60.30,127
128,'MacOS','Firefox','9.2','3.9.0','750x1334','341x539','WiFi',13.60,128
129,'MacOS','Chrome','8.5','4.8.3','750x1334','695x745','4G',27.10,129
130,'Android','Edge','12.2','5.8.2','1920x900','1046x762','WiFi',47.30,130
131,'Windows','Edge','14.6','1.9.8','1280x900','399x780','Cable',74.10,131
132,'Windows','Chrome','9.9','4.2.8','1280x1080','979x515','WiFi',72.40,132
133,'iOS','Safari','12.5','5.7.0','1920x1334','721x556','Cable',64.30,133
134,'Windows','Safari','13.3','2.4.8','1280x1334','948x603','Cable',70.30,134
135,'iOS','Edge','14.3','4.2.9','750x1080','875x636','WiFi',28.50,135
136,'iOS','Safari','13.0','5.9.8','1280x1334','342x672','WiFi',63.50,136
137,'Windows','Chrome','14.0','2.9.7','1920x720','817x509','5G',52.30,137
138,'MacOS','Firefox','11.4','5.6.8','1920x1334','675x503','WiFi',77.70,138
139,'Windows','Firefox','13.5','4.4.9','1920x720','1044x692','5G',20.70,139
140,'Android','Firefox','13.8','4.8.3','1280x900','1190x574','WiFi',66.90,140
141,'iOS','Safari','8.3','1.6.7','750x900','826x699','Cable',16.90,141
142,'Android','Chrome','9.3','2.9.3','1280x720','572x626','Cable',32.50,142
143,'Android','Chrome','12.2','3.5.4','1280x1080','514x624','5G',73.90,143
144,'iOS','Safari','12.6','1.2.9','750x900','671x500','5G',78.30,144
145,'Windows','Firefox','10.2','5.1.8','1280x1080','905x798','WiFi',14.70,145
146,'Windows','Chrome','12.8','1.6.9','1920x900','1079x662','Cable',59.40,146
147,'iOS','Firefox','12.4','2.3.0','1440x720','529x667','5G',94.50,147
148,'MacOS','Edge','15.6','2.8.4','1280x900','450x711','Cable',58.60,148
149,'iOS','Chrome','13.2','5.6.4','750x900','1171x627','Cable',86.10,149
150,'MacOS','Firefox','10.1','1.9.1','1920x1080','547x626','5G',58.50,150
151,'MacOS','Edge','12.5','1.5.5','750x1080','383x775','WiFi',50.20,151
152,'iOS','Edge','15.2','2.8.8','750x900','941x617','4G',27.50,152
153,'Windows','Safari','15.4','4.1.9','1440x720','592x637','Cable',89.10,153
154,'MacOS','Safari','14.3','3.5.8','1920x1334','840x650','Cable',65.00,154
155,'Android','Safari','14.1','5.2.8','1440x720','547x628','WiFi',68.20,155
156,'iOS','Chrome','15.1','1.0.0','1920x720','736x776','Cable',85.60,156
157,'MacOS','Firefox','8.7','5.7.6','750x1080','729x710','5G',55.60,157
158,'Windows','Edge','13.2','1.7.8','1920x1334','881x550','5G',20.50,158
159,'Windows','Firefox','11.7','5.7.9','1280x1334','753x683','Cable',97.60,159
160,'iOS','Edge','13.3','5.8.9','1280x720','1025x519','4G',1.80,160
161,'iOS','Firefox','14.9','4.0.9','750x900','848x786','Cable',96.30,161
162,'Android','Firefox','9.2','2.5.3','1440x1334','774x692','4G',68.30,162
163,'iOS','Firefox','10.6','3.3.6','1920x1334','615x663','5G',87.10,163
164,'iOS','Edge','12.8','3.3.4','750x1334','565x724','WiFi',53.80,164
165,'Windows','Safari','8.6','4.4.0','750x1080','505x627','Cable',59.00,165
166,'iOS','Chrome','14.7','5.5.6','750x1334','1037x649','Cable',89.30,166
167,'Windows','Firefox','13.3','5.1.7','750x900','685x524','5G',16.80,167
168,'Android','Edge','15.9','4.6.4','1440x1334','829x657','WiFi',40.90,168
169,'Android','Edge','12.9','3.3.7','750x1334','794x757','5G',1.50,169
170,'iOS','Safari','14.1','2.8.5','1280x720','368x550','5G',53.40,170
171,'iOS','Edge','11.6','1.5.6','750x1080','923x730','4G',34.70,171
172,'Windows','Safari','15.9','5.3.3','1280x900','842x731','WiFi',16.30,172
173,'MacOS','Firefox','13.5','1.9.0','1280x1334','826x628','WiFi',25.50,173
174,'Windows','Firefox','13.3','1.2.4','1440x720','936x636','4G',16.90,174
175,'Windows','Chrome','11.4','5.7.4','1440x900','554x714','4G',44.40,175
176,'Android','Chrome','8.6','1.1.1','750x1080','918x745','4G',48.40,176
177,'Windows','Safari','14.2','4.1.8','1280x900','1052x571','4G',20.50,177
178,'Windows','Safari','15.0','5.5.2','750x1334','611x587','5G',79.40,178
179,'MacOS','Edge','9.4','4.2.3','1280x1080','552x701','4G',13.30,179
180,'iOS','Safari','12.6','1.9.8','1920x1334','363x573','WiFi',62.90,180
181,'iOS','Chrome','14.0','4.5.2','750x1080','446x652','4G',58.80,181
182,'Windows','Chrome','11.5','3.4.9','1280x1334','1087x669','WiFi',23.00,182
183,'iOS','Safari','8.2','4.6.0','1920x900','516x505','4G',50.70,183
184,'MacOS','Edge','8.1','3.6.6','1440x720','858x536','WiFi',21.70,184
185,'iOS','Safari','12.4','3.3.2','750x1080','1072x746','4G',41.40,185
186,'iOS','Firefox','13.1','3.4.0','1440x720','991x763','4G',79.00,186
187,'MacOS','Edge','10.8','3.8.6','1280x1080','504x521','Cable',16.40,187
188,'iOS','Chrome','9.6','5.6.3','1920x900','420x589','4G',30.40,188
189,'MacOS','Chrome','15.7','2.3.1','1440x1080','646x669','5G',19.90,189
190,'MacOS','Edge','13.8','1.0.9','1920x900','888x537','Cable',33.00,190
191,'iOS','Chrome','14.8','4.0.9','1440x720','426x541','4G',20.40,191
192,'MacOS','Firefox','9.5','1.1.2','1920x720','866x528','5G',20.30,192
193,'Android','Firefox','10.2','5.7.8','1440x1334','749x634','Cable',26.30,193
194,'Android','Edge','11.0','1.3.7','1280x720','620x783','WiFi',77.70,194
195,'iOS','Firefox','8.8','2.3.4','1440x720','783x597','Cable',73.10,195
196,'Windows','Edge','14.7','1.0.5','750x720','400x535','4G',49.30,196
197,'iOS','Edge','10.8','3.8.3','1920x1080','630x782','Cable',15.20,197
198,'Windows','Firefox','14.5','5.2.3','750x1334','965x593','4G',97.20,198
199,'MacOS','Safari','8.8','5.6.5','1440x720','572x751','WiFi',84.00,199
200,'Android','Edge','8.4','4.1.8','1440x1334','372x574','WiFi',66.70,200
201,'Android','Firefox','11.3','5.2.1','1440x1080','1018x544','WiFi',89.20,201
202,'iOS','Chrome','15.9','1.7.3','1280x1080','485x627','Cable',36.50,202
203,'Windows','Firefox','15.9','4.3.1','1920x1334','924x791','WiFi',89.60,203
204,'iOS','Safari','10.0','2.8.6','1280x900','899x769','Cable',96.80,204
205,'MacOS','Chrome','14.4','1.5.7','1280x900','630x680','Cable',19.30,205
206,'Android','Safari','10.0','2.0.9','1440x900','932x672','4G',34.30,206
207,'iOS','Firefox','14.6','1.6.2','1920x1334','646x514','WiFi',21.10,207
208,'Windows','Firefox','11.9','4.7.9','1280x720','1126x617','5G',95.50,208
209,'MacOS','Firefox','8.8','4.9.9','1440x1334','809x583','4G',37.80,209
210,'Windows','Chrome','11.6','4.1.4','1440x1080','323x784','Cable',65.00,210
211,'MacOS','Safari','11.5','5.2.3','1280x900','583x534','WiFi',65.50,211
212,'Android','Chrome','10.4','1.4.6','1920x1080','723x642','WiFi',84.10,212
213,'Windows','Chrome','11.1','3.8.0','750x1080','346x612','WiFi',36.90,213
214,'iOS','Edge','12.4','1.7.2','750x1080','558x690','WiFi',23.50,214
215,'iOS','Safari','11.7','3.7.9','1280x1080','1117x568','4G',18.20,215
216,'Windows','Edge','8.0','3.9.1','1440x1080','870x732','WiFi',11.50,216
217,'Android','Safari','15.4','3.9.6','1280x1080','542x711','4G',79.90,217
218,'Windows','Edge','9.3','1.4.1','1920x900','1062x783','WiFi',40.40,218
219,'MacOS','Safari','15.8','1.2.7','1440x1334','1162x614','Cable',65.60,219
220,'Windows','Chrome','9.6','2.3.4','1920x1080','964x771','5G',39.10,220
221,'Windows','Firefox','8.4','2.4.2','1440x1334','351x771','WiFi',76.30,221
222,'Windows','Safari','15.6','1.2.9','1440x1334','778x800','5G',22.30,222
223,'Windows','Chrome','11.2','3.4.3','750x1080','1090x767','WiFi',73.30,223
224,'Android','Firefox','8.5','3.5.4','750x900','303x672','Cable',10.60,224
225,'MacOS','Edge','12.4','4.2.9','750x1334','591x773','WiFi',6.40,225
226,'Android','Chrome','13.2','5.1.0','750x1334','773x589','5G',15.30,226
227,'Android','Safari','9.8','1.3.4','1440x1334','578x627','4G',62.40,227
228,'MacOS','Chrome','15.3','5.1.4','1440x1334','714x703','WiFi',34.80,228
229,'Windows','Chrome','10.0','5.5.8','1920x900','1121x604','Cable',85.90,229
230,'iOS','Safari','10.8','1.1.2','1280x900','964x777','Cable',79.20,230
231,'iOS','Firefox','13.2','2.5.4','750x1334','1008x652','WiFi',88.80,231
232,'Android','Edge','13.3','5.5.4','1280x1334','900x573','5G',16.30,232
233,'MacOS','Firefox','15.3','3.6.8','750x1334','1058x685','WiFi',46.50,233
234,'Windows','Safari','12.1','2.6.2','750x720','664x580','Cable',2.00,234
235,'MacOS','Firefox','11.8','1.0.5','1280x720','969x507','5G',64.00,235
236,'MacOS','Chrome','11.2','2.4.9','1280x1080','997x784','Cable',8.90,236
237,'MacOS','Safari','15.1','5.8.8','1280x900','346x776','4G',43.20,237
238,'Windows','Safari','14.7','5.6.7','1280x1080','669x524','5G',88.50,238
239,'iOS','Edge','15.0','3.1.0','1280x1080','779x619','WiFi',41.80,239
240,'iOS','Firefox','15.1','2.5.4','1280x900','328x716','WiFi',32.50,240
241,'Windows','Safari','10.9','5.1.1','1920x720','471x636','4G',8.00,241
242,'Windows','Firefox','10.5','3.6.1','1920x1080','715x716','Cable',54.10,242
243,'Windows','Edge','8.9','4.7.7','1920x720','1170x777','4G',16.70,243
244,'Windows','Safari','11.9','1.0.0','1440x900','687x567','Cable',75.90,244
245,'MacOS','Edge','15.8','4.2.2','750x1334','797x746','Cable',18.50,245
246,'Windows','Chrome','11.3','1.7.4','1920x900','735x515','5G',10.00,246
247,'Android','Chrome','11.1','4.8.2','1920x720','676x524','Cable',8.60,247
248,'iOS','Firefox','10.1','2.8.2','1920x1334','600x704','WiFi',80.70,248
249,'Windows','Safari','13.4','2.0.0','1920x1080','1100x533','5G',39.70,249
250,'Windows','Chrome','10.7','4.3.3','1440x1334','794x784','4G',65.20,250
251,'Android','Chrome','9.6','1.9.5','750x720','831x612','5G',81.90,251
252,'Android','Chrome','12.6','3.0.3','1280x1334','523x742','5G',26.90,252
253,'Windows','Chrome','12.1','5.8.4','1920x1080','1092x516','Cable',58.10,253
254,'Windows','Firefox','12.6','1.5.7','1920x1334','988x712','Cable',54.20,254
255,'iOS','Firefox','9.8','2.9.2','750x900','562x797','WiFi',3.90,255
256,'Android','Firefox','12.0','2.1.2','750x1334','323x748','Cable',40.10,256
257,'Windows','Firefox','15.6','5.8.2','1280x1080','440x793','4G',22.00,257
258,'Windows','Chrome','8.4','2.9.1','1440x900','791x605','Cable',51.30,258
259,'Android','Firefox','8.2','2.2.8','1280x900','577x683','4G',37.10,259
260,'MacOS','Firefox','8.1','3.4.3','1280x720','1164x795','5G',35.60,260
261,'MacOS','Firefox','10.6','1.5.0','750x900','999x616','5G',92.40,261
262,'Android','Firefox','15.8','5.8.1','750x720','735x560','5G',17.30,262
263,'Android','Safari','11.8','4.1.3','750x720','403x687','5G',36.60,263
264,'iOS','Firefox','11.8','4.5.8','1440x1080','995x787','Cable',9.20,264
265,'Android','Edge','15.1','5.8.7','750x900','1028x708','5G',6.20,265
266,'MacOS','Edge','8.0','5.4.9','1280x1334','816x773','5G',64.30,266
267,'Android','Firefox','14.1','4.0.0','1280x720','623x612','WiFi',78.90,267
268,'Android','Chrome','13.9','2.8.2','1440x1334','1173x545','4G',75.70,268
269,'Windows','Edge','9.1','4.7.7','750x1334','1047x664','WiFi',11.30,269
270,'Android','Chrome','14.2','5.9.3','1440x1334','1069x788','Cable',80.70,270
271,'MacOS','Chrome','10.4','2.4.8','1280x1080','1141x613','4G',65.50,271
272,'MacOS','Chrome','9.9','5.1.3','750x1334','659x521','4G',86.50,272
273,'iOS','Edge','10.8','1.3.6','1280x1080','1076x505','WiFi',58.90,273
274,'Windows','Chrome','9.0','4.7.8','1280x1334','1193x714','Cable',6.70,274
275,'MacOS','Chrome','15.5','2.9.2','1280x1080','491x516','4G',30.90,275
276,'Android','Edge','9.6','5.0.4','1280x720','779x713','Cable',21.30,276
277,'Android','Edge','12.7','2.1.8','1920x720','930x711','5G',51.30,277
278,'MacOS','Edge','10.7','3.9.6','1280x1080','698x510','Cable',53.00,278
279,'iOS','Edge','9.7','1.7.3','1920x900','1067x623','5G',69.40,279
280,'MacOS','Chrome','12.7','3.9.1','1920x1080','735x618','Cable',46.40,280
281,'MacOS','Chrome','10.8','5.1.9','750x1080','486x507','4G',32.50,281
282,'Windows','Firefox','8.0','5.7.4','1440x720','929x794','WiFi',37.40,282
283,'iOS','Edge','11.3','4.6.5','750x1080','453x659','4G',9.70,283
284,'Android','Firefox','9.7','2.4.0','1280x1080','492x783','WiFi',52.90,284
285,'MacOS','Safari','10.6','3.7.9','1920x900','874x508','5G',6.40,285
286,'Android','Safari','15.7','2.7.0','1920x1080','1136x514','WiFi',57.50,286
287,'MacOS','Chrome','8.4','3.6.4','750x720','548x504','4G',46.30,287
288,'MacOS','Firefox','13.1','4.7.8','1920x900','388x765','5G',13.10,288
289,'iOS','Firefox','13.9','5.2.3','1440x1334','1011x725','Cable',63.10,289
290,'iOS','Chrome','10.4','3.6.2','1280x720','1191x559','5G',72.10,290
291,'Android','Chrome','8.3','2.9.3','1280x1334','416x628','Cable',74.80,291
292,'MacOS','Edge','14.2','4.1.0','750x900','352x757','WiFi',40.40,292
293,'MacOS','Firefox','10.0','1.3.3','1920x1334','1004x534','WiFi',16.30,293
294,'Android','Chrome','12.7','1.1.5','1440x1334','343x685','Cable',76.90,294
295,'MacOS','Safari','12.1','2.2.8','1920x1334','458x555','5G',85.90,295
296,'iOS','Safari','12.8','1.8.0','1920x1080','503x754','5G',95.20,296
297,'Android','Chrome','8.6','1.3.1','750x1334','1011x596','WiFi',13.70,297
298,'Android','Safari','10.1','5.8.0','750x1080','526x633','WiFi',83.70,298
299,'MacOS','Edge','8.3','2.1.4','1440x1334','598x609','4G',1.30,299
300,'Windows','Edge','8.5','2.0.7','1920x720','552x509','5G',9.60,300
301,'Android','Safari','11.9','2.0.7','1920x1080','813x677','Cable',82.40,301
302,'Android','Firefox','12.4','5.3.0','750x1334','1146x735','WiFi',78.30,302
303,'Android','Chrome','8.9','1.9.6','1280x900','363x704','Cable',44.70,303
304,'iOS','Safari','13.3','2.0.2','1920x900','1100x503','4G',58.00,304
305,'Windows','Chrome','15.9','2.5.4','1920x900','398x710','4G',99.40,305
306,'Android','Chrome','12.5','4.3.8','750x900','397x784','4G',92.20,306
307,'iOS','Chrome','13.6','2.0.9','750x1080','661x671','5G',25.60,307
308,'Windows','Edge','14.7','5.8.5','1280x1080','964x787','WiFi',38.90,308
309,'Android','Chrome','9.0','5.1.2','1440x720','518x772','4G',16.10,309
310,'MacOS','Safari','9.6','2.0.1','750x720','873x526','Cable',43.20,310
311,'iOS','Safari','13.2','2.3.6','1440x900','539x581','4G',61.40,311
312,'Windows','Edge','8.0','1.5.5','1440x900','539x641','4G',5.60,312
313,'iOS','Safari','8.6','3.3.0','1280x720','736x664','WiFi',72.80,313
314,'iOS','Safari','14.5','5.2.0','750x1334','1035x519','Cable',50.30,314
315,'MacOS','Firefox','11.1','4.0.4','750x1334','582x790','5G',86.10,315
316,'MacOS','Chrome','8.2','3.2.5','1280x720','317x581','5G',35.90,316
317,'Windows','Chrome','12.6','1.1.7','750x1080','430x774','4G',41.70,317
318,'MacOS','Chrome','9.0','1.6.8','1920x720','1108x735','WiFi',45.10,318
319,'iOS','Firefox','15.1','3.5.5','750x720','874x756','WiFi',13.10,319
320,'Android','Edge','14.3','4.3.0','750x900','653x539','Cable',29.80,320
321,'Android','Safari','15.8','3.8.4','750x1080','645x744','Cable',48.40,321
322,'Android','Chrome','14.0','4.6.8','1280x1334','622x604','5G',19.60,322
323,'Android','Chrome','14.0','4.5.5','750x1080','477x663','Cable',17.40,323
324,'Android','Edge','15.9','5.2.8','1280x1080','702x583','WiFi',12.70,324
325,'iOS','Edge','10.1','4.4.6','1440x1080','1026x566','5G',75.30,325
326,'Android','Firefox','13.9','2.2.3','1280x720','845x592','5G',11.30,326
327,'Android','Safari','11.6','5.7.5','750x1080','886x521','Cable',26.20,327
328,'iOS','Edge','12.2','1.6.2','1440x1334','503x739','5G',23.70,328
329,'Android','Safari','11.8','4.4.7','750x720','715x558','4G',80.90,329
330,'Android','Edge','13.9','1.1.4','750x1080','637x777','WiFi',70.50,330
331,'Windows','Safari','10.7','2.5.6','1440x720','444x733','Cable',74.20,331
332,'Windows','Firefox','12.0','2.1.6','1440x1080','765x688','5G',80.10,332
333,'iOS','Firefox','11.5','5.4.5','1920x900','355x621','Cable',15.60,333
334,'Windows','Chrome','13.5','4.9.3','1280x1334','571x643','4G',72.20,334
335,'Windows','Firefox','8.1','2.2.4','1280x720','423x535','WiFi',57.60,335
336,'iOS','Safari','12.8','2.2.0','1920x720','791x621','4G',90.60,336
337,'MacOS','Firefox','14.4','1.2.1','750x900','723x557','4G',20.10,337
338,'Windows','Edge','11.7','3.8.8','750x1080','762x582','5G',35.00,338
339,'Android','Firefox','9.1','4.7.2','1920x720','561x671','4G',83.80,339
340,'Windows','Chrome','13.4','3.2.6','1440x1080','1065x606','4G',50.40,340
341,'MacOS','Chrome','8.7','1.8.9','750x1080','478x659','4G',9.30,341
342,'Windows','Firefox','11.6','5.4.7','1440x720','931x641','5G',69.60,342
343,'Android','Edge','9.5','1.5.7','750x1334','391x609','Cable',74.10,343
344,'iOS','Chrome','13.4','1.6.8','1440x1080','1010x629','Cable',96.10,344
345,'iOS','Chrome','9.6','1.2.6','1280x1334','513x658','4G',75.20,345
346,'Android','Chrome','13.7','4.7.6','1440x1080','735x532','WiFi',65.00,346
347,'Android','Edge','9.4','5.0.9','1280x1080','892x636','4G',77.90,347
348,'Windows','Chrome','10.9','1.6.3','1920x720','513x533','5G',12.10,348
349,'Android','Firefox','15.5','3.5.5','1440x720','615x524','4G',10.70,349
350,'Windows','Chrome','14.2','5.5.4','1440x900','1031x624','Cable',10.30,350
351,'iOS','Firefox','10.5','3.7.4','1920x900','961x589','Cable',47.10,351
352,'Android','Chrome','10.2','1.3.1','1280x900','1196x629','Cable',7.10,352
353,'Android','Firefox','9.2','1.6.2','750x1080','829x751','4G',80.10,353
354,'Android','Edge','15.9','5.5.0','750x1080','1025x755','5G',94.10,354
355,'Android','Safari','9.9','3.5.8','750x1080','391x524','5G',30.10,355
356,'Windows','Chrome','11.0','4.8.9','1920x1334','1068x753','5G',31.90,356
357,'Windows','Safari','8.2','2.7.9','1280x1334','354x556','WiFi',29.50,357
358,'iOS','Firefox','10.9','2.2.4','750x1080','1198x626','4G',28.40,358
359,'MacOS','Chrome','15.1','2.8.4','1280x1334','997x737','4G',95.00,359
360,'iOS','Chrome','15.8','4.4.3','750x900','995x616','WiFi',27.30,360
361,'Windows','Firefox','15.2','4.7.4','1280x720','835x680','5G',24.70,361
362,'Windows','Chrome','13.0','3.1.4','1440x1334','886x791','Cable',31.60,362
363,'iOS','Chrome','10.1','5.6.6','1440x720','589x691','5G',10.60,363
364,'Android','Firefox','13.3','3.0.4','1280x720','670x676','Cable',23.60,364
365,'Windows','Chrome','9.4','3.3.7','1920x720','936x558','Cable',65.10,365
366,'Android','Chrome','12.2','2.2.8','1280x1080','709x618','5G',2.20,366
367,'iOS','Chrome','13.6','1.0.9','1440x1334','840x519','Cable',49.30,367
368,'Android','Firefox','14.4','1.8.1','750x900','938x669','4G',47.00,368
369,'Android','Safari','14.6','2.1.1','1920x900','447x505','4G',38.50,369
370,'iOS','Edge','12.2','5.0.9','750x720','1023x742','WiFi',89.60,370
371,'Windows','Safari','15.8','4.5.1','1280x1080','1024x592','4G',6.70,371
372,'iOS','Safari','14.7','5.1.2','750x900','864x713','Cable',19.50,372
373,'Windows','Safari','8.8','2.0.2','1440x1080','429x667','4G',5.30,373
374,'MacOS','Firefox','15.3','5.1.2','1920x900','460x548','Cable',26.50,374
375,'Android','Safari','13.9','3.8.6','750x1334','329x538','Cable',50.20,375
376,'MacOS','Edge','12.5','2.4.5','1440x720','883x539','WiFi',65.90,376
377,'iOS','Edge','15.6','5.9.1','1920x1334','1163x548','Cable',66.10,377
378,'Android','Edge','15.5','2.6.8','1440x720','871x690','5G',66.10,378
379,'Windows','Firefox','9.7','1.4.5','1440x1080','383x727','5G',55.90,379
380,'iOS','Safari','9.1','3.9.8','750x720','1145x607','5G',95.20,380
381,'Android','Chrome','11.9','5.9.8','1440x900','600x542','WiFi',61.30,381
382,'iOS','Firefox','15.3','3.4.2','750x1080','543x543','5G',62.70,382
383,'Android','Edge','8.5','3.4.2','1440x1334','914x687','5G',86.60,383
384,'MacOS','Firefox','8.8','4.9.6','1280x720','491x599','WiFi',33.30,384
385,'iOS','Chrome','13.9','3.3.0','1440x900','674x646','4G',31.80,385
386,'Windows','Edge','12.8','3.6.4','1920x1334','747x576','Cable',43.50,386
387,'iOS','Chrome','13.6','4.2.8','1440x900','906x703','Cable',36.80,387
388,'Windows','Safari','10.3','1.4.7','1920x900','604x649','5G',11.20,388
389,'iOS','Safari','8.4','2.7.7','1280x1334','362x643','5G',75.40,389
390,'Windows','Safari','8.6','3.0.1','1280x720','943x784','WiFi',45.70,390
391,'Windows','Chrome','8.2','5.6.8','1440x1334','732x715','WiFi',71.60,391
392,'Windows','Safari','14.9','4.4.5','750x1080','666x774','WiFi',5.30,392
393,'Windows','Safari','8.9','1.7.3','1920x1080','325x761','Cable',82.10,393
394,'Windows','Chrome','12.2','4.6.6','1920x720','419x773','5G',77.00,394
395,'MacOS','Chrome','8.2','4.8.0','1440x1080','677x671','WiFi',93.20,395
396,'Android','Firefox','11.2','4.6.5','750x900','1091x613','WiFi',32.50,396
397,'Android','Edge','13.7','5.0.5','750x1080','408x526','WiFi',51.10,397
398,'Windows','Edge','13.6','4.9.9','750x900','931x782','5G',27.60,398
399,'Android','Firefox','9.5','3.7.7','1920x720','1068x757','WiFi',68.90,399
400,'iOS','Firefox','9.7','2.8.5','1440x720','681x584','5G',66.70,400
401,'iOS','Edge','14.9','1.6.9','1280x900','665x774','WiFi',60.00,401
402,'MacOS','Chrome','15.3','2.3.2','1280x1080','673x557','WiFi',12.70,402
403,'Android','Chrome','13.7','1.2.9','1440x1080','706x691','4G',31.20,403
404,'iOS','Edge','10.9','5.7.9','1280x900','472x667','WiFi',8.50,404
405,'iOS','Safari','11.8','1.2.1','1280x720','572x715','WiFi',99.70,405
406,'Android','Chrome','13.6','5.5.0','1280x1334','1058x593','WiFi',56.80,406
407,'Android','Safari','14.4','3.2.2','750x720','356x680','Cable',23.20,407
408,'MacOS','Chrome','10.1','1.2.5','750x720','438x650','5G',18.00,408
409,'Windows','Chrome','15.6','4.2.9','750x1334','582x638','4G',68.10,409
410,'Android','Firefox','14.3','4.5.7','1440x1334','622x687','5G',89.40,410
411,'Windows','Safari','10.8','4.4.4','1280x1080','656x785','Cable',97.10,411
412,'Windows','Chrome','10.7','4.8.3','1440x900','360x772','4G',91.60,412
413,'Android','Safari','14.2','2.8.8','1280x1334','1037x778','WiFi',55.00,413
414,'Android','Edge','11.4','4.4.5','1440x900','883x770','Cable',47.70,414
415,'iOS','Edge','12.5','4.1.2','1920x720','322x717','5G',60.80,415
416,'iOS','Firefox','12.7','5.4.7','1920x1334','1102x573','Cable',4.90,416
417,'Android','Edge','10.4','2.4.3','750x1334','1022x678','WiFi',52.40,417
418,'Android','Firefox','13.3','2.9.6','1440x900','1159x714','Cable',81.70,418
419,'Android','Chrome','10.8','2.7.5','1280x1334','620x513','Cable',85.60,419
420,'Windows','Chrome','12.8','1.0.2','1920x900','761x718','5G',51.10,420
421,'MacOS','Chrome','11.7','4.5.9','1280x1080','620x781','Cable',58.00,421
422,'MacOS','Firefox','13.7','5.2.4','1920x1080','575x778','WiFi',12.90,422
423,'iOS','Edge','15.7','3.0.3','1920x900','862x701','WiFi',5.60,423
424,'Windows','Firefox','12.9','5.5.4','1280x1334','652x799','Cable',87.50,424
425,'MacOS','Chrome','15.8','3.8.3','750x1334','656x665','Cable',73.00,425
426,'iOS','Firefox','15.8','5.8.5','1280x720','1153x735','WiFi',81.80,426
427,'Windows','Chrome','15.7','3.7.6','1440x900','507x589','Cable',14.00,427
428,'MacOS','Safari','14.9','4.1.1','750x1334','843x792','Cable',38.60,428
429,'MacOS','Edge','10.8','3.5.5','1280x1334','403x580','5G',41.50,429
430,'Android','Safari','10.5','2.2.6','1920x1334','830x727','4G',65.20,430
431,'Windows','Chrome','8.9','3.9.8','750x1080','418x697','WiFi',19.70,431
432,'Windows','Edge','10.0','3.2.5','1920x720','599x594','5G',22.20,432
433,'MacOS','Chrome','10.9','5.0.9','750x1080','325x624','5G',39.10,433
434,'Windows','Firefox','9.5','3.0.6','1920x900','708x672','Cable',54.30,434
435,'iOS','Chrome','15.3','1.8.5','1920x1334','646x520','4G',49.90,435
436,'iOS','Firefox','8.0','2.5.8','1440x900','668x766','5G',4.10,436
437,'iOS','Edge','11.5','4.2.9','1920x900','530x548','4G',99.00,437
438,'Android','Safari','15.4','1.7.0','750x720','794x554','WiFi',39.00,438
439,'Windows','Firefox','9.4','1.1.8','1440x1080','750x662','Cable',44.50,439
440,'iOS','Edge','15.3','4.6.1','1280x1080','764x762','4G',93.10,440
441,'Windows','Firefox','10.0','5.7.0','1920x720','560x762','WiFi',62.90,441
442,'Android','Firefox','8.1','5.8.1','1280x1080','702x643','4G',65.70,442
443,'Windows','Chrome','15.0','5.4.9','750x1080','1122x568','WiFi',1.10,443
444,'Windows','Safari','15.1','4.9.3','750x900','389x659','4G',87.80,444
445,'iOS','Edge','10.1','3.9.0','1280x1080','852x583','5G',78.60,445
446,'MacOS','Edge','9.8','1.4.5','1920x1080','1127x606','Cable',58.30,446
447,'MacOS','Edge','12.9','1.2.6','1920x720','878x549','WiFi',28.50,447
448,'MacOS','Firefox','10.5','4.3.0','750x900','491x755','WiFi',30.40,448
449,'iOS','Firefox','9.2','2.3.3','1440x900','707x686','Cable',48.20,449
450,'Windows','Chrome','10.0','5.9.8','1920x1334','556x667','WiFi',62.30,450
451,'Windows','Edge','12.6','5.1.7','1280x1080','1107x519','5G',95.70,451
452,'Windows','Firefox','10.3','4.6.7','750x1334','1122x735','4G',46.40,452
453,'Windows','Firefox','13.0','3.6.7','1280x1080','606x605','5G',14.10,453
454,'MacOS','Edge','12.0','3.0.4','750x1080','391x684','Cable',62.80,454
455,'MacOS','Firefox','8.2','3.8.1','1280x720','1020x715','4G',98.00,455
456,'iOS','Edge','15.4','5.8.7','1280x720','439x537','5G',36.40,456
457,'iOS','Safari','12.4','2.6.9','1440x1334','1008x574','5G',9.60,457
458,'Android','Chrome','8.8','1.4.8','1920x1334','1153x505','5G',93.40,458
459,'MacOS','Edge','12.0','4.3.6','1920x900','1100x633','WiFi',3.20,459
460,'MacOS','Firefox','8.0','2.0.5','1920x720','385x504','5G',8.70,460
461,'iOS','Firefox','8.7','2.1.5','1440x1080','862x543','Cable',26.20,461
462,'MacOS','Chrome','9.7','4.3.5','1280x1334','616x573','Cable',51.40,462
463,'Windows','Edge','8.7','2.8.9','750x1080','359x584','5G',25.30,463
464,'MacOS','Firefox','11.9','2.8.7','750x1080','742x572','4G',92.90,464
465,'Android','Safari','9.9','3.5.8','750x1334','633x619','Cable',75.90,465
466,'Android','Firefox','10.8','2.7.5','1920x900','775x562','WiFi',94.20,466
467,'Android','Edge','9.1','2.7.9','1920x1334','324x657','5G',29.50,467
468,'Windows','Safari','15.4','4.1.3','750x1080','350x620','4G',28.60,468
469,'MacOS','Safari','12.6','3.1.1','1440x900','788x698','4G',33.90,469
470,'iOS','Safari','11.9','1.9.3','1440x1080','311x538','WiFi',68.90,470
471,'Windows','Edge','12.0','4.2.4','1920x900','1077x570','WiFi',32.40,471
472,'Windows','Chrome','14.7','3.5.4','1440x1334','513x727','WiFi',30.70,472
473,'MacOS','Chrome','13.4','2.0.0','1920x1080','752x656','WiFi',48.70,473
474,'Windows','Edge','14.5','1.9.5','1440x1334','459x774','Cable',21.20,474
475,'Android','Firefox','15.0','4.8.5','1920x720','1044x744','WiFi',48.20,475
476,'iOS','Chrome','10.5','1.1.9','1440x900','670x759','Cable',50.20,476
477,'iOS','Safari','8.2','1.8.5','750x900','509x544','5G',84.60,477
478,'Windows','Edge','13.5','1.5.7','750x900','309x519','4G',54.10,478
479,'Windows','Chrome','10.4','2.4.7','1280x1080','753x573','5G',61.00,479
480,'iOS','Chrome','11.1','5.1.6','750x900','1043x719','Cable',25.80,480
481,'MacOS','Firefox','12.2','3.1.0','1280x900','731x629','WiFi',40.10,481
482,'Android','Edge','14.0','5.6.9','1280x900','832x623','4G',68.60,482
483,'MacOS','Chrome','9.3','2.2.5','750x1080','573x536','Cable',14.00,483
484,'Android','Firefox','12.4','3.9.0','1440x1334','319x704','WiFi',38.10,484
485,'MacOS','Chrome','15.5','3.8.6','1440x720','909x590','4G',92.10,485
486,'Windows','Firefox','9.2','3.3.1','1440x720','472x560','5G',14.60,486
487,'Android','Edge','13.1','5.0.1','750x1334','1003x532','WiFi',12.40,487
488,'Windows','Chrome','8.1','5.4.8','1920x900','486x782','5G',20.80,488
489,'MacOS','Safari','13.6','1.8.2','1440x1080','849x680','4G',95.90,489
490,'Android','Chrome','8.3','2.9.3','750x1334','1175x648','Cable',54.60,490
491,'MacOS','Edge','9.5','5.7.4','1920x900','324x713','WiFi',90.10,491
492,'Android','Chrome','9.1','3.7.3','1440x900','603x546','Cable',83.60,492
493,'Windows','Chrome','14.0','4.1.8','750x1334','826x775','Cable',11.20,493
494,'iOS','Chrome','10.3','5.1.4','1440x1334','362x653','Cable',68.50,494
495,'MacOS','Edge','15.4','3.5.0','1440x1334','923x561','5G',43.40,495
496,'Android','Edge','15.9','1.9.9','750x900','309x764','WiFi',61.30,496
497,'MacOS','Firefox','11.7','1.7.1','1440x900','1100x752','5G',96.10,497
498,'MacOS','Firefox','12.9','2.7.1','1920x900','548x696','Cable',5.00,498
499,'Windows','Safari','8.1','5.9.4','1440x900','781x753','Cable',74.00,499
500,'Android','Chrome','15.2','2.4.8','750x900','748x651','5G',81.50,500
501,'MacOS','Firefox','9.5','1.8.2','1440x1080','773x659','WiFi',65.80,501
502,'MacOS','Safari','11.3','1.7.2','1280x900','748x579','Cable',79.20,502
503,'Windows','Chrome','15.5','1.4.2','750x900','1012x639','WiFi',97.50,503
504,'MacOS','Chrome','15.3','5.8.8','750x1080','1069x653','5G',2.00,504
505,'iOS','Safari','12.0','4.4.6','1920x720','498x756','4G',17.70,505
506,'Android','Safari','15.6','4.9.3','1440x1334','420x555','5G',41.70,506
507,'iOS','Firefox','12.4','1.7.1','1440x1334','691x668','5G',48.70,507
508,'iOS','Firefox','8.8','2.6.6','1920x1080','838x586','5G',84.20,508
509,'iOS','Firefox','12.7','2.3.0','750x1334','1051x739','Cable',91.30,509
510,'iOS','Chrome','13.6','4.3.5','1280x1080','598x554','5G',87.40,510
511,'Android','Chrome','10.5','4.3.1','750x1080','468x503','4G',82.40,511
512,'iOS','Safari','8.9','3.6.9','1920x1334','670x636','4G',36.30,512
513,'MacOS','Safari','13.0','5.6.6','1280x720','903x505','WiFi',80.10,513
514,'iOS','Edge','10.8','5.7.0','1440x1334','939x718','4G',5.90,514
515,'Android','Safari','11.0','1.5.1','750x900','973x744','WiFi',86.00,515
516,'MacOS','Safari','10.3','5.0.1','1280x900','867x575','Cable',20.00,516
517,'iOS','Chrome','12.9','3.4.6','1920x720','355x531','WiFi',36.30,517
518,'Windows','Firefox','11.3','5.6.3','750x1080','516x639','WiFi',9.90,518
519,'Android','Firefox','14.0','5.9.3','1440x1080','384x773','5G',92.10,519
520,'Windows','Safari','8.3','2.1.9','750x1080','734x648','4G',74.70,520
521,'iOS','Chrome','14.9','5.8.9','1920x1334','883x744','4G',42.50,521
522,'iOS','Chrome','9.2','2.5.2','750x720','466x607','WiFi',59.20,522
523,'MacOS','Edge','14.9','4.0.5','1440x1334','665x569','4G',17.90,523
524,'Android','Firefox','12.8','4.2.9','1280x1334','325x552','4G',41.70,524
525,'iOS','Firefox','9.9','2.0.0','1280x1080','596x742','5G',85.00,525
526,'MacOS','Chrome','15.8','1.0.8','1280x1334','590x589','5G',60.40,526
527,'iOS','Edge','14.0','5.0.5','1280x720','792x584','Cable',72.00,527
528,'Windows','Chrome','14.6','5.4.3','1440x720','434x598','5G',40.50,528
529,'Windows','Chrome','9.6','2.8.6','1440x900','743x713','WiFi',92.40,529
530,'Windows','Chrome','13.2','3.2.6','750x900','955x575','4G',34.90,530
531,'Android','Safari','9.6','5.4.0','1920x1080','528x644','WiFi',13.50,531
532,'Android','Edge','11.9','3.9.2','1440x1080','495x704','5G',56.80,532
533,'Android','Chrome','13.7','2.3.4','1280x720','519x755','WiFi',59.70,533
534,'iOS','Edge','11.3','5.2.8','1440x1080','758x669','4G',56.90,534
535,'MacOS','Edge','9.3','2.3.4','1440x720','1014x672','5G',66.30,535
536,'Windows','Firefox','11.7','3.7.5','1920x900','321x770','Cable',23.80,536
537,'Windows','Firefox','14.4','2.6.2','1920x720','1187x715','4G',15.80,537
538,'Android','Chrome','15.9','4.3.1','1440x1080','1166x738','Cable',33.00,538
539,'MacOS','Edge','15.1','1.2.1','750x720','1037x527','4G',30.50,539
540,'Android','Firefox','10.4','3.4.1','750x900','328x626','WiFi',75.50,540
541,'Android','Edge','10.1','4.9.0','750x1080','864x587','Cable',29.50,541
542,'Android','Safari','14.7','3.6.5','750x1080','732x700','5G',78.10,542
543,'MacOS','Firefox','8.0','2.9.0','1920x1334','1060x525','Cable',24.60,543
544,'Android','Firefox','15.8','5.9.7','750x900','1140x664','Cable',12.10,544
545,'MacOS','Chrome','10.9','5.0.9','1920x900','838x684','Cable',64.10,546
546,'Android','Chrome','8.4','3.2.2','1440x900','764x773','WiFi',15.60,547
547,'Android','Firefox','14.2','5.0.1','1440x1080','617x689','4G',28.60,548
548,'Android','Chrome','9.8','5.2.5','750x720','371x711','Cable',47.60,549
549,'MacOS','Safari','14.4','3.2.2','1440x900','359x578','WiFi',8.10,550
550,'Android','Chrome','10.9','4.9.7','1920x1080','513x602','Cable',99.00,551
551,'MacOS','Firefox','8.2','3.5.0','750x1334','725x570','5G',60.70,552
552,'MacOS','Edge','11.2','1.6.1','1920x900','797x669','5G',40.40,553
553,'MacOS','Safari','11.0','4.9.0','1280x900','467x719','4G',69.10,554
554,'MacOS','Chrome','12.1','3.4.3','750x1334','742x620','4G',36.90,555
555,'Android','Edge','15.1','3.7.3','1920x1334','952x720','WiFi',22.80,556
556,'MacOS','Safari','15.3','5.9.8','750x720','1070x554','4G',15.30,557
557,'iOS','Safari','12.2','5.3.7','1440x1334','1074x716','WiFi',85.80,558
558,'iOS','Safari','15.5','1.2.0','750x1080','366x651','4G',34.70,559
559,'Windows','Edge','13.7','4.0.8','1440x1334','593x723','WiFi',83.40,560
560,'Windows','Firefox','8.6','4.8.7','1920x720','1149x776','5G',65.60,561
561,'Android','Firefox','8.8','3.5.6','1920x1334','770x755','Cable',72.20,562
562,'iOS','Chrome','12.9','5.9.4','750x1334','673x511','4G',39.90,563
563,'Android','Chrome','12.6','3.9.0','750x1334','512x722','WiFi',65.00,564
564,'iOS','Firefox','10.1','2.3.3','1280x900','349x664','WiFi',58.80,565
565,'MacOS','Chrome','11.5','5.5.6','1440x1334','612x533','4G',27.10,566
566,'iOS','Firefox','8.5','1.1.9','1920x900','374x606','4G',19.80,567
567,'iOS','Edge','14.2','2.7.3','1920x1334','1088x598','WiFi',10.30,568
568,'Android','Edge','10.0','5.2.9','1280x900','1059x669','5G',28.40,569
569,'Windows','Edge','11.5','5.4.4','750x1334','1040x647','4G',58.90,570
570,'Android','Firefox','9.5','3.8.0','1920x1334','954x600','Cable',36.20,571
571,'iOS','Chrome','13.5','4.1.0','1440x1080','1040x730','WiFi',17.00,572
572,'MacOS','Firefox','12.2','2.6.4','1440x1080','1156x737','5G',34.00,573
573,'iOS','Safari','14.7','4.7.3','1920x720','385x716','4G',75.80,574
574,'Android','Firefox','9.5','3.0.1','1280x1080','676x574','4G',98.80,575
575,'Windows','Chrome','15.1','5.7.0','1440x1080','791x777','WiFi',67.90,576
576,'Windows','Firefox','13.4','1.8.7','1280x900','484x559','Cable',41.30,577
577,'Windows','Chrome','13.2','3.3.7','1440x720','805x533','5G',84.90,578
578,'Android','Safari','9.4','4.9.3','1920x1080','701x587','WiFi',61.00,579
579,'iOS','Chrome','12.0','2.3.1','1440x900','668x553','4G',90.50,580
580,'Android','Edge','14.5','4.0.6','1280x720','593x596','5G',55.60,581
581,'iOS','Safari','13.2','3.2.2','1920x1334','679x686','4G',19.50,582
582,'MacOS','Chrome','8.5','4.3.9','750x720','697x638','4G',2.50,583
583,'Android','Safari','14.2','4.9.0','750x1080','559x510','5G',31.90,584
584,'MacOS','Safari','15.5','1.4.1','1920x1334','768x746','WiFi',22.60,585
585,'MacOS','Edge','9.0','1.9.5','1440x1080','1033x764','Cable',67.70,586
586,'Windows','Safari','13.3','5.3.3','1440x1080','1194x682','4G',59.00,587
587,'Windows','Chrome','15.3','3.2.6','1280x900','471x775','4G',5.90,588
588,'Windows','Firefox','12.0','1.7.6','750x1334','655x530','WiFi',95.50,589
589,'Windows','Firefox','10.7','5.2.3','750x720','990x670','5G',81.90,590
590,'iOS','Firefox','12.4','2.8.6','750x1080','1080x751','5G',28.80,591
591,'Android','Firefox','13.1','2.7.5','750x720','408x760','Cable',62.20,592
592,'iOS','Safari','14.9','2.6.3','1920x1334','1132x515','5G',81.00,593
593,'Windows','Safari','15.1','3.1.6','1280x1080','342x614','Cable',99.10,594
594,'Android','Safari','9.2','5.5.3','750x720','721x603','Cable',19.10,595
595,'iOS','Edge','13.8','2.7.6','750x1080','818x648','4G',53.70,596
596,'iOS','Chrome','11.7','2.5.6','750x900','541x557','WiFi',30.10,597
597,'iOS','Edge','14.3','3.2.7','1920x720','309x523','Cable',47.40,598
598,'MacOS','Firefox','13.0','5.9.8','1280x720','365x707','4G',25.20,599
599,'iOS','Firefox','15.7','3.6.7','1280x1334','419x609','4G',16.30,600
600,'iOS','Chrome','10.4','4.8.5','1280x720','677x668','5G',96.20,601
601,'iOS','Edge','13.2','1.3.8','1920x1080','507x539','4G',13.10,602
602,'Android','Chrome','13.5','2.8.0','1280x1080','453x709','5G',22.50,603
603,'iOS','Firefox','8.9','1.1.5','1440x1334','307x622','WiFi',80.70,604
604,'Android','Chrome','12.6','5.3.0','750x720','333x713','WiFi',99.70,605
605,'iOS','Firefox','15.9','3.9.7','750x720','1162x543','Cable',19.50,606
606,'MacOS','Safari','13.7','2.1.1','1280x720','1111x550','5G',92.00,607
607,'Windows','Edge','10.3','5.1.5','750x1334','985x720','5G',99.40,608
608,'Windows','Firefox','12.1','2.6.6','1440x720','681x693','5G',99.90,609
609,'MacOS','Edge','12.1','2.4.5','1440x900','1147x719','4G',47.10,610
610,'MacOS','Edge','12.4','4.9.9','1440x1334','906x607','4G',97.60,611
611,'MacOS','Safari','11.0','2.1.8','1920x1334','866x530','Cable',31.20,612
612,'MacOS','Chrome','15.3','5.7.5','1440x720','322x673','4G',36.60,613
613,'Windows','Safari','13.4','1.2.7','1920x720','856x641','Cable',55.90,614
614,'Windows','Chrome','11.8','5.8.6','1920x1080','977x707','Cable',73.80,615
615,'Android','Chrome','13.2','3.8.5','1440x1334','378x532','Cable',11.70,616
616,'iOS','Firefox','15.3','5.5.3','750x1334','831x669','4G',5.60,617
617,'Windows','Chrome','9.9','2.4.6','750x720','477x555','4G',75.20,618
618,'Windows','Firefox','13.3','5.5.6','1440x1080','1123x616','WiFi',26.80,619
619,'MacOS','Chrome','15.8','3.8.9','1440x900','1098x661','4G',23.50,620
620,'Android','Chrome','13.4','3.3.8','1440x900','458x685','WiFi',44.40,621
621,'Windows','Chrome','14.2','5.4.3','1440x720','1138x721','Cable',45.80,622
622,'Android','Safari','11.5','4.1.9','1280x1080','1095x580','5G',68.20,623
623,'Windows','Firefox','11.5','5.6.6','1920x720','976x600','WiFi',13.90,624
624,'iOS','Chrome','15.2','4.9.4','1440x1080','996x791','5G',54.10,625
625,'Windows','Firefox','11.6','1.3.2','1920x1334','1113x579','Cable',48.70,626
626,'Android','Chrome','15.2','4.6.4','750x900','892x751','4G',47.20,627
627,'MacOS','Edge','9.1','1.2.9','1920x1334','1193x568','5G',39.90,628
628,'Android','Edge','12.7','4.4.8','750x720','461x583','4G',93.70,629
629,'Windows','Firefox','9.2','4.2.5','1920x1080','413x668','WiFi',17.00,630
630,'Android','Firefox','8.0','5.1.5','1280x900','911x710','5G',33.00,631
631,'Windows','Edge','9.7','1.8.6','1920x1334','675x746','WiFi',10.20,632
632,'Android','Firefox','11.8','4.5.0','1920x720','1111x598','5G',28.80,633
633,'iOS','Edge','8.0','3.9.2','750x1080','791x598','WiFi',58.60,634
634,'MacOS','Chrome','10.3','5.7.5','1920x720','509x715','WiFi',41.10,635
635,'MacOS','Chrome','12.2','4.4.7','750x1080','1037x791','Cable',30.60,636
636,'iOS','Safari','11.3','1.3.3','750x1334','918x799','WiFi',26.30,637
637,'Android','Firefox','8.1','5.4.7','1920x1080','323x685','Cable',71.30,638
638,'Windows','Safari','8.8','5.7.0','1280x900','826x751','4G',85.00,639
639,'Android','Chrome','8.6','5.7.5','1440x720','309x646','Cable',8.30,640
640,'iOS','Chrome','8.9','5.6.9','1440x1334','746x541','Cable',50.80,641
641,'MacOS','Chrome','10.4','1.9.1','1440x900','572x719','WiFi',30.50,642
642,'iOS','Chrome','12.0','4.6.6','750x900','1135x681','WiFi',62.80,643
643,'Windows','Chrome','8.9','4.8.1','1280x720','522x700','5G',78.10,644
644,'Android','Firefox','8.2','2.6.6','1280x1080','707x554','WiFi',36.90,645
645,'Windows','Safari','13.8','3.1.9','1440x1080','577x777','Cable',59.30,646
646,'iOS','Safari','13.6','2.6.6','1920x720','833x508','WiFi',3.20,647
647,'Windows','Edge','13.1','5.0.9','1440x900','596x684','5G',10.90,648
648,'MacOS','Firefox','8.7','1.1.2','1920x720','368x500','4G',7.30,649
649,'Android','Firefox','12.7','2.7.2','1920x900','747x685','WiFi',7.10,650
650,'MacOS','Firefox','10.6','1.0.7','750x900','459x660','5G',100.00,651
651,'MacOS','Safari','11.1','1.3.9','1440x720','766x573','Cable',44.50,652
652,'MacOS','Firefox','15.6','1.7.3','1440x720','487x790','4G',31.70,653
653,'Windows','Chrome','9.5','3.9.0','1280x1334','691x624','WiFi',24.50,654
654,'Windows','Firefox','9.3','1.2.7','1280x1334','526x767','WiFi',14.00,655
655,'Windows','Firefox','13.7','2.7.5','1920x1334','819x749','4G',29.60,656
656,'MacOS','Safari','12.0','3.5.9','1440x1080','552x775','WiFi',59.30,657
657,'MacOS','Safari','9.1','3.3.1','1280x1334','1132x528','5G',5.70,658
658,'iOS','Chrome','8.1','5.9.0','1920x720','573x617','5G',3.50,659
659,'iOS','Safari','15.5','3.4.0','750x1334','681x691','WiFi',58.20,660
660,'Windows','Chrome','10.6','2.0.0','1280x1334','987x638','4G',90.80,661
661,'Android','Firefox','12.1','5.6.7','1920x1334','1162x580','5G',84.70,662
662,'iOS','Chrome','14.0','3.1.9','1440x1334','371x726','Cable',32.80,663
663,'iOS','Firefox','10.0','2.4.0','750x1334','1140x800','WiFi',70.60,664
664,'MacOS','Safari','12.9','2.2.3','750x900','424x770','5G',11.50,665
665,'iOS','Chrome','15.5','4.4.0','1920x1334','652x723','Cable',80.50,666
666,'Android','Safari','14.8','1.5.5','750x900','1124x750','5G',37.20,667
667,'iOS','Firefox','15.1','1.5.9','750x720','760x641','4G',7.70,668
668,'MacOS','Chrome','10.7','4.6.7','1440x1080','390x799','4G',81.90,669
669,'Android','Safari','14.6','4.4.8','1920x1334','560x607','4G',18.90,670
670,'Windows','Edge','8.3','1.8.4','1440x900','548x583','Cable',44.90,671
671,'Android','Chrome','14.1','3.2.6','1280x720','669x553','5G',96.50,672
672,'Android','Safari','10.5','4.7.6','1280x1080','774x563','5G',17.10,673
673,'Windows','Edge','15.7','4.2.6','1440x1080','853x714','Cable',53.50,674
674,'Windows','Chrome','14.2','4.8.2','750x1080','816x742','Cable',15.50,675
675,'Windows','Chrome','15.4','2.6.9','1440x900','834x587','4G',51.30,676
676,'MacOS','Firefox','10.0','5.9.0','1920x1080','906x530','Cable',48.80,677
677,'MacOS','Edge','9.4','2.2.7','1920x1080','1125x634','5G',41.00,678
678,'iOS','Safari','9.5','5.8.1','750x720','1152x559','Cable',79.40,679
679,'Windows','Edge','9.0','5.1.5','1920x1080','604x649','Cable',36.50,680
680,'Windows','Firefox','9.7','2.5.1','1920x720','985x642','5G',57.40,681
681,'Android','Firefox','14.8','2.8.0','1280x900','341x627','5G',69.70,682
682,'Android','Firefox','11.5','1.2.1','1920x1334','591x787','4G',9.60,683
683,'Windows','Edge','8.6','4.4.3','1440x1080','1057x546','WiFi',52.10,684
684,'Windows','Chrome','12.3','1.0.0','1280x900','537x666','WiFi',58.30,685
685,'Android','Safari','9.9','2.4.8','1280x1334','321x779','Cable',11.90,686
686,'Windows','Safari','11.5','5.9.3','750x720','651x640','WiFi',2.80,687
687,'Android','Firefox','11.2','3.0.5','1280x1334','757x583','Cable',42.50,688
688,'MacOS','Edge','13.3','4.9.4','1440x1080','997x675','5G',9.20,689
689,'MacOS','Firefox','9.3','2.2.5','750x900','978x564','Cable',66.30,690
690,'Android','Firefox','8.3','4.0.7','1280x1080','677x657','5G',70.90,691
691,'MacOS','Safari','12.0','5.1.5','750x900','447x759','4G',39.50,692
692,'Windows','Chrome','11.2','3.7.6','750x720','486x791','WiFi',86.20,693
693,'Android','Edge','8.4','4.1.2','1440x1080','516x694','Cable',12.60,694
694,'Windows','Edge','8.0','2.5.3','1920x900','1165x539','Cable',37.30,695
695,'MacOS','Firefox','13.8','5.7.4','1920x720','713x592','4G',95.50,696
696,'Android','Safari','10.1','3.9.8','1920x720','835x603','WiFi',98.30,682
697,'iOS','Firefox','10.6','2.0.8','750x1080','385x689','4G',49.90,697
698,'MacOS','Edge','13.4','3.3.2','1440x1080','402x659','5G',76.10,698
699,'Windows','Chrome','10.1','5.6.1','1440x1080','1039x655','5G',77.80,699
700,'Windows','Chrome','9.7','1.6.5','1280x720','887x568','4G',8.10,700
701,'Windows','Chrome','10.2','3.5.8','1920x1080','945x796','WiFi',73.10,701
702,'Windows','Edge','15.8','1.1.8','750x900','907x798','5G',99.70,702
703,'Android','Chrome','10.1','2.4.6','1280x1080','628x600','Cable',66.80,703
704,'MacOS','Edge','15.4','5.9.1','1920x1334','802x542','WiFi',14.70,704
705,'MacOS','Chrome','13.0','1.6.6','1280x720','1097x644','WiFi',3.90,705
706,'Windows','Safari','13.4','1.3.4','1440x1080','1017x770','WiFi',24.10,706
707,'Android','Safari','15.3','2.3.6','1920x720','790x561','Cable',95.80,707
708,'iOS','Chrome','14.5','4.3.6','1920x1080','503x717','WiFi',47.40,708
709,'Windows','Edge','8.3','5.4.2','1440x720','579x530','WiFi',38.80,709
710,'Windows','Firefox','12.1','5.4.0','750x900','518x544','4G',25.00,710
711,'Android','Chrome','9.2','1.7.9','1280x1334','894x638','5G',37.60,711
712,'Android','Edge','15.1','5.9.0','1920x1080','470x502','Cable',87.10,712
713,'MacOS','Chrome','9.2','5.5.4','1920x900','701x563','4G',79.60,572
714,'Android','Firefox','11.6','1.6.8','1440x1334','404x517','Cable',93.00,713
715,'Windows','Edge','12.1','2.4.1','1440x1080','701x500','5G',79.80,714
716,'MacOS','Firefox','14.8','5.2.1','750x1080','1015x737','4G',14.90,715
717,'MacOS','Chrome','11.3','3.2.7','1280x900','905x799','Cable',30.80,716
718,'iOS','Chrome','15.5','2.6.6','1920x900','497x545','WiFi',31.60,717
719,'iOS','Safari','13.7','4.3.4','1920x720','1171x597','Cable',44.00,718
720,'iOS','Chrome','15.8','2.9.4','750x720','503x677','Cable',33.00,719
721,'MacOS','Firefox','9.3','4.3.4','750x720','950x522','4G',23.50,720
722,'Windows','Safari','8.7','4.3.7','750x720','796x750','WiFi',58.00,721
723,'Windows','Firefox','12.9','3.7.9','1920x1080','1052x777','4G',79.90,722
724,'MacOS','Safari','9.9','4.9.4','1280x1334','1160x772','5G',53.80,723
725,'MacOS','Firefox','12.4','2.7.4','750x1080','723x616','Cable',52.30,724
726,'iOS','Firefox','13.5','5.8.0','1280x1080','1042x558','5G',15.80,725
727,'iOS','Chrome','15.7','4.4.7','750x900','327x576','WiFi',96.50,726
728,'Windows','Edge','12.5','1.3.0','1920x720','614x797','4G',46.60,727
729,'MacOS','Firefox','8.3','5.7.9','1440x1080','559x594','WiFi',75.70,728
730,'Windows','Firefox','10.4','2.4.8','1280x720','700x781','Cable',18.20,729
731,'Android','Safari','10.6','5.9.0','750x900','1069x784','5G',54.30,730
732,'Android','Chrome','11.5','5.3.6','1440x720','347x723','5G',78.30,731
733,'Android','Safari','12.0','2.5.7','1280x1334','1026x655','Cable',31.20,732
734,'Windows','Chrome','15.6','2.9.6','1920x900','652x767','Cable',74.20,733
735,'Android','Edge','15.7','5.2.6','1920x1080','456x582','WiFi',1.70,734
736,'iOS','Chrome','15.7','3.0.6','1440x1334','895x687','WiFi',82.80,735
737,'iOS','Firefox','9.2','4.1.4','1280x1334','425x565','WiFi',21.80,736
738,'MacOS','Chrome','11.8','2.0.7','1920x1334','398x561','Cable',47.10,737
739,'Windows','Chrome','9.8','2.2.8','1920x1080','804x736','Cable',41.20,738
740,'Windows','Safari','13.7','1.6.2','1920x1334','860x798','5G',48.90,739
741,'MacOS','Chrome','15.8','5.1.4','1920x1334','524x684','4G',9.50,740
742,'iOS','Edge','13.4','4.0.9','750x1080','1019x661','Cable',93.20,741
743,'iOS','Firefox','14.2','4.3.4','1440x900','878x610','4G',75.50,742
744,'Android','Firefox','8.8','2.9.8','750x1334','813x755','5G',54.60,513
745,'MacOS','Safari','8.8','5.4.5','1920x1080','970x631','5G',82.40,743
746,'Windows','Firefox','9.8','2.2.0','1440x1334','1069x629','5G',54.70,744
747,'Android','Chrome','10.6','3.9.3','750x900','1098x734','5G',56.00,745
748,'iOS','Safari','12.3','1.4.3','750x1334','1093x789','4G',15.40,746
749,'MacOS','Firefox','14.3','4.2.3','1440x720','333x587','Cable',32.90,747
750,'Android','Firefox','11.1','4.1.7','1440x1334','875x758','Cable',7.40,748
751,'MacOS','Safari','10.6','5.2.2','1920x900','566x738','5G',59.50,749
752,'Windows','Firefox','15.6','4.5.8','1280x1334','689x679','Cable',12.20,750
753,'Android','Firefox','9.5','1.8.3','1280x720','655x726','WiFi',11.40,751
754,'MacOS','Safari','14.4','3.9.4','1280x900','847x700','Cable',20.40,752
755,'iOS','Edge','8.2','3.1.9','1920x1334','412x732','WiFi',12.80,753
756,'Windows','Edge','11.9','3.6.6','1920x1334','632x740','Cable',22.70,754
757,'Android','Firefox','14.5','4.6.8','750x1080','377x543','4G',68.70,755
758,'Android','Edge','14.9','4.4.2','1280x1080','1160x520','4G',27.20,756
759,'MacOS','Edge','11.0','3.0.3','1920x720','1123x606','4G',70.50,757
760,'Windows','Edge','8.4','3.8.5','750x720','1120x792','WiFi',33.70,758
761,'Windows','Edge','8.0','5.3.1','1440x1334','357x669','5G',72.60,759
762,'Windows','Edge','8.3','4.0.7','1440x900','809x557','Cable',90.60,760
763,'Windows','Chrome','10.0','3.1.5','750x1334','1192x659','5G',16.10,761
764,'Windows','Safari','14.8','4.7.1','1920x900','843x592','WiFi',36.40,762
765,'Android','Safari','9.7','5.0.0','1280x720','1014x668','Cable',81.40,763
766,'iOS','Firefox','15.9','4.6.0','1440x1334','720x669','5G',25.90,764
767,'Android','Edge','12.2','3.2.1','1920x1334','1151x779','Cable',87.30,765
768,'Android','Safari','12.4','4.5.0','1440x1080','1168x602','5G',74.70,766
769,'Android','Edge','9.8','5.1.4','1440x720','1004x705','4G',26.80,767
770,'Android','Safari','8.5','3.7.2','1920x720','710x630','Cable',90.50,351
771,'Android','Safari','9.2','4.0.0','1920x1334','1181x578','4G',13.40,768
772,'Android','Firefox','11.9','2.6.5','1440x720','849x606','5G',52.00,769
773,'Android','Edge','12.1','2.5.6','750x720','1128x507','Cable',74.20,770
774,'MacOS','Firefox','10.2','2.3.8','1440x720','592x780','Cable',63.30,771
775,'Android','Safari','9.4','1.1.2','750x1334','572x511','4G',36.90,772
776,'Android','Safari','11.9','3.6.4','750x900','842x784','5G',82.40,773
777,'MacOS','Firefox','13.0','1.6.8','1280x1334','847x553','WiFi',6.80,774
778,'Windows','Edge','12.9','5.1.8','1440x1080','425x579','5G',88.90,775
779,'iOS','Edge','8.4','2.7.5','1280x1080','1098x608','Cable',19.80,776
780,'Android','Edge','9.5','4.3.0','1280x900','311x656','WiFi',11.40,777
781,'Android','Firefox','8.2','5.9.5','1920x900','721x683','WiFi',31.80,778
782,'Windows','Edge','14.5','2.9.5','750x1334','1188x592','4G',50.80,779
783,'MacOS','Edge','14.4','5.0.3','1280x720','1077x676','WiFi',31.40,780
784,'Windows','Chrome','15.1','4.9.0','750x900','1028x538','5G',80.10,781
785,'Windows','Chrome','12.3','2.8.7','1280x900','445x784','WiFi',49.00,782
786,'Android','Safari','14.3','3.2.9','1280x1080','856x685','Cable',93.20,783
787,'Windows','Safari','13.3','1.2.1','1280x1080','872x685','Cable',7.20,784
788,'Windows','Chrome','9.5','1.9.5','1280x1334','915x631','5G',90.80,785
789,'MacOS','Chrome','13.4','2.7.0','1920x1080','1014x705','5G',90.00,786
790,'iOS','Safari','14.7','1.9.2','1440x1334','694x658','WiFi',62.50,787
791,'MacOS','Safari','9.5','5.6.2','750x900','384x585','WiFi',82.50,788
792,'iOS','Firefox','10.4','3.7.6','1920x1080','631x641','5G',9.20,789
793,'Android','Firefox','12.9','4.0.1','1280x900','881x718','WiFi',16.20,791
794,'MacOS','Chrome','10.2','2.2.8','1440x900','688x656','4G',70.10,792
795,'Android','Firefox','15.0','1.3.2','1440x1080','565x643','WiFi',99.40,793
796,'MacOS','Safari','12.5','1.9.5','750x1080','1170x560','WiFi',41.40,794
797,'Android','Edge','13.7','5.0.8','1920x720','830x668','Cable',17.60,795
798,'iOS','Edge','10.5','2.2.6','1920x900','1057x613','Cable',66.00,796
799,'Android','Firefox','12.6','5.3.2','1920x1080','1147x627','5G',64.50,797
800,'MacOS','Firefox','12.7','4.8.0','1920x900','415x575','WiFi',60.10,798
801,'iOS','Safari','9.9','4.3.3','1440x900','713x577','5G',99.80,799
802,'iOS','Edge','11.9','4.2.9','1280x720','526x523','Cable',74.10,800
803,'MacOS','Firefox','13.0','1.3.0','1920x1334','558x689','4G',43.30,801
804,'iOS','Chrome','9.5','3.6.5','1280x720','1166x544','WiFi',99.90,802
805,'MacOS','Firefox','11.1','3.0.5','1440x900','304x658','5G',17.60,803
806,'MacOS','Edge','13.9','3.6.8','1440x1334','509x587','5G',61.20,804
807,'Windows','Edge','8.5','4.2.0','1440x1080','464x561','WiFi',21.40,805
808,'iOS','Chrome','12.2','4.2.7','1440x1080','989x552','5G',95.10,806
809,'iOS','Chrome','15.9','5.8.0','1920x720','651x550','5G',39.30,807
810,'MacOS','Firefox','11.1','4.5.2','750x1080','300x638','4G',48.70,808
811,'MacOS','Firefox','11.6','3.0.6','1280x1080','420x522','WiFi',88.40,809
812,'MacOS','Chrome','8.2','5.4.4','1280x1334','449x717','Cable',57.90,810
813,'MacOS','Firefox','14.1','2.5.2','1280x900','762x629','WiFi',22.00,811
814,'Android','Chrome','14.8','5.2.3','750x1080','482x524','4G',86.60,812
815,'Android','Edge','15.3','4.7.4','750x1334','1188x715','WiFi',31.30,813
816,'MacOS','Firefox','11.0','1.1.5','1920x900','1104x673','4G',59.80,814
817,'MacOS','Safari','11.8','3.5.9','1440x900','831x795','WiFi',57.90,815
818,'Windows','Edge','13.9','3.4.1','1440x900','1041x719','WiFi',6.90,816
819,'iOS','Edge','9.7','2.0.7','750x720','886x728','5G',61.90,817
820,'iOS','Safari','15.3','5.9.2','1440x900','1174x603','Cable',60.70,818
821,'iOS','Chrome','12.7','1.8.4','1440x900','724x564','5G',29.40,819
822,'Android','Safari','10.6','4.6.3','1280x1334','774x522','WiFi',90.80,820
823,'iOS','Firefox','14.5','5.6.1','1280x720','1130x515','5G',32.20,821
824,'Android','Firefox','11.5','4.9.2','1440x1334','901x735','4G',23.90,822
825,'Android','Safari','12.6','2.4.7','750x1334','660x519','5G',76.10,823
826,'iOS','Chrome','11.0','2.3.9','1440x900','1092x697','Cable',34.30,824
827,'Android','Safari','14.8','4.7.9','1280x1080','1136x566','WiFi',91.80,825
828,'Android','Firefox','13.8','5.0.7','1280x720','387x515','5G',30.70,826
829,'Windows','Edge','11.2','2.0.5','1280x720','591x567','5G',57.10,827
830,'iOS','Firefox','15.2','2.3.2','1440x1080','724x784','Cable',75.60,828
831,'iOS','Edge','14.3','1.3.4','750x720','542x611','WiFi',65.70,829
832,'MacOS','Chrome','9.1','4.0.8','1920x720','788x547','WiFi',76.00,830
833,'Android','Edge','11.7','2.3.5','1440x1334','565x734','4G',24.50,831
834,'iOS','Firefox','8.0','4.5.4','1280x1080','764x745','5G',81.10,832
835,'iOS','Edge','11.9','4.5.7','750x1080','391x590','WiFi',91.00,833
836,'MacOS','Edge','9.1','4.9.4','1920x1334','862x747','5G',47.10,835
837,'Android','Chrome','8.0','4.1.3','750x720','1033x666','WiFi',50.80,836
838,'Android','Firefox','15.5','1.8.7','1280x1334','513x606','WiFi',22.20,837
839,'Android','Firefox','13.7','4.6.2','1280x1334','962x634','5G',16.60,838
840,'Android','Firefox','9.6','3.9.3','1280x1334','736x519','WiFi',91.00,839
841,'iOS','Chrome','12.9','4.8.8','1920x720','394x628','WiFi',17.00,840
842,'MacOS','Chrome','8.4','5.3.0','1280x1334','711x550','Cable',48.00,841
843,'Windows','Edge','11.7','3.0.3','1440x1334','442x572','4G',97.40,842
844,'iOS','Safari','8.1','4.9.9','1280x1080','319x707','5G',55.70,843
845,'MacOS','Safari','10.1','2.7.3','1440x900','1168x703','5G',20.00,844
846,'Windows','Edge','10.1','5.2.5','1440x1080','985x608','4G',67.50,845
847,'MacOS','Edge','13.3','4.3.2','750x720','750x693','Cable',72.20,846
848,'Android','Edge','15.4','2.2.3','750x900','701x613','Cable',73.90,847
849,'Windows','Safari','11.6','4.8.4','1920x720','916x597','5G',15.40,848
850,'Windows','Chrome','8.2','4.3.6','1280x720','450x593','Cable',2.40,849
851,'MacOS','Firefox','14.8','3.3.4','1440x1080','660x728','4G',19.20,850
852,'iOS','Edge','15.2','1.1.2','750x900','530x517','4G',44.60,851
853,'MacOS','Safari','8.1','3.5.6','1920x720','1149x766','WiFi',64.60,852
854,'MacOS','Firefox','13.7','4.1.6','1280x900','439x538','WiFi',34.80,853
855,'iOS','Chrome','10.5','2.9.3','1280x720','1027x761','Cable',66.20,854
856,'Android','Edge','9.9','4.1.1','1920x1080','1079x572','WiFi',89.50,855
857,'MacOS','Chrome','13.3','2.5.2','1440x720','321x511','WiFi',52.10,856
858,'Android','Firefox','10.0','5.6.8','1920x900','888x525','Cable',52.20,857
859,'MacOS','Chrome','10.0','4.4.4','1920x1080','980x506','WiFi',48.80,858
860,'Windows','Firefox','8.8','1.9.8','1280x900','841x738','Cable',1.20,859
861,'Android','Chrome','13.0','4.6.2','1280x1334','843x797','5G',18.30,860
862,'Windows','Firefox','13.7','1.9.5','750x720','1016x602','Cable',57.30,861
863,'iOS','Safari','12.8','4.0.8','1920x1080','877x654','Cable',90.30,862
864,'Android','Safari','8.2','4.0.8','1280x1080','993x779','4G',26.60,863
865,'Windows','Firefox','12.8','3.5.0','750x720','841x781','5G',83.70,864
866,'Android','Edge','9.2','5.5.0','1280x720','1138x690','5G',83.60,865
867,'Windows','Edge','13.8','4.4.2','1920x720','608x658','WiFi',64.60,866
868,'Android','Chrome','9.9','3.3.5','1440x1334','722x578','WiFi',22.60,867
869,'iOS','Edge','14.1','2.5.0','1920x1080','444x739','4G',95.90,868
870,'MacOS','Edge','14.2','4.8.5','1280x1334','733x691','5G',8.00,869
871,'Android','Chrome','10.3','2.2.2','1440x1334','1060x743','Cable',28.50,870
872,'Android','Safari','8.1','3.6.5','1440x1080','744x650','4G',72.10,871
873,'Windows','Safari','12.5','5.3.9','1920x1080','361x744','5G',18.70,872
874,'Android','Firefox','11.6','5.4.9','1440x1334','708x505','WiFi',87.50,873
875,'Android','Edge','15.1','5.9.1','1440x1334','762x715','5G',91.10,875
876,'MacOS','Chrome','12.1','3.7.3','750x720','470x764','Cable',27.10,876
877,'Windows','Chrome','9.8','1.0.4','1920x1080','808x689','WiFi',89.20,877
878,'iOS','Chrome','15.0','2.2.5','1440x720','624x626','Cable',92.30,878
879,'Windows','Firefox','14.3','1.2.9','1440x720','366x798','5G',55.40,879
880,'MacOS','Edge','13.9','5.3.3','1440x720','862x513','4G',80.20,880
881,'Windows','Firefox','12.5','1.2.8','1920x720','477x594','Cable',64.60,881
882,'iOS','Safari','11.0','3.7.4','1920x900','673x744','WiFi',24.40,882
883,'MacOS','Firefox','8.1','4.6.9','1440x720','834x795','WiFi',74.50,883
884,'iOS','Firefox','14.7','3.5.1','1280x900','1150x696','4G',62.10,884
885,'iOS','Chrome','9.8','5.4.3','1440x1334','958x791','4G',72.10,885
886,'Windows','Edge','15.0','4.6.2','1920x720','688x629','5G',98.10,886
887,'iOS','Edge','15.5','1.2.8','1920x1334','1022x579','WiFi',34.10,887
888,'iOS','Edge','8.6','3.8.2','1280x1334','1184x511','WiFi',66.10,888
889,'MacOS','Chrome','11.1','1.1.1','1280x900','927x786','WiFi',6.70,889
890,'MacOS','Edge','8.7','1.2.4','750x900','656x615','4G',86.90,890
891,'Android','Chrome','8.9','5.2.6','750x1080','1182x774','WiFi',11.40,891
892,'Android','Edge','12.6','2.1.7','1920x1080','343x535','4G',69.30,892
893,'MacOS','Safari','13.3','5.6.0','1440x1080','493x549','Cable',34.60,893
894,'Android','Edge','8.1','2.0.1','1280x1080','1143x599','4G',2.70,894
895,'MacOS','Firefox','12.3','4.5.8','1280x900','556x683','5G',18.30,895
896,'MacOS','Edge','10.4','5.3.1','750x1334','843x659','Cable',42.30,896
897,'iOS','Firefox','15.0','3.5.7','1920x900','503x518','5G',8.40,897
898,'Android','Edge','13.2','1.4.0','750x1080','707x790','Cable',98.40,898
899,'MacOS','Edge','8.7','3.3.1','1280x900','561x728','5G',23.80,899
900,'iOS','Edge','15.9','3.0.6','1280x1080','666x794','4G',10.20,900
901,'MacOS','Edge','9.0','5.8.7','750x900','768x519','4G',46.60,901
902,'iOS','Edge','10.5','5.8.9','1280x900','448x532','4G',36.40,902
903,'iOS','Safari','11.9','3.9.7','1920x900','1166x582','Cable',99.40,903
904,'Android','Firefox','9.4','1.2.2','750x1334','1010x698','Cable',71.40,904
905,'Android','Edge','9.9','2.2.3','750x900','587x601','4G',55.00,905
906,'iOS','Firefox','9.9','4.5.6','1440x1080','1189x575','WiFi',58.90,906
907,'Android','Edge','15.0','3.8.2','750x1334','455x739','5G',1.40,907
908,'iOS','Firefox','15.9','1.0.7','1920x1334','846x654','Cable',81.30,908
909,'Android','Firefox','13.0','5.5.4','1920x1080','459x732','Cable',12.60,909
910,'Windows','Firefox','11.9','3.7.1','1920x1334','446x660','Cable',63.40,910
911,'Windows','Edge','10.0','5.4.8','1920x900','508x775','Cable',92.80,911
912,'MacOS','Edge','13.0','2.3.8','750x1080','450x526','WiFi',11.00,912
913,'MacOS','Firefox','12.9','5.5.5','1440x900','502x693','Cable',69.70,913
914,'Windows','Edge','12.2','5.6.3','1280x1334','610x792','4G',52.50,914
915,'Android','Edge','10.7','4.7.9','1920x1334','631x621','Cable',4.80,915
916,'Android','Edge','9.5','2.0.0','1280x1080','477x616','4G',86.80,916
917,'Windows','Firefox','11.5','1.3.1','750x900','381x503','5G',83.00,917
918,'Windows','Edge','10.9','4.6.8','1920x900','841x778','Cable',36.70,918
919,'Android','Edge','11.4','5.6.5','1440x720','464x670','4G',11.60,919
920,'iOS','Chrome','14.1','1.3.1','1280x900','842x520','WiFi',58.20,920
921,'Windows','Firefox','14.9','4.4.1','1920x1080','1011x710','5G',83.10,921
922,'Windows','Safari','8.4','2.9.7','1440x900','747x723','WiFi',7.50,922
923,'Windows','Safari','8.2','4.8.0','1280x1080','629x773','5G',57.60,923
924,'Windows','Edge','12.4','2.1.3','1280x900','512x705','Cable',7.50,924
925,'Windows','Edge','9.6','1.8.6','750x1080','979x640','WiFi',13.80,925
926,'Windows','Edge','11.3','2.1.1','750x1080','1072x769','4G',74.50,926
927,'Android','Safari','15.8','2.9.7','1440x900','363x712','5G',69.70,927
928,'Windows','Edge','11.4','2.6.7','1280x1080','924x800','4G',22.10,928
929,'MacOS','Edge','15.9','4.6.7','1280x900','648x783','Cable',52.70,929
930,'Android','Edge','15.5','5.1.8','1920x1080','329x504','5G',3.30,930
931,'Windows','Edge','11.2','2.3.3','1440x1334','503x710','5G',77.80,931
932,'Android','Safari','12.2','3.6.5','750x1080','637x688','5G',26.30,932
933,'Windows','Firefox','11.7','1.6.7','1280x720','979x519','4G',9.20,933
934,'iOS','Edge','11.6','1.9.2','750x720','645x501','5G',51.80,934
935,'Windows','Firefox','10.7','5.4.0','1440x1334','579x768','4G',40.80,935
936,'Android','Safari','9.7','5.4.2','1440x720','469x772','4G',76.80,936
937,'iOS','Safari','11.0','5.9.5','1920x1080','655x743','Cable',33.90,937
938,'Windows','Edge','14.1','2.6.9','750x1080','435x651','Cable',33.90,938
939,'Android','Edge','15.9','1.8.8','1920x720','1153x662','Cable',34.20,939
940,'MacOS','Firefox','10.7','5.0.8','1280x1080','1070x719','Cable',62.70,940
941,'iOS','Edge','14.7','2.7.7','1920x1334','1049x597','WiFi',90.50,942
942,'Windows','Firefox','12.0','3.5.5','1440x1334','953x783','5G',93.40,943
943,'Windows','Edge','9.0','1.1.4','1920x1334','670x614','5G',16.50,944
944,'Android','Firefox','12.9','5.8.7','750x720','427x647','5G',27.00,946
945,'MacOS','Chrome','14.4','1.1.3','1440x1334','375x700','4G',51.00,947
946,'Android','Chrome','9.5','5.8.5','1280x720','833x714','4G',37.90,948
947,'iOS','Firefox','14.3','2.0.7','1920x900','590x612','WiFi',35.10,949
948,'Windows','Edge','13.4','1.8.3','1440x1080','392x632','4G',53.70,950
949,'Android','Edge','15.8','1.0.9','1920x900','1077x702','4G',26.90,951
950,'Windows','Chrome','13.2','1.3.6','750x720','633x650','4G',44.40,952
951,'iOS','Firefox','12.7','5.1.5','1440x900','662x677','Cable',72.50,953
952,'Android','Firefox','15.2','2.3.0','1440x900','508x724','5G',31.00,954
953,'Windows','Firefox','14.9','3.4.2','1440x1334','507x646','WiFi',39.90,955
954,'Windows','Chrome','9.3','4.9.6','750x900','1025x553','Cable',98.80,956
955,'Android','Edge','13.0','1.6.1','750x1080','310x633','5G',20.60,957
956,'MacOS','Chrome','13.3','2.3.3','1440x1080','472x706','WiFi',73.20,958
957,'Android','Chrome','8.2','1.9.5','1920x1080','656x670','4G',74.30,959
958,'iOS','Firefox','15.7','1.4.3','750x1334','685x545','5G',20.60,960
959,'Android','Safari','12.3','3.4.1','750x720','931x506','Cable',17.50,494
960,'MacOS','Chrome','8.4','4.7.0','1280x1334','905x719','Cable',78.80,961
961,'Android','Safari','13.8','4.2.6','1440x1080','584x669','4G',38.40,962
962,'MacOS','Edge','14.6','5.8.2','1920x1334','1091x712','WiFi',17.50,963
963,'Android','Firefox','14.4','5.7.3','750x1080','902x569','Cable',92.40,965
964,'Windows','Chrome','8.9','5.4.9','1440x1080','505x660','4G',40.30,966
965,'Windows','Safari','15.9','3.7.0','1440x900','809x557','4G',8.90,967
966,'iOS','Edge','8.6','5.7.4','750x900','1094x675','4G',27.50,968
967,'iOS','Safari','13.5','4.6.9','1280x1080','718x589','WiFi',14.20,969
968,'Windows','Chrome','15.1','4.2.1','1440x1080','1128x577','4G',68.60,970
969,'Android','Safari','9.1','3.5.8','750x1080','719x797','Cable',94.50,971
970,'iOS','Edge','8.1','5.9.5','1920x1334','756x695','Cable',89.70,972
971,'iOS','Chrome','14.9','3.2.6','750x1080','844x758','WiFi',83.90,973
972,'Android','Firefox','14.6','1.6.4','1280x900','468x664','Cable',67.50,974
973,'Windows','Firefox','9.4','5.1.7','1920x1080','431x530','5G',48.10,865
974,'Android','Edge','14.9','2.6.9','1920x1080','300x782','Cable',43.20,975
975,'Windows','Safari','12.3','4.4.6','1920x720','586x649','4G',94.70,976
976,'Windows','Safari','13.0','1.6.5','1920x1080','548x517','WiFi',87.00,977
977,'Windows','Firefox','12.0','3.5.9','1920x1334','431x703','WiFi',41.00,978
978,'iOS','Firefox','15.0','4.4.5','750x1334','509x772','WiFi',27.90,979
979,'Windows','Firefox','14.3','1.1.4','1280x900','902x649','5G',72.50,980
980,'Android','Chrome','15.9','3.3.8','1920x1080','788x513','4G',14.10,981
981,'MacOS','Safari','13.6','1.8.4','1280x1334','907x560','4G',38.80,982
982,'MacOS','Edge','11.0','5.4.9','750x1334','950x609','Cable',5.00,983
983,'Windows','Chrome','15.1','1.8.2','1920x1080','1153x685','Cable',20.80,984
984,'MacOS','Safari','12.3','1.8.8','1440x1080','1172x783','Cable',40.30,985
985,'MacOS','Safari','8.4','3.0.3','1920x1080','341x620','5G',63.00,986
986,'iOS','Edge','8.1','1.8.1','1280x900','902x584','5G',33.50,987
987,'Windows','Safari','14.6','3.5.4','1280x1080','1167x549','4G',94.40,988
988,'Android','Edge','13.0','3.9.9','1920x720','779x714','5G',40.00,989
989,'Android','Safari','15.2','2.1.7','1440x1334','883x570','Cable',14.10,990
990,'Windows','Firefox','14.3','1.7.9','750x720','943x575','5G',12.40,991
991,'iOS','Edge','11.6','4.4.1','1280x720','752x547','Cable',31.60,992
992,'Android','Firefox','9.0','4.9.3','1440x1080','771x793','5G',39.60,993
993,'iOS','Edge','10.1','3.6.2','1920x1080','1040x744','5G',77.20,994
