'PE593707','Shelter','Model-925','Lee, Meyers and Hamilton',4,53.00,97.800,72.80,47.1,75.900,36.7
'PE292528','Scientific','Model-454','Wiggins Inc',6,60.00,97.700,48.80,72.2,35.900,74.7
'PE617633','Safety','Model-456','Graves-Cox',10,81.00,97.000,93.00,36.8,34.600,87.3
'PE991302','Vehicle','Model-307','Bean LLC',16,46.00,38.800,46.70,38.0,63.200,42.6
'PE669257','Generator','Model-315','Hayes, Ford and Miller',11,0.00,61.700,67.20,17.9,22.700,75.3
'PE615899','Generator','Model-569','Smith-Lucas',9,94.00,97.100,9.60,2.7,39.600,16.0
'PE218333','Vehicle','Model-557','Carter-Ramirez',8,41.00,62.200,80.90,58.1,31.100,44.2
'PE679897','Vehicle','Model-817','Martinez, Pierce and Patel',16,46.00,78.000,23.90,24.3,62.500,36.8
'PE752240','Generator','Model-146','Harris, Bradley and Brown',12,65.00,52.700,54.40,71.4,96.300,2.8
'PE665932','Scientific','Model-529','Cox PLC',20,96.00,55.500,80.70,20.7,95.600,47.9
'PE408827','Shelter','Model-650','Beasley-Gamble',9,78.00,42.500,6.70,24.7,30.400,42.0
'PE857355','Safety','Model-326','Stephenson-Walker',7,50.00,61.000,49.30,11.5,46.900,85.7
'PE527247','Scientific','Model-869','Adkins and Sons',7,91.00,41.000,44.50,16.8,31.300,41.8
'PE998584','Safety','Model-806','Dixon-Torres',17,36.00,32.700,17.90,9.7,63.100,30.6
'PE456705','Communication','Model-140','Duffy Ltd',19,10.00,33.200,22.20,64.5,17.700,73.0
'PE554570','Communication','Model-774','Lopez-Melton',15,14.00,36.900,49.10,71.9,94.700,66.3
'PE230983','Safety','Model-587','Moses Inc',3,63.00,27.200,15.10,9.3,18.300,45.8
'PE249546','Scientific','Model-955','Blake-Thomas',17,38.00,26.900,18.70,68.6,6.500,30.4
'PE700884','Shelter','Model-778','Jensen, Luna and Stout',9,75.00,53.700,43.20,72.7,18.900,44.9
'PE504969','Safety','Model-724','Gardner-Edwards',16,61.00,65.100,62.20,82.7,67.200,56.6
'PE150141','Communication','Model-640','Mitchell Inc',3,70.00,87.400,26.00,15.7,90.600,10.4
'PE288291','Communication','Model-883','Santiago, Powell and Mclean',19,66.00,55.100,31.20,6.7,75.300,6.2
'PE984340','Safety','Model-696','Brown, Johnson and Stone',15,37.00,75.900,49.00,5.6,99.200,8.3
'PE625555','Communication','Model-783','Mitchell Ltd',15,11.00,81.600,43.40,49.1,52.500,48.5
'PE979703','Safety','Model-766','Edwards-Patterson',1,16.00,29.500,49.80,95.5,18.900,41.8
'PE604010','Generator','Model-597','White, Bryant and Terry',7,61.00,39.400,30.80,60.9,13.200,8.7
'PE393061','Vehicle','Model-859','Conway-Neal',11,78.00,98.500,59.40,88.0,51.400,0.3
'PE108108','Vehicle','Model-413','Little, Guzman and Sanchez',19,82.00,16.300,62.70,22.7,5.400,80.7
'PE550417','Communication','Model-134','Rodriguez, Morrow and Schroeder',12,71.00,90.400,62.10,14.3,88.300,95.1
'PE660224','Generator','Model-589','Gallagher, Compton and Smith',17,100.00,17.000,67.30,5.8,93.200,13.0
'PE171947','Vehicle','Model-730','Cannon-Hester',17,4.00,92.900,12.60,99.3,20.000,58.4
'PE797950','Generator','Model-583','Allison Ltd',17,46.00,68.600,48.80,41.4,69.400,20.3
'PE526709','Vehicle','Model-398','Miller Inc',14,85.00,43.000,62.80,40.6,22.800,75.8
'PE819448','Shelter','Model-501','House, Cox and Carpenter',12,80.00,99.300,86.20,18.7,0.400,65.4
'PE496485','Shelter','Model-851','Stone, Pace and Baldwin',8,89.00,6.100,85.10,93.4,56.300,75.9
'PE808742','Shelter','Model-412','Pearson PLC',6,27.00,66.000,20.90,14.8,0.100,84.5
'PE353523','Generator','Model-126','Miller-Cruz',10,39.00,58.400,93.60,55.8,53.300,19.5
'PE486690','Vehicle','Model-349','Wise, Garner and Lopez',3,48.00,31.800,68.90,7.8,11.800,74.4
'PE245161','Generator','Model-770','Torres, Holt and Hill',19,70.00,54.600,77.90,43.0,82.400,35.3
'PE143333','Scientific','Model-730','Perkins-Young',14,23.00,20.000,71.30,41.1,1.400,26.6
'PE803946','Scientific','Model-417','Gibbs-Blankenship',17,74.00,73.600,97.20,5.4,81.900,57.6
'PE149501','Scientific','Model-299','Williams and Sons',9,97.00,20.200,21.20,31.7,74.100,63.5
'PE641342','Generator','Model-302','Warren-Sanchez',2,82.00,17.900,88.00,35.5,98.900,82.5
'PE702097','Generator','Model-983','Hubbard-Ramos',4,97.00,47.300,85.50,20.2,9.600,85.8
'PE158907','Vehicle','Model-411','Meyer, Stevenson and Nguyen',12,75.00,23.300,22.00,79.8,64.800,1.4
'PE388337','Safety','Model-229','Hines Ltd',11,92.00,82.900,23.10,56.9,32.200,96.6
'PE849807','Communication','Model-258','Barker and Sons',8,21.00,32.600,71.40,86.8,42.300,39.6
'PE185934','Shelter','Model-605','Harrison, Campbell and Clark',13,88.00,62.400,26.00,19.9,27.400,39.4
'PE644868','Communication','Model-157','Johnson, Murphy and Ferguson',4,74.00,51.800,67.30,72.0,59.700,20.2
'PE566902','Generator','Model-227','Davis, Howard and Lee',13,70.00,55.300,35.10,51.0,86.400,98.9
'PE593084','Vehicle','Model-745','Hatfield, Carrillo and Martin',12,93.00,79.400,80.10,76.7,30.000,25.3
'PE753858','Safety','Model-178','Johnson-Reese',3,68.00,46.800,34.00,9.4,33.600,18.0
'PE467205','Shelter','Model-102','Mendoza LLC',19,18.00,99.400,10.60,97.3,53.000,72.7
'PE615712','Shelter','Model-926','Smith, Callahan and Hess',7,94.00,8.200,75.70,96.9,44.500,8.7
'PE129437','Generator','Model-803','Parks PLC',6,95.00,82.900,64.40,15.3,41.300,78.6
'PE172120','Scientific','Model-439','Nelson-Turner',8,25.00,76.900,94.50,56.2,63.400,16.9
'PE954298','Safety','Model-782','Calhoun-Black',2,97.00,44.300,85.30,12.7,35.400,86.8
'PE142512','Safety','Model-492','Barnes-Curtis',17,93.00,12.000,8.00,58.6,91.400,4.3
'PE514481','Vehicle','Model-997','Hayes-Perez',20,10.00,38.100,71.10,12.7,47.000,2.3
'PE432586','Communication','Model-631','Brooks Inc',14,55.00,13.900,67.00,24.8,13.000,41.7
'PE562948','Communication','Model-985','Williams PLC',18,8.00,29.700,98.10,57.8,69.600,33.4
'PE537344','Scientific','Model-955','Duran, Holt and Alvarado',6,93.00,51.000,3.60,10.4,74.000,83.7
'PE586784','Shelter','Model-209','Hall, Paul and Austin',3,13.00,17.000,78.50,58.2,16.400,65.8
'PE164420','Vehicle','Model-523','Gray, Baxter and Vargas',19,78.00,64.700,36.30,31.7,22.900,10.9
'PE624350','Communication','Model-830','Thomas Ltd',10,37.00,7.500,44.10,90.5,73.800,2.4
'PE609009','Vehicle','Model-532','Thornton, Montgomery and Nguyen',1,39.00,1.700,51.30,84.1,94.000,14.9
'PE462707','Vehicle','Model-218','Horton, Ortiz and Bailey',10,100.00,11.500,71.20,62.1,23.900,0.2
'PE599287','Generator','Model-348','White-Williams',17,94.00,56.000,0.00,17.8,11.100,13.4
'PE393792','Generator','Model-459','Wall Inc',19,51.00,3.800,75.70,45.3,69.700,3.3
'PE662221','Generator','Model-401','Wilkins-Aguirre',1,61.00,65.200,26.30,54.3,44.300,93.7
'PE174904','Generator','Model-175','Young, Edwards and Moody',11,95.00,46.800,10.30,27.6,16.400,93.2
'PE554227','Safety','Model-472','Howard-Lucero',5,48.00,56.800,73.00,32.9,59.500,42.1
'PE877296','Shelter','Model-219','Garcia PLC',12,29.00,57.700,35.70,47.3,71.000,26.2
'PE443494','Vehicle','Model-216','Kennedy-Ramos',6,34.00,48.700,0.10,92.5,97.400,15.6
'PE310864','Generator','Model-131','Cherry, Hayes and Elliott',9,39.00,22.000,12.70,18.1,86.900,67.7
'PE878239','Vehicle','Model-289','Mcguire Inc',6,70.00,17.000,61.20,15.8,76.000,12.9
'PE617931','Shelter','Model-775','Thompson Inc',10,9.00,51.900,47.00,69.2,33.900,33.8
'PE461637','Generator','Model-402','Bass Ltd',10,57.00,1.200,53.10,66.6,63.200,14.9
'PE997474','Communication','Model-290','Bennett PLC',12,58.00,89.500,78.70,22.8,70.000,28.2
'PE988963','Scientific','Model-428','Gaines, Williams and Stone',2,95.00,66.500,1.50,62.9,55.800,81.2
'PE843752','Vehicle','Model-964','Castaneda LLC',4,80.00,27.600,59.90,68.1,0.100,8.4
'PE473030','Generator','Model-638','Lewis-Martin',19,0.00,30.500,82.00,12.4,10.100,19.0
'PE274214','Shelter','Model-768','Oneill-Blackburn',13,47.00,30.600,1.00,2.5,9.700,39.9
'PE837944','Vehicle','Model-983','Phillips-Villegas',16,61.00,78.500,93.10,73.2,98.800,2.6
'PE883979','Vehicle','Model-839','Torres, Knox and Chen',6,3.00,2.200,32.50,58.1,54.200,41.8
'PE634931','Safety','Model-941','Johnson-Weeks',4,96.00,68.100,61.30,83.6,61.400,48.7
'PE872868','Safety','Model-317','Davis, Davis and Marquez',15,4.00,7.000,8.90,57.3,46.000,48.4
'PE905940','Vehicle','Model-434','Miller, York and Garza',19,11.00,66.900,99.20,76.4,25.600,80.7
'PE115491','Scientific','Model-890','Estrada, Mckenzie and Webb',9,24.00,5.000,97.40,64.1,5.100,80.5
'PE833907','Safety','Model-617','Clayton, Bell and Palmer',3,69.00,31.300,8.50,90.7,16.300,45.4
'PE566588','Communication','Model-372','Williams-Bond',2,22.00,92.700,0.20,99.4,62.500,96.8
'PE493487','Communication','Model-677','Hoffman, Garza and Mosley',8,52.00,56.500,1.70,0.3,63.100,82.5
'PE777994','Shelter','Model-975','Solis Group',19,96.00,72.800,54.00,93.6,58.700,89.2
'PE734868','Scientific','Model-470','Fry-Jackson',4,59.00,11.500,16.20,12.6,73.400,96.3
'PE870977','Shelter','Model-250','Williams-Brown',11,14.00,44.300,39.10,29.9,75.300,75.5
'PE790642','Shelter','Model-925','Thompson LLC',7,84.00,37.200,53.70,28.5,62.100,73.6
'PE554582','Shelter','Model-235','Scott, Fisher and Velasquez',9,41.00,51.600,20.50,27.5,20.800,58.3
'PE792633','Communication','Model-513','Flores Ltd',7,2.00,90.700,35.20,64.2,48.400,22.9
'PE768979','Communication','Model-287','Bird, Brewer and Perkins',15,4.00,99.200,57.50,92.2,96.900,31.6
'PE625715','Scientific','Model-961','Gardner, Monroe and Klein',17,18.00,56.300,82.30,57.4,39.900,76.2
'PE855839','Communication','Model-225','Rodriguez Ltd',15,10.00,37.300,81.40,11.1,47.100,26.0
'PE866538','Communication','Model-247','Howard-Howard',6,92.00,33.200,71.50,45.0,27.700,22.0
'PE123529','Shelter','Model-824','Armstrong LLC',6,48.00,93.400,16.40,98.3,92.500,61.8
'PE286456','Vehicle','Model-940','Mccarty Inc',5,44.00,3.500,44.40,91.3,84.800,38.7
'PE763244','Communication','Model-484','Mathews PLC',8,82.00,16.500,9.40,12.0,82.800,22.1
'PE363668','Generator','Model-433','Howard, Matthews and Diaz',14,85.00,84.000,59.10,19.4,62.800,83.4
'PE297097','Generator','Model-803','Davidson Group',19,79.00,43.400,10.60,47.4,73.500,89.0
'PE948869','Safety','Model-191','Gaines, Poole and Little',17,87.00,12.500,67.70,26.9,89.100,14.8
'PE218124','Scientific','Model-897','Patel, Mcclain and Brown',15,72.00,24.500,57.60,49.8,58.400,99.1
'PE585058','Generator','Model-839','Porter, Rowe and Hayden',11,28.00,21.100,2.90,66.2,69.000,85.3
'PE589186','Scientific','Model-863','Martin Ltd',7,49.00,25.100,84.70,17.0,93.000,88.4
'PE138566','Shelter','Model-111','Hill and Sons',15,65.00,57.100,44.70,80.3,13.000,44.0
'PE196998','Safety','Model-106','Valdez-Jones',7,35.00,62.100,4.10,3.3,94.500,65.1
'PE905857','Shelter','Model-620','Rojas, Hall and Fritz',15,88.00,19.600,43.00,88.7,74.500,26.4
'PE162064','Safety','Model-289','Brown-Perez',11,65.00,17.100,44.00,19.7,55.900,66.3
'PE259067','Scientific','Model-529','Johnson, Payne and Lindsey',9,33.00,74.900,54.60,64.2,28.900,31.7
'PE110708','Safety','Model-615','Evans, Lopez and Jackson',5,60.00,80.800,63.70,0.3,93.000,71.5
'PE117433','Vehicle','Model-562','Johnson-Walker',2,76.00,55.000,68.60,25.9,43.600,83.5
'PE807491','Generator','Model-183','Hayes Group',20,87.00,73.500,43.80,91.3,96.000,37.1
'PE217333','Communication','Model-792','Gutierrez Group',7,44.00,93.800,47.90,52.2,42.500,72.6
'PE794054','Shelter','Model-397','Brown-Green',3,88.00,78.400,72.40,6.9,70.500,39.0
'PE864612','Safety','Model-925','Jones LLC',12,47.00,69.100,67.30,59.0,87.500,48.0
'PE731344','Generator','Model-234','Keller, Craig and Hunter',20,69.00,22.300,3.50,87.3,89.600,25.7
'PE411697','Safety','Model-938','Mason-Ramos',4,95.00,24.100,50.10,66.6,66.700,41.7
'PE233857','Safety','Model-129','Edwards LLC',5,1.00,3.100,55.40,51.8,16.600,0.4
'PE208025','Shelter','Model-106','French Ltd',19,64.00,20.100,12.40,28.7,69.500,22.7
'PE276585','Vehicle','Model-751','Lynn-Mitchell',19,69.00,30.800,3.80,97.6,51.500,52.0
'PE843937','Generator','Model-682','Long-Payne',11,12.00,62.500,94.40,41.8,52.600,27.9
'PE769176','Generator','Model-836','Campbell PLC',8,64.00,27.100,88.00,63.4,39.300,7.6
'PE573946','Generator','Model-380','Williams, Bond and Young',15,47.00,62.200,96.40,43.7,33.300,69.7
'PE165574','Shelter','Model-318','Wang Group',11,66.00,80.500,98.60,37.4,86.100,18.2
'PE245196','Vehicle','Model-894','Graves, Barry and Chavez',14,75.00,63.100,85.10,29.8,60.300,2.3
'PE779154','Shelter','Model-611','Jackson LLC',8,60.00,88.400,65.00,56.3,49.600,37.4
'PE765764','Communication','Model-477','Gomez-Young',11,65.00,37.000,57.80,79.5,90.200,65.0
'PE842682','Scientific','Model-375','Kim, Glover and Leach',15,29.00,93.300,69.60,52.8,52.300,20.8
'PE856564','Safety','Model-180','Flowers-White',19,17.00,47.200,8.30,24.1,16.400,74.8
'PE285138','Shelter','Model-255','Howell, Johnson and Chavez',2,6.00,11.000,1.60,81.1,12.400,47.7
'PE770977','Shelter','Model-212','Jackson-James',3,5.00,65.300,7.60,94.1,56.600,9.7
'PE344890','Vehicle','Model-162','Marshall-Chung',10,83.00,20.100,15.60,13.4,37.200,3.3
'PE952510','Communication','Model-443','Thomas-Cohen',15,44.00,54.500,36.10,89.7,26.200,1.5
'PE219601','Communication','Model-447','Davis, Dickerson and Johnson',1,52.00,39.200,33.70,11.7,42.700,24.5
'PE607918','Vehicle','Model-577','Shannon Inc',16,99.00,51.500,73.40,84.3,64.500,15.7
'PE948006','Vehicle','Model-653','Torres, Rivas and Love',20,91.00,85.300,48.60,96.4,93.400,62.8
'PE611748','Communication','Model-487','Gross and Sons',19,33.00,11.000,48.30,94.6,52.600,20.2
'PE657112','Scientific','Model-137','Farrell PLC',18,73.00,85.800,30.70,52.1,74.100,48.4
'PE720334','Generator','Model-577','Bell, Sheppard and Lopez',15,81.00,94.500,20.30,62.0,24.900,40.9
'PE300032','Generator','Model-577','Solis-Hoover',3,73.00,55.400,55.40,84.5,64.800,45.1
'PE305100','Communication','Model-736','Martinez and Sons',10,47.00,77.900,54.70,50.8,97.800,53.2
'PE104946','Safety','Model-911','James-Campos',13,59.00,10.500,15.70,86.9,52.900,14.8
'PE936999','Shelter','Model-952','Shepard-Klein',20,39.00,70.500,36.20,77.6,26.100,2.7
'PE822929','Safety','Model-160','Anderson and Sons',10,15.00,56.700,34.20,14.2,88.700,22.2
'PE656762','Communication','Model-945','Peterson LLC',6,41.00,54.100,9.40,66.6,81.800,24.8
'PE131515','Generator','Model-696','Martinez-Solis',13,87.00,64.900,34.90,14.6,68.000,98.8
'PE311714','Vehicle','Model-468','Warner Ltd',3,85.00,53.700,69.10,48.0,72.900,15.1
'PE140524','Safety','Model-246','Wells-Brown',5,37.00,13.600,14.10,53.0,23.500,13.7
'PE141403','Safety','Model-641','Fox-Dorsey',16,48.00,98.300,44.70,33.8,92.600,88.7
'PE454346','Vehicle','Model-824','Weber-Buckley',18,10.00,82.500,8.50,76.0,90.900,44.3
'PE787711','Shelter','Model-422','Miller, Pittman and Buchanan',13,28.00,9.100,71.90,50.1,42.400,42.1
'PE711780','Vehicle','Model-910','Morales, Elliott and Cook',3,98.00,43.500,18.90,3.1,3.000,25.3
'PE729999','Generator','Model-512','Ford, Leach and Vargas',14,41.00,90.800,83.20,83.1,72.700,62.0
'PE202620','Communication','Model-305','Williams-Howell',18,98.00,84.800,19.80,37.6,19.200,58.5
'PE432285','Scientific','Model-291','Shelton Group',12,19.00,1.700,11.90,80.9,73.500,65.0
'PE545295','Safety','Model-311','Foster Ltd',19,31.00,43.800,18.00,21.5,64.500,47.9
'PE942060','Shelter','Model-554','Gonzalez Ltd',3,73.00,23.500,25.50,69.4,12.600,84.5
'PE563019','Vehicle','Model-918','Anderson PLC',4,67.00,94.100,96.50,98.5,67.100,17.7
'PE765492','Scientific','Model-546','Frost, Bond and Owens',9,0.00,16.800,71.60,50.0,75.000,71.8
'PE544361','Scientific','Model-337','Castro, Mills and Summers',9,37.00,86.700,21.70,89.4,55.900,53.3
'PE570507','Vehicle','Model-115','Jordan-Schwartz',7,40.00,32.100,47.80,79.9,76.400,65.5
'PE287406','Generator','Model-581','Day, Hall and Roberts',1,54.00,68.800,97.60,80.1,50.600,93.6
'PE656325','Safety','Model-834','Gillespie-Neal',2,43.00,79.800,61.20,38.4,13.400,33.1
'PE247042','Vehicle','Model-995','Hernandez Ltd',13,27.00,2.000,56.10,60.6,77.900,20.6
'PE458264','Shelter','Model-958','Evans-Hudson',8,43.00,88.000,5.40,10.7,79.200,2.7
'PE895408','Shelter','Model-175','Villa-Scott',1,70.00,64.800,38.10,68.0,83.400,50.0
'PE244374','Shelter','Model-477','Mathews LLC',5,81.00,57.900,79.10,76.9,19.600,42.5
'PE995994','Generator','Model-379','Adams, Harris and Kirk',13,36.00,4.300,51.40,13.3,99.700,59.2
'PE553635','Shelter','Model-744','Farley-Burke',3,80.00,19.900,96.90,75.5,58.300,52.6
'PE123694','Vehicle','Model-511','Parker-Lawrence',12,70.00,55.900,75.30,56.3,6.000,54.8
'PE118820','Safety','Model-560','Lopez, Cook and Martin',10,98.00,94.900,89.80,34.5,8.500,43.1
'PE336409','Communication','Model-676','Lam-Rose',2,48.00,11.800,17.00,42.0,64.600,23.6
'PE905783','Scientific','Model-261','Wagner, Newton and Mora',13,53.00,24.100,34.30,7.1,78.900,32.6
'PE184344','Communication','Model-136','Mason, Harrison and Smith',14,0.00,21.800,32.70,61.1,61.900,73.9
'PE689999','Shelter','Model-404','Blevins Group',8,9.00,3.600,79.80,14.8,5.200,74.7
'PE341856','Safety','Model-417','Moore, Brown and Wilson',13,14.00,66.000,39.60,34.6,80.200,28.1
'PE151644','Generator','Model-355','Bailey and Sons',10,83.00,4.800,13.70,48.0,77.500,18.7
'PE301903','Scientific','Model-361','Anderson-Johnson',2,68.00,56.000,80.90,51.4,21.500,44.4
'PE710687','Communication','Model-628','Bailey, Mckee and Hernandez',9,7.00,56.800,45.60,42.8,57.600,62.1
'PE183449','Generator','Model-624','Mendez, Barnes and Collins',11,77.00,20.400,77.30,8.0,39.000,74.3
'PE809203','Generator','Model-208','Clements-Wilkins',15,14.00,33.500,26.30,80.2,41.900,54.0
'PE889153','Communication','Model-614','Bell and Sons',14,27.00,18.200,96.40,51.7,38.000,74.0
'PE274780','Communication','Model-848','Williams, Anderson and Lewis',2,50.00,37.700,70.00,46.6,20.900,58.2
'PE590131','Shelter','Model-494','Patel-Barrett',10,31.00,95.100,53.40,42.5,59.400,68.1
'PE822175','Shelter','Model-222','Hodge-Green',2,45.00,97.100,60.50,61.2,43.200,20.5
'PE616559','Shelter','Model-626','Haas-Garcia',10,59.00,8.300,33.90,27.5,67.000,39.9
'PE543322','Shelter','Model-508','Pittman, Williams and Rodriguez',9,96.00,6.000,75.40,15.6,36.100,71.8
'PE123866','Vehicle','Model-615','Graves-Braun',11,21.00,59.100,70.00,70.7,8.300,60.9
'PE532995','Scientific','Model-580','Caldwell Group',14,19.00,52.900,84.60,94.9,66.400,24.6
'PE288196','Shelter','Model-842','Jones PLC',12,95.00,80.000,69.60,79.6,86.100,53.4
'PE748980','Scientific','Model-871','Harper, Braun and Woods',15,36.00,85.000,44.70,38.2,31.100,68.5
'PE172516','Scientific','Model-379','Martin Ltd',16,23.00,76.500,87.70,67.4,85.000,84.9
'PE808819','Shelter','Model-998','Acosta-Hubbard',19,88.00,9.700,9.60,72.6,31.100,8.0
'PE277278','Generator','Model-578','Davis, Flores and Meyer',8,99.00,32.100,12.90,50.9,43.400,8.4
'PE379752','Generator','Model-722','Smith-Wilson',11,67.00,61.100,23.70,61.8,23.400,34.1
'PE987081','Safety','Model-489','Decker PLC',13,89.00,79.000,9.60,23.7,69.800,41.0
'PE677047','Vehicle','Model-214','Singleton and Sons',3,10.00,29.600,53.90,7.8,7.000,96.5
'PE278929','Communication','Model-991','Heath Group',7,39.00,17.700,68.40,81.4,45.600,35.0
'PE661377','Scientific','Model-595','Lopez, Bailey and Weaver',9,2.00,25.600,92.20,20.4,32.000,32.0
'PE205989','Safety','Model-919','Johnston Group',3,12.00,47.600,13.10,62.8,44.400,53.8
'PE436908','Communication','Model-147','Johnson Ltd',11,24.00,58.100,3.40,68.5,82.700,40.3
'PE543123','Vehicle','Model-331','King, Howard and Gonzalez',12,7.00,8.400,26.40,42.3,29.300,74.4
'PE107154','Generator','Model-867','Nelson, Baker and Griffin',8,64.00,11.300,97.70,94.0,5.300,37.5
'PE838843','Safety','Model-732','Oconnor Ltd',11,37.00,93.900,24.70,59.0,12.400,82.2
'PE968606','Safety','Model-727','Day-Cruz',17,24.00,24.700,18.60,87.0,47.800,28.7
'PE536894','Communication','Model-674','Murphy, Chavez and Moore',9,10.00,33.400,80.40,30.6,75.800,84.6
'PE715312','Shelter','Model-531','Moreno-Gregory',11,73.00,89.700,65.90,19.1,23.700,72.4
'PE193718','Scientific','Model-563','Jones, Garcia and Thompson',19,54.00,33.000,5.00,49.7,8.100,99.5
'PE806818','Communication','Model-674','Hunt-Garcia',17,83.00,33.200,24.50,75.9,16.200,82.2
'PE983687','Scientific','Model-211','Beck, Gray and Meyer',18,41.00,8.200,66.20,26.8,38.700,65.5
'PE382925','Safety','Model-579','Burns-Stone',19,17.00,23.200,56.30,36.0,20.900,56.0
'PE874367','Generator','Model-958','Williams-Keller',17,76.00,47.500,42.60,32.2,43.600,59.5
'PE372234','Communication','Model-471','Cruz, Harris and Black',15,38.00,88.400,75.70,32.9,44.800,10.4
'PE839653','Shelter','Model-552','Holden-Cruz',16,81.00,55.600,34.60,26.2,19.300,7.3
'PE424665','Vehicle','Model-484','Jones-Shaw',17,39.00,98.200,6.70,42.6,47.700,57.0
'PE188924','Vehicle','Model-760','Bruce PLC',5,71.00,91.700,61.10,90.9,89.600,40.4
'PE433528','Scientific','Model-568','Sanders-Townsend',5,97.00,43.100,89.80,67.8,92.000,30.4
'PE469294','Shelter','Model-481','Galvan, George and Garcia',5,85.00,58.200,96.10,5.4,76.400,24.8
'PE824397','Safety','Model-286','Castillo and Sons',5,2.00,73.600,57.40,7.7,87.000,25.0
'PE185216','Shelter','Model-430','Bowen-Hobbs',19,73.00,53.500,81.50,20.4,81.900,62.6
'PE117065','Shelter','Model-808','Johnson, Bautista and Shields',6,92.00,21.200,54.20,41.0,32.600,98.4
'PE348354','Scientific','Model-742','Johnson-House',7,42.00,75.400,0.10,22.5,19.500,29.2
'PE675638','Safety','Model-415','Chapman Group',17,75.00,91.900,71.40,59.6,28.500,16.9
'PE771682','Shelter','Model-736','Robertson-Padilla',6,14.00,4.100,26.20,34.9,71.000,65.7
'PE190177','Communication','Model-109','Howell Group',7,97.00,0.200,99.10,2.8,75.600,88.2
'PE646199','Shelter','Model-695','Reynolds-Rogers',4,18.00,19.400,33.10,50.9,86.900,94.6
'PE133136','Shelter','Model-787','Wilson, Johnson and Carter',19,20.00,23.700,41.50,32.1,93.600,12.1
'PE124678','Safety','Model-398','Ramos LLC',15,63.00,62.100,74.50,76.4,76.000,19.6
'PE775770','Shelter','Model-305','Davidson, Walls and Page',16,51.00,25.800,75.10,36.4,34.200,59.1
'PE294696','Shelter','Model-641','Randolph PLC',12,53.00,13.100,1.50,76.5,65.700,99.0
'PE916142','Scientific','Model-889','Lawrence, Jimenez and Morris',17,81.00,1.900,28.50,51.6,13.400,37.4
'PE959317','Scientific','Model-461','Estrada, Hill and Byrd',3,99.00,11.400,54.60,28.2,63.800,19.6
'PE583677','Vehicle','Model-103','Jackson-Walker',9,98.00,8.200,89.60,73.7,32.200,26.7
'PE514835','Generator','Model-415','Manning-King',4,99.00,50.100,60.10,74.0,24.500,70.0
'PE761523','Shelter','Model-421','Allen Ltd',6,79.00,89.600,87.50,4.7,86.800,16.8
'PE810437','Scientific','Model-884','Taylor Group',6,79.00,96.800,72.50,55.8,60.400,19.5
'PE359740','Vehicle','Model-717','Davila, Price and Jones',16,22.00,71.400,62.40,1.3,74.800,51.2
'PE251150','Communication','Model-875','Davis and Sons',1,93.00,54.800,16.90,91.9,58.000,7.7
'PE358684','Generator','Model-936','Fernandez Group',19,86.00,72.600,44.10,60.4,14.400,51.0
'PE312921','Communication','Model-775','Cruz-Shaw',17,94.00,94.300,9.60,23.4,77.700,60.4
'PE159619','Generator','Model-585','Hoover, Robinson and Robinson',3,37.00,96.300,37.20,62.6,11.000,78.8
'PE574920','Scientific','Model-747','Bell-Matthews',8,25.00,68.300,1.90,91.2,41.600,71.4
'PE464307','Communication','Model-615','Kramer-Smith',10,74.00,21.500,61.40,16.9,52.700,16.7
'PE549576','Shelter','Model-398','Fry-Harper',13,17.00,80.900,24.90,31.6,47.900,52.4
'PE359751','Shelter','Model-750','Spears Ltd',11,58.00,76.200,16.50,82.9,19.200,25.0
'PE933090','Vehicle','Model-624','Johnson-Bennett',15,35.00,10.800,73.30,54.7,31.600,15.7
'PE158734','Vehicle','Model-519','Sanders LLC',9,7.00,18.600,88.90,93.9,6.400,47.8
'PE628880','Shelter','Model-237','Duran-Myers',20,45.00,91.600,68.60,34.5,39.300,23.2
'PE915299','Shelter','Model-641','Weber, Alvarez and Murray',12,45.00,40.600,77.10,99.0,8.100,93.7
'PE429110','Communication','Model-102','Hicks Group',5,66.00,33.900,94.30,24.3,10.400,0.5
'PE709071','Communication','Model-353','Johnson-Rodriguez',20,9.00,63.400,16.20,70.3,64.300,7.7
'PE700859','Generator','Model-156','Stewart-Scott',7,47.00,59.400,21.50,28.9,97.000,68.0
'PE804585','Safety','Model-509','White Inc',12,9.00,55.300,71.70,16.7,15.100,24.1
'PE707819','Safety','Model-252','Anderson, Hunter and Swanson',8,53.00,46.500,9.30,5.6,13.300,94.9
'PE284354','Shelter','Model-742','Meyer, Edwards and Francis',4,46.00,3.100,38.20,81.0,98.100,28.2
'PE613808','Generator','Model-562','Hill, Kennedy and Jones',18,73.00,60.400,2.60,58.3,9.400,26.5
'PE152434','Communication','Model-983','Williams, Richardson and Pham',7,37.00,97.100,83.50,86.4,73.900,35.1
'PE398075','Vehicle','Model-501','Tyler, Shelton and Phillips',17,4.00,46.200,49.10,95.2,67.000,98.4
'PE374486','Vehicle','Model-792','Hooper PLC',6,27.00,56.800,37.10,99.6,98.300,70.4
'PE127709','Scientific','Model-732','Shannon-Velez',4,64.00,77.600,57.50,11.4,0.200,12.2
'PE394665','Generator','Model-392','Rocha and Sons',15,10.00,70.300,94.40,40.2,49.800,39.4
'PE548693','Scientific','Model-590','Austin Ltd',14,31.00,79.900,11.70,95.5,0.400,57.5
'PE586253','Generator','Model-686','Walker-Hill',18,0.00,7.600,9.60,38.2,80.000,27.3
'PE927775','Communication','Model-276','Blackwell-Smith',15,20.00,17.700,69.90,87.3,78.900,28.4
'PE736761','Scientific','Model-806','Nichols, Donovan and Watts',17,55.00,16.300,27.50,93.1,10.300,42.3
'PE712363','Shelter','Model-222','Coleman, Zamora and Kelly',13,21.00,33.600,78.20,99.9,7.000,76.8
'PE559673','Shelter','Model-689','Brown LLC',7,61.00,29.400,16.70,58.1,47.200,35.1
'PE908109','Shelter','Model-375','Meza, Rice and Stone',16,98.00,84.500,76.80,88.4,7.200,39.9
'PE992136','Generator','Model-151','Meyer, Martinez and Baker',11,81.00,0.600,72.60,3.5,83.700,53.1
'PE606905','Scientific','Model-976','Anderson Inc',2,35.00,21.000,28.60,69.6,5.100,27.0
'PE608964','Scientific','Model-539','Long-Anderson',6,30.00,93.900,83.50,2.9,78.100,83.4
'PE373248','Communication','Model-858','Walker-Miller',16,12.00,87.200,63.60,91.0,7.400,62.6
'PE109485','Scientific','Model-529','Mcintyre, Turner and Huber',3,90.00,33.000,81.10,47.3,5.500,96.7
'PE800690','Safety','Model-443','Wilson Inc',5,58.00,45.200,41.00,4.9,59.100,3.5
'PE786432','Communication','Model-502','Schneider PLC',10,59.00,74.800,3.50,3.5,28.500,50.0
'PE316033','Generator','Model-424','Trujillo, Compton and Fernandez',13,23.00,86.400,6.40,35.5,65.700,45.4
'PE962947','Communication','Model-913','Riggs and Sons',3,63.00,37.300,71.70,68.0,34.800,19.8
'PE653204','Vehicle','Model-961','Buchanan Group',9,1.00,4.600,98.00,7.7,3.600,75.8
'PE437920','Scientific','Model-837','Holt-Castillo',15,31.00,97.300,20.00,37.3,72.500,96.6
'PE882248','Scientific','Model-564','Heath-Anderson',5,87.00,26.000,9.70,71.1,2.600,67.9
'PE271569','Generator','Model-199','King-Hall',9,25.00,34.200,4.90,16.2,16.200,11.6
'PE119335','Communication','Model-938','Campbell PLC',12,94.00,98.100,30.60,52.6,12.300,32.6
'PE997441','Safety','Model-739','Turner Ltd',7,93.00,56.900,37.30,48.1,84.700,70.4
'PE249591','Shelter','Model-795','Ramsey-Roman',10,82.00,5.600,84.90,72.8,33.100,61.5
'PE957668','Safety','Model-242','Lewis-Lee',19,2.00,78.100,69.20,74.4,34.900,3.8
'PE735734','Scientific','Model-206','Schwartz, Clements and Thomas',2,49.00,20.100,64.50,35.5,8.700,75.8
'PE604823','Scientific','Model-330','Moore-Quinn',17,99.00,84.400,5.40,97.5,74.800,74.0
'PE579705','Scientific','Model-419','Frey-Anderson',9,35.00,23.000,44.50,98.7,88.700,37.0
'PE249672','Scientific','Model-932','Allen, White and Williams',20,10.00,43.600,27.30,45.2,66.900,69.4
'PE745059','Vehicle','Model-774','Bartlett-Lambert',9,88.00,48.500,81.20,13.0,78.900,75.1
'PE136703','Safety','Model-819','Brooks Group',1,22.00,9.100,61.60,2.6,25.000,17.6
'PE971856','Shelter','Model-195','Ford, Sanders and Fernandez',8,60.00,78.200,15.20,89.6,28.200,4.5
'PE661956','Shelter','Model-829','Schultz, Stanley and Harris',8,39.00,17.000,10.90,53.4,79.200,79.1
'PE153293','Shelter','Model-104','Roy-Graves',11,37.00,94.100,26.80,44.3,20.900,98.6
'PE905646','Vehicle','Model-602','Mason Group',9,83.00,28.400,11.70,67.5,79.800,27.9
'PE236948','Scientific','Model-702','Williams, Parker and Lawson',15,93.00,44.800,87.50,36.2,93.300,96.3
'PE999284','Communication','Model-483','Davis-Faulkner',5,55.00,5.600,67.60,58.9,55.000,5.5
'PE287042','Scientific','Model-104','Collins LLC',4,47.00,92.500,34.50,86.3,64.800,87.4
'PE889981','Communication','Model-535','Clark-Scott',19,73.00,96.600,74.20,72.9,93.000,51.9
'PE475577','Vehicle','Model-976','Jones, Strickland and Ortiz',6,46.00,58.000,13.70,89.3,2.200,68.5
'PE904093','Scientific','Model-848','Martin Ltd',5,24.00,16.500,3.70,19.9,80.700,52.4
'PE904206','Scientific','Model-567','Keller-Richardson',13,80.00,49.000,81.90,50.4,6.100,78.0
'PE872089','Communication','Model-943','Andrews Inc',1,18.00,17.300,32.80,21.9,55.600,84.2
'PE995456','Shelter','Model-723','Martinez, Thomas and Sloan',9,24.00,30.100,42.50,60.8,5.400,15.3
'PE444143','Shelter','Model-622','Schwartz, Maldonado and Steele',15,100.00,45.200,64.60,19.4,6.100,73.6
'PE129290','Communication','Model-320','Rangel, Duncan and Bradford',2,23.00,91.700,56.40,37.9,97.300,6.5
'PE989754','Generator','Model-983','Bailey PLC',14,4.00,42.500,40.80,58.3,6.400,10.0
'PE940761','Shelter','Model-844','Rowe PLC',13,60.00,18.900,25.20,77.2,6.700,28.3
'PE811290','Safety','Model-635','Ryan, Tran and Stewart',13,12.00,44.300,6.00,90.9,7.000,78.7
'PE846922','Shelter','Model-661','Chavez, Gibbs and Perez',9,49.00,21.500,69.30,61.6,0.200,96.4
'PE741095','Scientific','Model-493','Sanchez-Rodriguez',3,25.00,15.900,30.00,5.3,36.400,85.1
'PE326018','Shelter','Model-735','Brown-Barker',11,94.00,19.600,91.90,42.7,16.000,97.5
'PE470955','Safety','Model-690','Christensen, Hill and Harrison',7,17.00,51.300,39.80,32.5,50.900,25.3
'PE294526','Communication','Model-197','Colon, Zavala and Wright',20,91.00,26.500,83.70,94.3,50.000,33.4
'PE123808','Generator','Model-581','Marshall and Sons',18,82.00,28.500,93.30,22.0,59.200,89.5
'PE885518','Safety','Model-447','Beck Ltd',14,91.00,27.500,12.00,61.9,41.000,74.6
'PE218332','Generator','Model-484','Harris-Hall',19,88.00,61.000,1.90,30.3,85.400,41.8
'PE498370','Communication','Model-895','Singh, Blake and Hardy',12,81.00,78.900,45.30,24.8,0.900,69.7
'PE740790','Shelter','Model-268','Villarreal, Harris and Stephens',5,75.00,31.100,44.00,0.1,84.900,78.1
'PE542355','Safety','Model-422','Ray-Johnson',5,28.00,56.500,56.70,44.5,86.400,22.2
'PE111523','Generator','Model-766','Gonzalez-Crawford',4,92.00,52.000,84.10,41.1,36.100,4.3
'PE653961','Vehicle','Model-157','Garcia LLC',14,62.00,87.900,76.50,64.1,23.200,18.9
'PE168255','Generator','Model-905','Green, Stafford and Brock',19,41.00,62.300,27.90,20.5,48.000,14.0
'PE411773','Shelter','Model-394','Koch-Peterson',18,74.00,8.200,33.70,28.4,96.900,80.5
'PE106144','Generator','Model-643','Harris, Sampson and Shields',6,74.00,16.500,5.30,26.7,28.000,83.2
'PE178542','Generator','Model-750','Meyers-Wilson',8,87.00,94.700,58.20,13.6,44.700,45.6
'PE972074','Scientific','Model-300','Melton, Hernandez and Cox',10,70.00,91.000,53.50,66.1,8.200,21.0
'PE582272','Vehicle','Model-466','Terry-Miller',19,1.00,79.800,47.30,93.8,83.500,48.7
'PE369481','Vehicle','Model-575','Jenkins-Brown',6,89.00,27.000,95.70,61.5,0.600,60.2
'PE874814','Shelter','Model-406','Stewart, Morales and White',19,63.00,38.000,58.00,38.2,92.100,86.9
'PE402382','Communication','Model-869','Jennings, Ho and Taylor',8,1.00,57.400,38.70,53.5,59.200,23.1
'PE721907','Communication','Model-304','Moyer, Howe and Williams',8,55.00,16.500,16.70,85.6,99.500,50.7
'PE959907','Generator','Model-339','Fields, Edwards and Torres',15,83.00,81.500,41.10,52.0,20.900,61.9
'PE966860','Safety','Model-351','Castro Inc',15,15.00,70.100,10.80,76.2,41.800,42.5
'PE120206','Scientific','Model-247','Smith, Smith and Merritt',7,76.00,6.800,16.20,52.5,53.400,65.4
'PE851955','Vehicle','Model-110','Parker Ltd',18,90.00,82.300,55.00,31.2,29.400,77.8
'PE448501','Safety','Model-107','Jenkins-Richardson',9,31.00,83.300,5.00,30.6,83.300,75.7
'PE751850','Shelter','Model-216','Wright-Roberts',18,2.00,21.700,16.50,15.9,96.000,27.3
'PE940386','Communication','Model-162','Robertson, Oconnor and Becker',6,87.00,56.900,31.30,72.2,58.900,1.0
'PE935107','Scientific','Model-257','Hunter, Bailey and Jones',14,58.00,39.700,31.00,86.1,10.300,26.5
'PE168467','Shelter','Model-193','Robinson-Campbell',1,74.00,37.700,90.80,18.0,20.200,99.4
'PE205729','Safety','Model-176','Johnson-Rodriguez',7,36.00,60.700,23.80,84.8,92.300,74.4
'PE380888','Vehicle','Model-947','Daniel LLC',12,77.00,47.400,74.40,96.8,57.200,89.4
'PE678875','Scientific','Model-520','Fisher, Martinez and Evans',1,90.00,3.100,40.40,88.2,39.500,48.7
'PE576815','Vehicle','Model-882','Lewis, Rose and Espinoza',15,95.00,96.000,13.70,61.8,35.500,73.5
'PE854794','Generator','Model-906','Ramos Inc',17,93.00,13.200,14.10,82.1,12.600,17.1
'PE723243','Safety','Model-470','Andrews, Scott and Perez',9,33.00,65.400,35.00,42.2,17.600,78.1
'PE354079','Scientific','Model-522','Snow PLC',11,81.00,48.300,11.30,96.4,56.800,24.7
'PE742142','Scientific','Model-854','Little-Long',20,67.00,43.000,29.60,59.3,66.200,57.7
'PE502654','Generator','Model-463','Campbell-Nelson',13,24.00,29.900,57.90,98.9,86.600,65.8
'PE724905','Generator','Model-587','May LLC',17,52.00,65.400,53.90,52.4,52.500,3.5
'PE480883','Generator','Model-126','Brown PLC',15,6.00,74.000,84.20,13.2,50.500,32.7
'PE499908','Vehicle','Model-998','Lambert Group',20,31.00,31.400,1.10,75.5,91.700,39.2
'PE932066','Generator','Model-621','Jackson PLC',13,7.00,48.100,34.00,30.7,9.600,13.4
'PE426097','Safety','Model-956','Dawson and Sons',16,34.00,37.200,34.40,72.5,21.400,5.8
'PE817993','Shelter','Model-405','Mitchell-Erickson',20,32.00,41.600,72.00,21.9,47.300,21.4
'PE811959','Generator','Model-971','Nguyen-Miller',13,31.00,97.000,30.10,65.6,34.300,85.0
'PE646953','Generator','Model-544','Smith-Pham',7,12.00,54.800,28.80,27.7,17.700,80.2
'PE403429','Shelter','Model-532','Daniels, Edwards and Martin',7,7.00,56.500,27.10,21.0,48.300,96.4
'PE976810','Communication','Model-113','Barrera Inc',1,87.00,42.500,98.20,76.4,23.300,1.7
'PE213596','Scientific','Model-518','Parks, Sloan and Byrd',15,1.00,12.200,75.60,98.9,48.500,10.0
'PE379461','Shelter','Model-987','Thompson Group',5,47.00,58.300,34.50,62.0,60.300,40.8
'PE107100','Generator','Model-679','Owens-Hart',14,90.00,1.700,72.80,59.0,56.000,56.8
'PE639135','Communication','Model-996','Vasquez Ltd',6,29.00,60.400,47.40,31.7,89.100,16.8
'PE784771','Safety','Model-553','Jones-Dennis',16,47.00,38.200,16.80,59.7,60.800,81.3
'PE307535','Shelter','Model-993','Gates, Cook and Smith',1,92.00,1.300,6.00,60.3,80.900,70.3
'PE964916','Vehicle','Model-614','Diaz-Garrett',6,39.00,86.000,70.80,97.6,45.900,49.8
'PE899565','Safety','Model-547','Buck-Nguyen',4,7.00,58.000,43.90,22.0,40.900,93.8
'PE534126','Scientific','Model-977','Wagner-Taylor',18,51.00,0.100,60.50,82.6,88.300,62.1
'PE680241','Generator','Model-320','Smith, Smith and Glass',1,4.00,55.400,83.70,88.7,78.300,95.5
'PE271752','Vehicle','Model-833','Roberts-Warren',18,69.00,99.000,73.40,69.9,99.300,91.3
'PE120449','Generator','Model-850','Thornton Group',10,10.00,16.300,96.70,87.2,20.600,40.3
'PE869102','Scientific','Model-230','Reed-Barrett',1,94.00,11.700,41.30,24.0,90.800,74.7
'PE305349','Shelter','Model-507','Burnett and Sons',3,43.00,82.300,53.20,35.9,56.200,91.0
'PE455470','Scientific','Model-168','Richard Ltd',19,19.00,62.700,99.40,45.1,78.900,13.2
'PE422034','Scientific','Model-896','Franklin Ltd',9,53.00,83.400,18.60,90.3,70.700,1.3
'PE514961','Shelter','Model-350','Wilson-Gamble',7,35.00,20.300,68.40,36.2,19.400,77.2
'PE438479','Shelter','Model-159','Ingram-Allen',13,32.00,75.900,24.60,73.6,45.900,92.7
'PE252509','Generator','Model-282','Cooper Ltd',6,62.00,69.600,8.50,58.9,70.600,21.1
'PE625261','Shelter','Model-457','Morgan, Davis and Miranda',13,87.00,80.800,51.70,53.4,29.600,10.8
'PE470105','Safety','Model-724','Johnson-Lee',10,70.00,98.900,90.70,49.1,16.500,78.5
'PE518914','Communication','Model-865','Larsen Inc',18,49.00,67.100,10.50,86.5,87.400,15.7
'PE794667','Scientific','Model-267','Jennings Group',2,26.00,43.300,42.80,25.0,51.200,26.8
'PE706636','Vehicle','Model-743','Smith, Reynolds and Bowman',1,20.00,51.700,5.60,90.1,0.700,15.3
'PE475611','Generator','Model-650','Wilson PLC',9,54.00,68.900,42.00,44.6,84.900,33.3
'PE680104','Safety','Model-707','Ray-Lynch',5,2.00,8.400,68.60,10.4,19.100,34.9
'PE765811','Scientific','Model-134','Carter, Scott and Wade',19,87.00,15.800,62.20,13.0,5.600,24.7
'PE823422','Scientific','Model-492','Green, Matthews and Smith',11,68.00,46.600,13.00,10.5,70.400,52.5
'PE258636','Shelter','Model-634','Bell Group',15,99.00,15.100,66.90,23.0,27.600,16.4
'PE168076','Shelter','Model-636','Chen, Randolph and Meyer',16,94.00,78.200,2.40,12.9,33.400,37.4
'PE546124','Shelter','Model-766','Phillips, Ball and Torres',18,90.00,66.000,17.80,11.3,31.300,37.0
'PE174173','Safety','Model-533','Cunningham LLC',14,53.00,41.400,97.60,98.9,73.300,11.9
'PE918682','Safety','Model-704','Thomas PLC',8,52.00,42.700,40.80,85.8,93.200,6.3
'PE163523','Vehicle','Model-564','Hoffman-Goodwin',1,15.00,97.400,80.60,19.6,35.400,42.8
'PE857857','Safety','Model-747','Cervantes, Rodgers and Dodson',5,21.00,64.000,91.10,7.6,76.100,8.2
'PE602689','Shelter','Model-814','Petersen-Hill',3,80.00,86.800,90.20,28.4,76.400,71.9
'PE990293','Communication','Model-399','Long, Franklin and Bailey',3,97.00,79.100,47.90,97.3,28.400,10.3
'PE140956','Vehicle','Model-646','James PLC',10,35.00,36.200,64.60,96.9,91.900,61.7
'PE627309','Safety','Model-164','Carr, Martinez and Lambert',5,44.00,46.700,71.60,36.0,28.900,21.3
'PE299061','Vehicle','Model-445','Stokes Inc',7,19.00,83.800,26.80,19.4,17.000,10.6
'PE260437','Safety','Model-863','Rodgers-Peck',13,57.00,65.400,88.70,66.0,34.000,72.1
'PE807219','Scientific','Model-751','Rodriguez-Patterson',7,80.00,0.000,29.30,2.7,66.400,52.1
'PE166729','Generator','Model-777','Turner-Robinson',10,93.00,41.700,96.60,20.0,8.000,4.3
'PE785084','Communication','Model-634','Sutton-Jones',1,59.00,73.700,39.50,93.5,42.400,93.8
'PE945228','Generator','Model-316','Brandt, Smith and Huang',12,88.00,17.000,10.90,39.9,71.500,52.0
'PE262844','Shelter','Model-876','Schwartz PLC',9,65.00,80.000,86.70,27.3,29.200,16.4
'PE104652','Communication','Model-902','Smith, Ortiz and Smith',3,85.00,94.300,30.10,93.0,28.700,28.2
'PE198602','Scientific','Model-834','Clark, Martinez and Rodriguez',20,83.00,71.300,19.60,85.6,3.700,83.0
'PE230204','Vehicle','Model-481','Moon, Cortez and Hughes',9,62.00,3.700,28.40,96.6,59.400,19.6
'PE712978','Scientific','Model-667','Martin-Graham',3,82.00,92.400,92.00,80.4,77.900,2.0
'PE895172','Safety','Model-578','Medina, Mack and Gutierrez',12,16.00,29.400,6.90,88.9,82.000,25.8
'PE156918','Shelter','Model-829','Davidson, Andersen and Gonzalez',15,87.00,41.600,79.50,96.4,4.600,42.4
'PE700634','Safety','Model-585','Martinez, Martinez and Figueroa',18,34.00,85.300,89.80,26.5,85.100,73.9
'PE495353','Safety','Model-890','Goodwin and Sons',14,4.00,52.800,22.30,46.5,31.000,16.4
'PE789903','Vehicle','Model-965','Davis, Hill and Sloan',3,17.00,60.400,30.30,4.7,67.500,11.2
'PE744218','Safety','Model-977','Orozco, Petersen and Soto',16,30.00,41.500,43.70,76.6,49.400,79.0
'PE881382','Generator','Model-161','Mitchell, Smith and Turner',19,68.00,18.400,38.80,8.7,76.300,70.3
'PE800668','Communication','Model-506','Johnson-Moore',8,3.00,59.800,100.00,65.1,37.200,88.5
'PE777367','Shelter','Model-379','Williams-Cunningham',8,24.00,50.600,2.90,71.7,21.700,7.6
'PE677642','Vehicle','Model-111','Kramer, Herrera and Williams',10,19.00,20.400,49.90,79.2,25.500,15.4
'PE100139','Safety','Model-975','Smith, Guzman and Smith',12,7.00,60.400,53.90,19.7,0.400,48.0
'PE543448','Communication','Model-857','Rocha and Sons',11,86.00,45.300,88.10,3.9,6.600,93.3
'PE464925','Generator','Model-435','Rodriguez, James and Cook',19,85.00,2.700,33.80,98.3,64.100,74.4
'PE628735','Safety','Model-656','Irwin, Jones and Brown',11,61.00,51.000,24.30,23.6,74.400,46.6
'PE739460','Vehicle','Model-176','Rosales Group',18,62.00,57.300,5.50,56.8,36.500,18.6
'PE898508','Communication','Model-107','Lambert-Cameron',12,7.00,43.100,16.90,2.4,87.700,46.8
'PE548165','Generator','Model-532','Manning-Pugh',7,54.00,94.900,6.80,7.8,16.300,92.8
'PE668525','Safety','Model-622','Nichols, Horton and Ware',12,6.00,43.100,21.10,83.6,27.800,89.0
'PE456305','Generator','Model-884','Davis LLC',3,55.00,81.100,48.60,46.9,12.000,14.2
'PE277401','Scientific','Model-608','Marquez-Hernandez',9,28.00,14.100,64.70,78.3,80.000,20.3
'PE515247','Shelter','Model-984','Davidson-Robinson',20,8.00,25.600,99.10,97.2,91.300,33.2
'PE770831','Vehicle','Model-655','Carter and Sons',2,0.00,54.800,88.10,11.8,80.400,74.9
'PE256715','Shelter','Model-286','Mitchell, Wright and Mcdonald',10,83.00,10.500,28.70,16.6,10.500,71.0
'PE888609','Safety','Model-294','Gardner, Franklin and Fisher',9,17.00,61.700,92.80,44.5,83.700,93.6
'PE610584','Safety','Model-835','Bryant-Cook',7,87.00,15.400,57.70,28.0,26.500,12.3
'PE489405','Vehicle','Model-362','Ramos and Sons',1,74.00,86.500,63.50,24.2,34.000,84.5
'PE930016','Generator','Model-245','Gomez, Mcbride and Jones',17,24.00,24.200,53.90,21.5,34.100,81.9
'PE950490','Generator','Model-182','Carlson LLC',10,55.00,90.100,16.90,93.3,93.600,36.8
'PE748155','Shelter','Model-994','Cooke, Dominguez and Williams',5,68.00,71.500,18.20,15.8,28.800,39.9
'PE543051','Scientific','Model-368','Williams-Price',17,63.00,66.200,95.00,22.3,29.800,62.0
'PE811908','Safety','Model-537','Becker Ltd',16,59.00,4.500,25.80,64.1,53.200,70.7
'PE268200','Vehicle','Model-345','Anderson, Morris and Small',13,47.00,11.600,77.30,50.2,65.900,70.5
'PE568607','Vehicle','Model-291','Evans and Sons',14,66.00,92.500,76.20,40.8,69.400,73.8
'PE646815','Generator','Model-271','Johnson, Diaz and Smith',10,74.00,92.400,35.60,9.8,75.800,91.1
'PE464469','Generator','Model-993','Villarreal, Ellison and Chambers',17,66.00,27.100,90.20,18.1,4.400,6.6
'PE843515','Safety','Model-525','Warren-Gonzalez',13,75.00,58.900,66.90,96.3,17.700,55.7
'PE219267','Generator','Model-443','Moore-Williams',2,56.00,1.900,85.90,31.5,78.400,28.8
'PE958553','Scientific','Model-407','Fowler-Ortega',2,14.00,98.200,10.90,76.9,85.400,88.6
'PE145889','Safety','Model-394','Bond, Pittman and Schmidt',3,30.00,12.500,83.80,11.5,37.000,90.5
'PE520780','Vehicle','Model-561','Lawrence and Sons',5,100.00,93.300,14.60,76.2,7.400,96.4
'PE664174','Generator','Model-947','Bender, Lee and York',18,93.00,12.500,35.30,40.0,2.400,99.1
'PE999765','Shelter','Model-187','Smith, Russell and Jefferson',4,30.00,70.900,86.70,41.9,36.300,33.2
'PE173173','Generator','Model-653','Johnson-Lopez',16,4.00,84.400,46.80,32.9,92.300,15.3
'PE809695','Shelter','Model-492','Crawford PLC',12,74.00,86.000,50.20,24.9,93.200,52.0
'PE960284','Shelter','Model-694','Shaw, Benson and Lewis',5,57.00,88.800,1.30,91.6,48.000,18.5
'PE946776','Communication','Model-761','Pope-Wheeler',1,64.00,20.600,73.70,61.4,18.900,38.6
'PE858422','Shelter','Model-102','Mitchell-Wong',2,26.00,28.500,40.70,38.5,51.800,79.7
'PE535439','Vehicle','Model-285','Powell-Espinoza',15,22.00,41.100,70.80,41.7,6.600,67.6
'PE405249','Vehicle','Model-171','Wilson and Sons',6,75.00,78.000,93.50,3.6,22.300,64.7
'PE472923','Generator','Model-879','Richardson-Campbell',16,32.00,29.700,46.90,93.4,43.400,96.4
'PE254474','Communication','Model-653','Hartman LLC',18,94.00,45.100,33.20,64.4,36.100,57.0
'PE581295','Scientific','Model-635','Fletcher-Franco',18,48.00,33.600,95.20,97.8,73.600,44.0
'PE250691','Shelter','Model-606','Collins-Hobbs',4,3.00,47.700,1.50,9.6,41.900,88.2
'PE354704','Communication','Model-610','Mccarthy-Jarvis',15,42.00,54.000,42.80,94.6,52.900,47.7
'PE993170','Generator','Model-887','Lewis LLC',5,44.00,13.400,80.10,99.1,50.100,50.1
'PE573789','Safety','Model-516','Thomas, Scott and Mendoza',11,27.00,99.300,45.30,58.1,17.600,74.2
'PE386970','Shelter','Model-348','Ramirez-Hardy',6,33.00,51.400,24.20,7.7,4.700,42.0
'PE926551','Vehicle','Model-340','James-Carter',1,63.00,33.800,26.00,13.6,85.500,58.0
'PE319331','Shelter','Model-346','Roberts-Johnson',7,5.00,99.200,36.50,44.9,61.700,73.3
'PE209064','Shelter','Model-182','Moore-Walker',20,90.00,88.200,43.20,86.1,64.100,84.9
'PE746378','Scientific','Model-565','Thompson-Simmons',4,87.00,31.300,24.90,73.1,28.800,41.7
'PE178110','Scientific','Model-642','Carroll-Brown',4,37.00,30.700,50.10,51.1,64.200,66.7
'PE350365','Scientific','Model-605','Grant-Kennedy',4,55.00,56.000,91.10,46.4,65.000,25.6
'PE661187','Generator','Model-545','Stephenson and Sons',6,23.00,54.500,98.00,16.1,97.400,49.1
'PE196985','Generator','Model-643','Sanchez LLC',13,16.00,44.000,31.90,81.3,39.900,94.5
'PE362019','Scientific','Model-848','Hamilton-Richmond',20,79.00,42.500,35.20,37.0,20.500,24.0
'PE467423','Scientific','Model-521','Robles-Giles',18,45.00,30.800,79.40,39.4,82.700,61.1
'PE390259','Vehicle','Model-947','Mendez Ltd',11,15.00,75.600,51.90,86.2,66.600,3.5
'PE107721','Vehicle','Model-789','Anderson, Johnson and Huber',9,95.00,73.800,98.40,41.2,71.700,18.2
'PE190585','Safety','Model-226','Pearson, Hernandez and Johnson',20,79.00,9.900,76.50,72.2,89.700,80.4
'PE767921','Generator','Model-736','Kelly-Solis',5,49.00,55.900,56.10,62.9,57.600,47.9
'PE670226','Vehicle','Model-231','Ramos, Brown and Parker',16,90.00,56.800,75.10,22.3,92.900,6.9
'PE833843','Generator','Model-655','Browning, Johnson and Warren',4,4.00,94.500,97.00,12.4,83.900,72.7
'PE108370','Communication','Model-276','Ward LLC',11,89.00,84.900,67.10,94.2,71.100,91.6
'PE590045','Vehicle','Model-360','Flores and Sons',7,22.00,7.000,32.40,46.2,69.000,75.7
'PE387531','Safety','Model-245','Walker, Morales and Wilson',13,87.00,85.900,21.80,80.9,86.100,82.1
'PE623402','Shelter','Model-487','Torres Inc',2,88.00,27.000,74.10,96.5,90.900,77.6
'PE519571','Generator','Model-960','Torres, Matthews and Adams',3,21.00,49.900,36.50,44.0,25.000,63.7
'PE244711','Safety','Model-690','Wise Group',15,6.00,7.400,64.40,90.9,77.500,16.9
'PE391334','Shelter','Model-373','Morales-Wright',20,30.00,75.600,0.00,0.2,25.800,78.3
'PE727886','Scientific','Model-382','Rice-Short',4,3.00,3.100,88.40,25.8,39.500,82.2
'PE777200','Safety','Model-944','Banks, Garner and Hughes',7,89.00,43.000,88.50,33.1,72.100,60.9
'PE671281','Communication','Model-863','Santiago, Yoder and Cox',15,37.00,69.000,40.50,95.8,1.400,98.7
'PE633692','Vehicle','Model-400','Barnett-Miller',12,95.00,21.900,9.10,98.3,4.600,86.9
'PE227279','Generator','Model-455','Bradley-Robinson',4,84.00,39.000,37.50,27.8,98.800,58.2
'PE988304','Shelter','Model-262','Rogers, Fisher and Estrada',7,84.00,66.100,56.30,60.7,57.900,28.6
'PE418195','Generator','Model-484','Rice, Simmons and Fry',10,57.00,65.800,63.00,91.4,30.400,90.8
'PE644854','Vehicle','Model-663','Morris LLC',2,31.00,83.600,64.20,22.1,6.800,93.9
'PE529770','Shelter','Model-950','Strickland-Blair',8,33.00,76.600,80.30,43.3,11.600,35.3
'PE795196','Vehicle','Model-598','Anderson-Stark',4,87.00,15.600,15.60,46.8,87.200,49.3
'PE720266','Scientific','Model-178','Hill-Stephens',20,16.00,30.400,62.20,19.1,96.000,26.6
'PE271508','Vehicle','Model-887','Martin, Hebert and Baird',20,80.00,1.600,37.60,57.6,13.700,30.5
'PE829481','Communication','Model-946','Weber, Miller and Wilson',7,20.00,17.400,83.70,19.2,43.800,88.2
'PE997728','Scientific','Model-994','Massey-Caldwell',10,90.00,24.400,97.00,65.9,46.300,60.8
'PE188719','Vehicle','Model-390','James, Byrd and Hall',3,91.00,20.200,83.20,90.5,33.000,22.8
'PE735175','Scientific','Model-774','Frederick, Roth and Murphy',4,73.00,87.900,17.80,73.0,42.000,34.8
'PE850189','Safety','Model-495','Singleton, Johnson and Fisher',9,51.00,7.400,39.30,93.4,22.800,10.9
'PE587352','Safety','Model-260','Sharp Inc',7,38.00,50.900,38.20,45.4,19.500,41.0
'PE427632','Scientific','Model-773','Bowers-Martinez',18,24.00,33.100,79.80,37.1,72.500,29.5
'PE734689','Shelter','Model-268','Villanueva, Todd and Bradley',5,82.00,43.600,69.90,41.0,91.800,28.7
'PE380667','Communication','Model-410','Solis-Lee',16,4.00,63.500,31.00,94.9,54.900,83.7
'PE106529','Communication','Model-978','Sanchez Group',13,73.00,10.800,9.10,84.7,32.400,26.8
'PE145016','Vehicle','Model-788','Davis-Rodriguez',7,33.00,5.500,62.50,36.7,3.100,14.2
'PE926202','Shelter','Model-529','Anthony Ltd',14,10.00,86.100,31.00,61.8,34.700,59.0
'PE612040','Vehicle','Model-382','Ward Ltd',8,23.00,39.300,96.90,53.5,40.900,52.1
'PE410549','Communication','Model-999','Barrett-Smith',12,37.00,73.900,62.70,56.3,5.800,86.9
'PE987265','Scientific','Model-310','Woods PLC',11,5.00,21.500,39.70,68.2,31.400,51.8
'PE514288','Vehicle','Model-122','Ramirez and Sons',2,82.00,0.400,33.80,71.2,85.100,77.8
'PE402379','Shelter','Model-178','Smith-Curtis',2,44.00,81.400,19.10,56.1,66.600,99.2
'PE640712','Shelter','Model-441','Campbell-Frank',10,46.00,84.700,92.30,26.5,18.100,92.2
'PE318032','Communication','Model-917','Pineda Group',14,52.00,70.900,24.40,80.3,49.100,71.7
'PE175904','Scientific','Model-626','Williams, Mcclain and Walker',11,99.00,47.600,89.50,0.9,21.300,88.3
'PE603870','Generator','Model-118','Simpson, Jones and Mayer',2,44.00,63.200,57.90,10.9,93.100,65.9
'PE435516','Scientific','Model-431','Kelly, Reyes and Munoz',4,79.00,98.500,31.90,94.6,86.600,87.4
'PE665364','Communication','Model-138','Miller LLC',20,43.00,26.000,69.20,78.7,4.200,14.1
'PE697994','Communication','Model-465','Ellis and Sons',1,42.00,89.700,98.90,17.7,80.700,91.7
'PE388240','Shelter','Model-339','Castaneda-Clements',20,52.00,46.900,30.50,73.3,57.100,24.7
'PE772342','Scientific','Model-187','Long Group',16,61.00,35.700,1.10,34.5,17.200,1.5
'PE923468','Vehicle','Model-435','Cooper Group',10,10.00,71.800,71.70,62.7,29.400,2.0
'PE796355','Vehicle','Model-999','Webster-Thornton',13,28.00,52.600,78.10,31.2,6.700,53.1
'PE140174','Safety','Model-429','Alexander and Sons',15,95.00,17.900,41.20,69.5,91.000,5.2
'PE302073','Vehicle','Model-395','Horton, Brown and Thompson',9,7.00,10.300,28.20,21.4,5.700,78.4
'PE670520','Shelter','Model-895','Perkins, Mcdowell and White',10,67.00,15.900,50.30,87.3,71.300,18.9
'PE338442','Communication','Model-887','Boone, Torres and Carter',16,13.00,37.900,90.30,20.7,52.700,84.2
'PE648179','Communication','Model-983','Harrison Group',19,20.00,51.000,16.20,28.1,8.900,78.9
'PE335814','Generator','Model-782','Payne-Campbell',12,80.00,80.800,60.90,87.5,54.900,63.6
'PE676501','Scientific','Model-901','Mcgrath-Cooper',18,58.00,46.700,56.50,77.5,78.500,73.3
'PE748687','Shelter','Model-682','Beltran, Silva and Mcbride',15,4.00,65.800,31.80,77.2,99.500,26.4
'PE423874','Scientific','Model-451','Roberts Ltd',3,46.00,89.900,90.70,51.5,80.700,78.0
'PE460832','Communication','Model-725','Jensen, Smith and Beck',19,58.00,26.500,58.90,81.1,20.700,39.5
'PE745490','Communication','Model-472','Vasquez-Smith',4,40.00,34.400,52.30,88.6,43.600,2.4
'PE753268','Safety','Model-364','Jones, Lee and Ward',14,18.00,16.700,18.70,58.0,39.600,5.9
'PE863444','Generator','Model-531','Reed, Hampton and Mclaughlin',4,69.00,95.900,64.30,84.4,25.000,45.0
'PE612252','Safety','Model-596','Jimenez, Montgomery and Taylor',8,21.00,93.200,40.00,8.6,54.800,7.3
'PE566159','Safety','Model-674','Shields-Clark',1,27.00,1.000,68.80,5.2,35.400,51.5
'PE693120','Vehicle','Model-772','Young PLC',13,18.00,25.900,18.70,65.2,76.400,57.3
'PE344579','Shelter','Model-408','Barnes-Mcbride',9,40.00,87.700,27.60,84.4,3.000,66.0
'PE678988','Communication','Model-256','Contreras-Perez',11,99.00,53.100,44.40,28.2,65.200,85.7
'PE496351','Scientific','Model-399','Holden LLC',9,82.00,43.000,44.30,52.3,29.200,23.9
'PE371282','Generator','Model-530','Hayes and Sons',15,28.00,63.300,84.40,74.6,37.500,92.5
'PE232149','Communication','Model-620','Cooley PLC',18,34.00,1.900,33.10,8.0,53.800,72.4
'PE999844','Generator','Model-642','Ramos-Combs',15,100.00,24.600,44.50,46.7,76.900,69.6
'PE100466','Vehicle','Model-101','Roberts-Vega',14,26.00,58.300,13.90,4.2,52.500,32.0
'PE650075','Safety','Model-491','Burgess-Gomez',18,84.00,12.900,27.00,98.9,16.000,52.6
'PE467929','Scientific','Model-709','Kim Ltd',10,10.00,43.100,35.30,67.9,23.500,57.2
'PE595795','Safety','Model-407','Hudson, Gonzalez and Hernandez',9,39.00,38.800,12.90,48.4,50.500,30.1
'PE815328','Vehicle','Model-181','Bradley Inc',10,20.00,9.000,3.40,64.3,97.600,88.6
'PE545195','Communication','Model-985','Guerrero-Daniels',11,27.00,82.100,24.80,5.6,46.200,33.2
'PE995785','Scientific','Model-814','Glenn-Clark',14,76.00,94.700,29.50,80.6,7.200,87.4
'PE957031','Vehicle','Model-205','Thomas, Campbell and Griffin',4,24.00,95.800,90.10,30.5,41.900,49.9
'PE991783','Communication','Model-889','Johnson-White',16,3.00,66.300,42.00,80.4,0.100,22.0
'PE503292','Generator','Model-350','Castillo, Ramirez and Coleman',13,24.00,21.100,68.10,0.8,94.500,68.3
'PE277938','Shelter','Model-628','Sloan-Johnson',18,44.00,88.000,43.00,92.6,37.900,44.3
'PE518514','Shelter','Model-952','Aguirre Group',16,29.00,7.200,77.40,60.0,73.800,20.2
'PE470055','Vehicle','Model-607','Brown, Mcmillan and Ramos',1,82.00,22.400,11.90,21.4,99.700,99.3
'PE582783','Safety','Model-768','Travis-Rogers',11,98.00,97.000,36.60,68.8,94.200,84.1
'PE515543','Communication','Model-589','Hawkins Inc',17,0.00,92.800,74.50,54.9,65.300,44.4
'PE435062','Safety','Model-867','Hamilton-Castro',5,49.00,3.300,40.40,14.5,80.200,33.6
'PE291817','Safety','Model-890','Wagner-Garcia',18,24.00,15.000,30.60,62.0,66.700,33.9
'PE600694','Generator','Model-677','Spencer-Hogan',14,31.00,60.800,35.10,3.5,8.700,29.7
'PE290908','Generator','Model-686','Cordova-Brown',9,84.00,39.000,59.00,53.8,92.900,29.5
'PE786779','Shelter','Model-625','Green-Navarro',9,32.00,79.800,13.60,69.7,8.000,74.1
'PE205632','Shelter','Model-517','Spence, Osborne and Rodriguez',2,7.00,57.500,69.10,60.4,28.300,28.5
'PE583265','Communication','Model-133','Baker, Mitchell and Smith',14,79.00,36.400,86.80,90.5,60.400,71.4
'PE361938','Generator','Model-951','Ortiz-Payne',1,56.00,88.100,45.00,54.0,25.500,86.5
'PE657115','Shelter','Model-371','Clements-Macias',12,27.00,4.500,65.60,38.7,45.500,52.4
'PE885472','Shelter','Model-484','Paul-Adams',19,41.00,75.200,67.10,0.1,78.900,94.8
'PE837059','Shelter','Model-221','Simon Ltd',2,28.00,13.400,36.90,48.4,96.600,52.9
'PE439270','Scientific','Model-313','Mcbride, Wood and Fischer',5,66.00,78.200,96.40,74.4,29.100,81.9
'PE889666','Safety','Model-194','Delacruz Inc',11,36.00,26.400,11.70,99.5,28.500,72.7
'PE842070','Shelter','Model-126','Castillo, Morales and Fritz',5,54.00,2.400,92.10,42.9,49.400,70.3
'PE731954','Safety','Model-181','Underwood-Miller',10,49.00,38.200,48.80,52.2,1.500,18.2
'PE897455','Scientific','Model-956','Sweeney, White and Murray',14,56.00,10.800,85.90,57.2,30.500,77.9
'PE407180','Shelter','Model-763','Kennedy PLC',12,90.00,3.500,32.60,1.3,89.500,12.9
'PE858764','Shelter','Model-146','Schaefer, Peters and Jones',4,65.00,96.300,6.00,1.6,42.100,77.5
'PE247762','Communication','Model-211','Byrd-Johnson',20,76.00,90.300,66.80,90.4,94.100,54.2
'PE309455','Scientific','Model-921','Martin Inc',12,69.00,29.300,31.10,21.3,84.500,32.4
'PE341598','Safety','Model-657','Henderson Group',7,48.00,91.200,68.20,76.0,80.800,95.8
'PE534867','Safety','Model-146','Cook, Franco and Lara',16,67.00,18.600,56.90,4.2,56.600,56.3
'PE442281','Communication','Model-970','Martin, Jackson and Trujillo',5,12.00,60.000,54.40,13.3,24.000,35.6
'PE343655','Shelter','Model-949','Heath-Larsen',14,62.00,31.800,15.90,91.6,74.700,10.8
'PE184409','Generator','Model-723','Ortiz, Richards and Allen',20,89.00,32.500,96.70,40.6,16.700,5.0
'PE265007','Communication','Model-210','Johnson PLC',7,15.00,24.000,17.10,2.4,12.600,9.7
'PE542161','Safety','Model-330','Fuller-Reyes',19,7.00,88.900,64.70,37.4,8.400,89.4
'PE964230','Communication','Model-274','Kirby, Glover and Craig',10,70.00,94.600,2.60,51.2,37.500,45.6
'PE171148','Vehicle','Model-857','Perez-Frederick',17,15.00,47.500,56.50,57.9,39.100,49.0
'PE128752','Generator','Model-511','Johnson and Sons',20,28.00,81.200,88.80,93.5,26.500,82.3
'PE898823','Safety','Model-432','Price-Contreras',16,18.00,94.400,55.10,11.7,25.300,76.2
'PE129943','Scientific','Model-300','Pratt, Jones and Santiago',12,28.00,30.100,72.40,83.5,41.000,85.7
'PE874094','Safety','Model-598','Berger-Golden',20,53.00,76.700,25.80,60.1,41.300,58.9
'PE671206','Generator','Model-490','Singleton-Ramirez',8,32.00,95.800,54.70,83.1,51.300,37.2
'PE783210','Communication','Model-730','Marshall, Medina and Harrison',2,75.00,7.400,61.30,35.3,85.400,13.7
'PE181849','Communication','Model-476','Keller Ltd',12,81.00,72.900,16.20,94.0,80.100,26.0
'PE958339','Safety','Model-885','Webb Inc',20,25.00,28.300,36.50,63.1,22.600,25.5
'PE900628','Vehicle','Model-727','Wright Inc',2,22.00,63.400,99.30,30.7,87.000,69.5
'PE530451','Generator','Model-176','Black-Mcpherson',9,70.00,76.200,30.40,32.3,49.600,56.4
'PE215550','Generator','Model-368','Garcia Inc',4,45.00,20.100,27.00,78.2,24.100,77.6
'PE935334','Safety','Model-286','Miller-Baker',12,78.00,78.800,32.90,19.3,68.900,69.7
'PE781984','Generator','Model-989','Williams-Hernandez',1,34.00,77.600,41.20,90.5,66.200,41.0
'PE632324','Shelter','Model-500','Pope, Ayala and Scott',20,15.00,90.500,7.40,16.1,35.800,20.7
'PE137802','Vehicle','Model-290','Holland, Cook and Cunningham',17,73.00,69.900,16.30,54.5,27.400,42.5
'PE964824','Shelter','Model-211','Shaw, Adams and Pearson',5,59.00,71.800,14.60,87.7,40.600,67.9
'PE957178','Vehicle','Model-921','Stephens PLC',11,91.00,23.200,39.70,78.3,90.000,37.1
'PE460062','Generator','Model-900','Howell-Mcdaniel',10,74.00,67.000,8.90,90.6,97.400,13.2
'PE996652','Shelter','Model-420','Moore, Gardner and Higgins',6,77.00,49.400,84.70,42.8,87.200,45.7
'PE639832','Safety','Model-271','Cowan, Jensen and Powell',18,5.00,14.600,2.70,47.7,27.500,66.6
'PE865761','Generator','Model-679','Munoz Group',14,40.00,90.100,22.30,47.5,92.800,97.9
'PE815852','Vehicle','Model-181','Price, Erickson and Murphy',7,32.00,21.000,90.30,76.3,38.900,26.6
'PE809983','Shelter','Model-432','Jones and Sons',1,3.00,78.300,80.40,80.9,76.700,49.8
'PE184001','Safety','Model-752','Henderson, Brown and Hays',20,72.00,87.200,77.50,71.7,35.200,88.7
'PE146206','Scientific','Model-679','Schaefer, Hall and King',19,80.00,73.400,67.10,77.5,91.300,13.3
'PE226936','Generator','Model-134','West-Moody',19,12.00,44.600,64.10,84.4,3.400,6.2
'PE872287','Scientific','Model-159','Snyder, Garrett and Joseph',19,77.00,23.700,89.40,13.5,28.500,51.9
'PE552762','Shelter','Model-203','Allen-Wilson',11,57.00,14.100,60.20,24.3,49.100,68.7
'PE981260','Shelter','Model-105','Wood-Michael',4,4.00,50.900,91.00,40.0,29.600,26.3
'PE749834','Vehicle','Model-151','Cameron Group',16,81.00,32.600,75.80,23.9,17.500,60.1
'PE552618','Generator','Model-488','Garcia-Smith',3,36.00,62.200,21.40,18.6,68.300,87.9
'PE100443','Communication','Model-404','Kirk, Lloyd and Garcia',7,50.00,80.100,23.80,59.2,16.600,99.0
'PE381195','Shelter','Model-517','Clay-Ferguson',20,4.00,95.000,53.10,58.2,46.000,64.9
'PE618204','Shelter','Model-652','Johnson, Espinoza and Moore',16,41.00,62.400,24.70,68.6,17.300,28.1
'PE257917','Scientific','Model-303','Martinez-Richmond',16,65.00,33.100,24.70,77.2,68.400,54.4
'PE242259','Shelter','Model-556','French PLC',13,75.00,93.700,3.40,4.5,99.700,68.0
'PE968952','Generator','Model-232','Griffith, Coleman and Salazar',8,56.00,73.000,90.50,47.2,42.300,43.5
'PE503445','Vehicle','Model-287','Rivas, Decker and Smith',10,45.00,87.300,94.40,45.2,21.900,5.4
'PE785405','Vehicle','Model-949','Roberts and Sons',12,23.00,49.600,12.90,5.5,28.800,99.6
'PE772458','Vehicle','Model-417','Richardson, Montgomery and Johnson',13,70.00,5.900,17.50,65.1,91.400,63.8
'PE314251','Safety','Model-944','Coleman, Davis and Shannon',10,53.00,4.900,75.80,97.7,71.600,20.8
'PE189954','Scientific','Model-160','Lee-Lee',14,63.00,49.200,19.20,41.5,66.800,31.3
'PE774091','Shelter','Model-896','Sullivan-Reynolds',10,81.00,52.000,21.80,87.5,27.600,52.3
'PE592271','Communication','Model-822','Walker and Sons',19,30.00,42.400,99.30,81.7,50.800,21.4
'PE793430','Safety','Model-821','Russell PLC',16,90.00,51.100,43.70,21.8,48.800,4.6
'PE516313','Shelter','Model-399','Cohen-Dudley',3,100.00,75.300,5.80,16.0,15.700,15.2
'PE447451','Communication','Model-652','Wright, Meyer and Kelly',7,98.00,74.400,32.40,20.0,9.300,82.1
'PE986164','Communication','Model-201','Cowan-Carter',11,5.00,37.000,79.40,96.9,29.200,61.3
'PE964662','Safety','Model-265','Jackson-Cross',4,98.00,68.300,8.10,33.7,85.300,45.0
'PE403340','Communication','Model-208','Bray-Orr',1,54.00,91.700,20.90,40.6,60.900,54.1
'PE769518','Communication','Model-332','Cline Inc',16,87.00,90.900,67.60,46.5,79.800,20.6
'PE705257','Safety','Model-961','Day-Beard',4,99.00,46.500,67.70,54.7,11.900,38.4
'PE373639','Vehicle','Model-739','Cooper-Jones',5,19.00,8.600,88.90,61.9,15.800,38.8
'PE771906','Vehicle','Model-414','Coleman-Stephens',6,47.00,23.200,33.30,24.9,51.800,4.4
'PE250345','Communication','Model-398','Smith, Klein and Powell',4,74.00,78.800,12.80,74.2,82.500,92.8
'PE601132','Communication','Model-996','Robinson-Vasquez',11,47.00,11.900,88.70,90.6,85.000,25.0
'PE321366','Shelter','Model-573','Barrera, Torres and Owens',6,62.00,8.200,79.00,28.2,4.200,79.3
'PE520648','Vehicle','Model-881','Humphrey, Braun and Petersen',15,90.00,70.100,86.80,95.2,26.100,68.3
'PE222981','Communication','Model-878','Howell-Mathews',15,16.00,85.700,9.60,52.7,94.500,44.3
'PE732074','Communication','Model-871','Herring Ltd',5,80.00,9.100,5.40,35.7,93.400,86.3
'PE609746','Generator','Model-309','Welch-Phillips',5,37.00,61.200,66.10,13.0,36.200,81.0
'PE338338','Safety','Model-969','Fuentes Inc',5,1.00,26.100,56.20,83.3,1.400,36.8
'PE924239','Shelter','Model-511','Alvarado-Wong',11,0.00,5.200,50.20,31.5,7.600,61.4
'PE323003','Safety','Model-190','Clarke and Sons',1,63.00,20.900,24.00,61.4,26.100,12.7
'PE635160','Vehicle','Model-108','Peters, Shelton and Crawford',11,50.00,44.700,84.40,35.1,89.500,91.3
'PE290783','Vehicle','Model-944','Morton PLC',9,3.00,67.200,52.30,94.8,57.200,62.4
'PE751706','Communication','Model-731','Ward-Gonzales',10,45.00,64.500,36.20,9.6,36.600,15.5
'PE774027','Vehicle','Model-909','Lopez, Hunt and Rivera',4,92.00,38.700,18.10,89.6,52.000,95.7
'PE618263','Communication','Model-163','Black LLC',19,62.00,28.000,89.10,18.5,70.700,74.0
'PE928846','Communication','Model-437','Kelly-Garcia',20,11.00,81.900,83.00,91.3,6.000,44.9
'PE605030','Scientific','Model-568','Myers and Sons',14,82.00,12.200,8.20,10.7,66.600,24.8
'PE329538','Shelter','Model-690','Williams, Williams and Santos',8,61.00,59.100,24.40,69.6,31.500,16.5
'PE184605','Scientific','Model-212','Hinton-Pitts',14,87.00,45.100,5.20,37.2,28.200,28.5
'PE475053','Communication','Model-623','Chandler-Hernandez',5,8.00,35.200,18.90,3.3,62.200,97.4
'PE775885','Shelter','Model-615','Wright-Cook',9,29.00,0.300,59.80,10.6,50.900,88.6
'PE467569','Scientific','Model-411','Wheeler-Morris',1,100.00,69.700,61.80,91.6,19.900,40.0
'PE905775','Communication','Model-348','Webster-Lewis',8,16.00,60.700,49.10,6.0,82.600,41.3
'PE751578','Safety','Model-337','Mitchell-Hernandez',7,90.00,51.500,42.80,97.2,7.500,23.5
'PE983968','Safety','Model-431','Lee-Hobbs',16,78.00,85.400,58.10,54.7,0.800,7.6
'PE401592','Scientific','Model-716','Michael-Ramirez',8,10.00,5.700,10.80,49.4,92.400,50.3
'PE576669','Scientific','Model-752','Aguilar, Evans and Garcia',20,72.00,92.800,51.40,19.0,78.700,71.2
'PE105244','Communication','Model-863','Hubbard Group',16,18.00,74.900,88.60,53.3,10.900,99.3
'PE123040','Shelter','Model-390','Huynh PLC',17,12.00,34.100,38.80,38.4,68.300,48.1
'PE412430','Scientific','Model-145','Lewis, Hill and Baker',12,96.00,23.200,64.70,77.9,76.300,78.4
'PE695981','Vehicle','Model-739','Avery Inc',14,76.00,0.100,90.30,69.3,0.100,27.8
'PE376385','Scientific','Model-418','Stevenson-Smith',2,28.00,97.300,2.20,69.3,21.300,26.7
'PE272795','Scientific','Model-674','Smith, Long and Wise',17,72.00,47.500,7.50,70.5,8.600,83.2
'PE610056','Safety','Model-370','Rodriguez Ltd',15,40.00,64.400,61.80,98.5,22.900,88.7
'PE552342','Communication','Model-421','Jackson, Brown and James',2,41.00,67.200,56.90,6.3,62.200,82.8
'PE381691','Vehicle','Model-803','Harper Ltd',14,44.00,4.500,8.90,27.9,59.300,28.8
'PE322792','Safety','Model-811','Hines, Wood and Johnson',20,5.00,42.600,10.80,55.6,20.500,94.9
'PE989079','Safety','Model-705','Anderson-Alvarez',15,26.00,51.500,80.70,62.9,19.500,66.3
'PE886669','Communication','Model-472','Griffin-Banks',18,1.00,17.200,69.10,16.2,47.400,74.9
'PE391986','Shelter','Model-725','Alexander-Zimmerman',10,31.00,93.100,16.90,22.0,27.900,50.3
'PE336394','Safety','Model-618','Ball, Gordon and Wong',6,5.00,60.600,42.40,84.7,63.100,99.0
'PE904853','Vehicle','Model-323','Tran Inc',11,85.00,74.600,0.80,87.6,94.200,13.4
'PE276050','Safety','Model-431','Johnson Ltd',4,61.00,84.400,0.90,95.4,65.500,92.6
'PE792724','Vehicle','Model-905','Flores-Russo',6,36.00,72.200,65.90,91.2,13.800,96.5
'PE502906','Safety','Model-171','Brown-Johnson',19,81.00,8.200,59.10,45.7,32.100,53.0
'PE472437','Vehicle','Model-113','Carter-Simon',10,84.00,81.100,28.30,94.5,46.300,89.2
'PE851332','Shelter','Model-119','Anderson Group',12,61.00,52.900,47.60,7.1,91.900,30.8
'PE996565','Vehicle','Model-400','Schaefer PLC',3,85.00,12.700,49.90,7.2,23.000,12.8
'PE323157','Scientific','Model-406','Cook, Ortiz and Sullivan',3,53.00,78.300,50.90,6.8,70.500,91.4
'PE216954','Vehicle','Model-904','Rivers, Schmidt and Hunter',2,70.00,71.400,85.30,58.5,72.800,83.2
'PE513873','Safety','Model-577','Logan-Grant',12,44.00,94.000,97.50,47.8,10.900,46.0
'PE642455','Safety','Model-704','Orozco LLC',15,14.00,64.200,4.40,60.4,59.400,79.7
'PE696195','Vehicle','Model-354','Mcintyre-Diaz',16,59.00,10.100,9.60,64.1,82.200,54.2
'PE430994','Vehicle','Model-795','Aguilar-Bell',13,65.00,27.700,78.00,20.1,28.900,13.9
'PE927669','Generator','Model-108','Johnson LLC',17,24.00,62.100,88.90,6.3,16.700,77.7
'PE732475','Shelter','Model-522','Woods-Rodgers',17,47.00,22.400,46.60,54.7,23.000,29.7
'PE755488','Shelter','Model-899','Robles LLC',9,19.00,85.600,40.10,60.0,18.300,79.4
'PE435447','Communication','Model-347','Hernandez-Weber',20,37.00,85.900,64.20,92.5,62.400,62.5
'PE206398','Shelter','Model-848','Hull, Thompson and Huber',8,27.00,39.500,99.70,61.1,37.000,96.9
'PE364761','Generator','Model-597','Oneill, Hill and Hopkins',4,14.00,81.900,82.20,33.8,83.700,50.3
'PE815773','Shelter','Model-614','Lyons-Grant',17,55.00,31.800,41.10,25.8,97.100,11.1
'PE431108','Safety','Model-137','Pope, Edwards and Santiago',6,74.00,87.800,61.30,13.4,56.900,45.1
'PE310378','Communication','Model-361','Rogers-Rose',9,99.00,53.100,44.10,71.1,12.600,43.7
'PE360969','Shelter','Model-776','King, Hickman and Knight',1,94.00,49.700,86.20,76.2,26.400,28.0
'PE862059','Vehicle','Model-571','Lyons-Hicks',12,82.00,50.300,63.20,73.4,44.800,78.4
'PE710430','Shelter','Model-737','Brown-Miller',8,61.00,78.100,39.90,69.0,61.700,38.6
'PE692825','Generator','Model-169','Snyder LLC',8,11.00,60.800,12.00,77.6,51.800,28.5
'PE261327','Safety','Model-419','Bean-Jackson',10,24.00,11.400,4.10,22.0,96.800,51.0
'PE716890','Vehicle','Model-293','Weber-Lewis',18,51.00,24.900,16.60,75.0,69.500,94.4
'PE114399','Communication','Model-897','Barnes and Sons',10,49.00,82.600,18.30,85.5,11.800,77.6
'PE178288','Shelter','Model-373','Orr, Clark and Brown',20,42.00,53.300,41.40,37.7,41.400,47.6
'PE147025','Generator','Model-883','Martin, Gregory and Mcgrath',5,30.00,52.600,35.40,99.9,51.000,41.5
'PE410905','Safety','Model-387','Blanchard, Baker and Franklin',20,55.00,8.500,29.30,33.7,90.100,39.8
'PE780527','Vehicle','Model-307','Barry PLC',1,46.00,45.800,29.00,81.1,37.200,34.3
'PE776799','Vehicle','Model-735','Baxter Ltd',5,67.00,4.500,60.50,37.0,56.700,28.2
'PE338167','Generator','Model-704','Phillips-Acosta',16,85.00,95.400,61.70,99.4,56.700,96.1
'PE165412','Communication','Model-245','Smith-Banks',8,26.00,55.200,12.90,22.0,29.100,81.9
'PE630070','Safety','Model-759','Ritter Group',6,46.00,97.900,24.80,97.4,78.800,77.0
'PE930262','Scientific','Model-364','Carpenter, Solis and Patton',10,94.00,69.000,78.00,71.6,89.300,51.7
'PE187687','Communication','Model-638','Johnston-Weaver',10,23.00,91.400,51.40,90.5,0.900,84.3
'PE891385','Shelter','Model-107','Gordon LLC',5,23.00,15.900,65.60,16.2,18.100,72.1
'PE408994','Scientific','Model-687','Morris, Bowen and Hill',16,72.00,52.700,70.50,10.0,48.400,77.9
'PE215787','Generator','Model-685','Johnson Inc',2,94.00,59.900,60.00,77.3,6.800,51.7
'PE133392','Communication','Model-461','David, Gonzalez and King',11,43.00,47.600,0.10,95.0,53.300,31.6
'PE954269','Generator','Model-277','Jordan Group',18,89.00,37.500,76.70,36.1,15.300,18.7
'PE949071','Vehicle','Model-793','Wilson, Hubbard and Santos',15,25.00,31.300,69.10,74.1,21.000,86.5
'PE774336','Generator','Model-248','Hamilton-Doyle',1,75.00,8.000,80.90,27.6,55.400,77.5
'PE690600','Communication','Model-566','Barnes-Hodge',19,31.00,98.900,97.60,19.7,84.700,96.9
'PE626067','Safety','Model-988','Johnson Ltd',8,49.00,32.600,9.90,14.2,78.500,28.7
'PE906767','Scientific','Model-585','Pittman Group',2,21.00,98.800,75.00,0.3,58.500,58.8
'PE409759','Shelter','Model-108','Garcia Ltd',12,19.00,21.500,42.20,34.6,32.600,13.7
'PE853826','Safety','Model-386','Terry, Kelley and Perkins',14,81.00,9.000,8.70,85.1,75.300,83.4
'PE122925','Scientific','Model-984','Keller-Carter',6,34.00,90.200,3.00,41.6,63.000,12.5
'PE810939','Safety','Model-337','Lee, Miller and Evans',8,54.00,36.500,25.10,74.8,41.300,35.9
'PE844257','Shelter','Model-171','Rodriguez Group',16,36.00,88.100,4.30,45.9,62.800,49.6
'PE963481','Scientific','Model-969','Cross Ltd',2,0.00,15.700,68.30,54.2,94.300,73.3
'PE786461','Scientific','Model-790','Miles-Peters',14,67.00,12.600,43.20,61.8,90.500,37.8
'PE836977','Safety','Model-673','Willis-Malone',10,62.00,27.600,14.40,27.5,18.600,10.3
'PE811499','Communication','Model-222','Clark, Roberts and Barnes',7,60.00,38.500,26.00,48.2,40.500,89.2
'PE236822','Safety','Model-483','Potter and Sons',17,62.00,78.000,80.70,98.2,73.300,20.9
'PE836106','Generator','Model-824','Hunter-Mccoy',6,73.00,18.400,70.90,69.5,17.500,42.9
'PE786030','Shelter','Model-175','Jacobson, Kramer and Mejia',5,51.00,94.300,30.30,47.1,92.300,36.9
'PE238099','Generator','Model-368','Woods, Patrick and Allen',19,61.00,90.900,93.90,32.6,53.800,93.2
'PE691843','Safety','Model-526','Sanders-Chen',20,1.00,69.000,34.80,66.5,76.100,53.7
'PE279224','Shelter','Model-341','Ferguson, Edwards and Taylor',5,90.00,45.900,68.50,18.6,35.100,47.6
'PE849070','Shelter','Model-253','Foster Inc',8,14.00,62.000,43.00,14.5,21.100,41.7
'PE347838','Scientific','Model-336','Harvey Ltd',15,52.00,16.700,68.90,66.3,22.300,60.5
'PE819710','Safety','Model-362','Jones-Ortiz',3,85.00,62.700,61.00,16.8,55.000,29.5
'PE549721','Communication','Model-596','Walls Ltd',3,27.00,50.900,8.60,18.8,61.100,25.8
'PE191820','Generator','Model-787','Dickerson PLC',5,55.00,3.800,6.00,4.0,15.800,61.7
'PE428329','Generator','Model-935','Hernandez and Sons',3,97.00,5.100,59.10,68.5,98.900,17.5
'PE385270','Communication','Model-951','Maldonado-Hill',4,37.00,22.100,31.00,56.6,12.900,17.7
'PE826660','Safety','Model-791','Moore-Robinson',6,29.00,46.500,76.00,52.5,52.100,23.9
'PE198229','Communication','Model-240','Webb-Hamilton',10,94.00,26.500,53.30,46.3,58.100,23.0
'PE449034','Safety','Model-667','Moore, Rosales and Sanchez',14,97.00,98.000,19.60,23.9,19.000,48.8
'PE612256','Generator','Model-490','Murphy, Riley and King',20,87.00,65.400,43.40,35.5,56.100,53.9
'PE614361','Shelter','Model-441','Andrews Ltd',16,68.00,59.700,68.60,41.4,92.700,60.7
'PE317571','Generator','Model-156','Jones-Bell',6,72.00,78.200,62.50,11.4,11.400,59.6
'PE312213','Scientific','Model-501','Kelly, Fry and Smith',13,46.00,76.900,37.60,6.0,63.600,25.7
'PE650877','Safety','Model-277','Mathis, Reyes and Gray',9,6.00,96.500,52.00,62.8,71.000,63.5
'PE111272','Communication','Model-967','Moreno, Woods and Brown',4,20.00,20.700,82.80,41.8,70.400,97.8
'PE220604','Shelter','Model-357','Ross-Wolfe',14,38.00,27.600,63.30,30.6,26.800,8.7
'PE817535','Vehicle','Model-839','Morrison Group',17,8.00,24.300,26.40,78.3,38.800,15.5
'PE666303','Generator','Model-601','Williams LLC',15,48.00,36.500,89.80,90.2,95.500,47.4
'PE436919','Communication','Model-879','Baker, Campbell and Green',11,0.00,2.500,55.70,92.7,4.900,47.9
'PE817690','Shelter','Model-736','Bishop PLC',11,95.00,23.900,59.80,72.2,41.200,94.8
'PE872264','Scientific','Model-200','Clark Inc',16,33.00,58.300,53.70,93.7,4.600,51.4
'PE808195','Communication','Model-725','Sparks, Thomas and Anderson',9,24.00,18.600,93.20,48.2,94.000,52.2
'PE186842','Scientific','Model-538','Hayden, King and Griffin',5,76.00,84.000,67.70,91.7,81.100,41.1
'PE238791','Safety','Model-257','Anderson PLC',5,8.00,53.300,65.00,57.6,36.000,96.0
'PE332750','Vehicle','Model-964','Johnson-Hill',11,56.00,26.500,36.40,82.9,13.100,23.5
'PE245518','Vehicle','Model-120','Rice, Wiggins and Bass',14,4.00,88.500,76.50,20.2,84.000,52.9
'PE287894','Scientific','Model-542','Hodges-Floyd',18,91.00,18.500,11.40,88.5,47.000,11.8
'PE752416','Vehicle','Model-211','Vaughan-Carlson',5,66.00,14.600,68.80,91.6,79.400,42.6
'PE793390','Shelter','Model-964','Mcmillan Inc',17,84.00,43.400,98.00,93.6,52.400,95.7
'PE191281','Scientific','Model-580','Walters, Thompson and Lee',3,9.00,73.900,48.80,82.5,67.200,73.0
'PE489363','Scientific','Model-724','Ross, Frazier and Davis',5,96.00,29.700,69.30,47.7,86.900,78.1
'PE392530','Safety','Model-186','Ray-Hernandez',15,41.00,18.300,94.40,87.1,22.000,37.2
'PE753222','Communication','Model-245','Turner-Colon',5,95.00,19.600,4.00,83.3,22.500,75.3
'PE168708','Generator','Model-668','Thomas, Ray and Fritz',16,75.00,99.700,98.70,31.0,37.100,26.0
'PE273375','Scientific','Model-813','Ochoa-Bailey',9,33.00,93.600,2.80,47.8,20.000,40.1
'PE668625','Communication','Model-950','Christensen-Cook',10,11.00,67.500,73.30,53.3,62.800,76.0
'PE109134','Generator','Model-746','Vega-Zhang',11,18.00,27.700,8.10,48.7,51.600,16.4
'PE484328','Safety','Model-875','Lopez and Sons',18,70.00,93.500,69.40,57.4,3.100,13.8
'PE776330','Scientific','Model-366','Morgan, Perez and Nielsen',12,94.00,4.800,80.70,6.6,46.700,46.8
'PE111840','Generator','Model-581','Meyer Ltd',1,4.00,80.300,73.00,73.8,37.900,17.8
'PE643642','Safety','Model-874','Cardenas Inc',7,75.00,88.600,71.20,23.7,54.300,71.3
'PE427081','Scientific','Model-752','Green-Smith',20,43.00,95.000,59.50,5.3,98.300,43.7
'PE985216','Scientific','Model-805','Burns, Torres and Blackburn',3,40.00,59.800,57.10,36.0,7.700,52.1
'PE760191','Shelter','Model-355','Schwartz, Brown and Evans',15,24.00,83.500,28.70,34.9,89.000,54.7
'PE765138','Safety','Model-112','Torres-Johnson',13,29.00,32.300,48.80,85.3,97.900,60.6
'PE435994','Shelter','Model-562','Alvarez Ltd',11,42.00,26.500,4.80,25.6,75.100,95.5
'PE144747','Generator','Model-713','Hoffman, Jones and Zimmerman',18,46.00,96.900,72.50,82.3,9.700,24.3
'PE557819','Vehicle','Model-511','Sandoval-Harper',15,51.00,71.500,59.40,39.0,32.500,39.1
'PE576356','Vehicle','Model-472','Medina-Adams',5,41.00,49.800,3.40,0.9,40.800,2.6
'PE941435','Communication','Model-498','Guerrero, Smith and Williams',10,86.00,8.300,99.30,67.5,78.700,36.6
'PE253347','Scientific','Model-800','Boyd, Jones and Lewis',10,86.00,99.200,88.10,25.4,21.600,49.9
'PE673832','Scientific','Model-632','Bell-Frank',12,4.00,47.200,99.00,59.1,70.800,59.4
'PE321160','Safety','Model-977','Mcgee, Ortiz and Adams',10,98.00,78.500,6.60,25.0,8.900,23.9
'PE841724','Safety','Model-503','Wallace Group',11,74.00,6.400,6.90,61.1,86.000,46.9
'PE825925','Vehicle','Model-906','Harris-Walker',12,54.00,15.500,51.30,83.7,26.100,41.0
'PE524688','Scientific','Model-661','Dougherty-Le',4,88.00,17.000,86.00,18.6,6.600,19.7
'PE554401','Scientific','Model-148','Bailey Ltd',11,12.00,88.600,47.20,10.1,2.200,54.8
'PE412929','Shelter','Model-706','Chandler-Tyler',10,13.00,16.200,66.80,15.9,49.300,32.3
'PE192034','Generator','Model-355','Jones LLC',1,85.00,82.900,88.40,67.3,90.400,27.2
'PE284138','Vehicle','Model-666','Ross, Myers and Marshall',2,18.00,41.100,14.90,32.7,9.500,77.4
'PE193613','Shelter','Model-961','James, Moore and Bailey',11,69.00,86.100,81.80,66.8,19.800,27.4
'PE310821','Generator','Model-639','Garrett, Wilson and Estrada',18,62.00,57.400,32.90,4.0,95.400,47.8
'PE121950','Safety','Model-354','Garrett-Fischer',6,86.00,84.300,97.40,86.7,63.400,16.8
'PE317105','Shelter','Model-205','Adams Inc',19,86.00,72.700,42.40,33.4,52.700,5.3
'PE352031','Safety','Model-495','Mann-Jimenez',14,70.00,89.400,54.60,66.2,92.800,39.5
'PE657069','Shelter','Model-569','Tapia-Hanna',5,80.00,49.600,59.70,10.8,98.100,42.5
'PE744288','Generator','Model-206','Lozano, Bell and Cross',19,45.00,92.000,46.10,20.4,66.700,36.3
'PE895508','Vehicle','Model-592','King Ltd',17,58.00,52.500,83.80,1.1,0.500,34.6
'PE292598','Scientific','Model-917','Hunter, Wang and Hall',9,48.00,56.200,52.00,58.7,55.500,57.9
'PE424860','Scientific','Model-208','Perkins, Hudson and Ferrell',2,40.00,25.300,78.00,25.7,81.200,6.3
'PE314234','Shelter','Model-553','Miller, Dixon and Anderson',10,49.00,49.400,1.30,50.1,17.500,95.7
'PE435248','Vehicle','Model-746','Brown-Ford',9,47.00,42.300,33.50,12.1,72.100,61.9
'PE387044','Safety','Model-369','Christensen, Vasquez and Phillips',16,8.00,60.000,75.40,89.6,83.800,2.6
'PE947568','Safety','Model-884','Russo, Burns and Levy',3,16.00,37.300,46.90,23.7,36.500,49.2
'PE641346','Scientific','Model-917','Vaughn, Henry and West',16,25.00,21.500,25.30,85.2,35.100,54.4
'PE912118','Generator','Model-852','Willis and Sons',13,27.00,11.900,17.90,31.2,94.600,76.0
'PE274210','Scientific','Model-502','Porter, Simmons and Sutton',20,16.00,97.400,94.40,4.7,88.100,22.2
'PE881172','Shelter','Model-127','Garcia PLC',2,23.00,60.000,81.40,81.2,22.700,94.6
'PE914079','Scientific','Model-137','Huber Inc',5,85.00,95.800,21.60,47.5,92.000,31.8
'PE969328','Generator','Model-556','Mason-Owens',5,8.00,11.000,72.50,3.1,55.400,99.1
'PE502832','Shelter','Model-654','Taylor-Marshall',6,1.00,75.100,35.80,53.1,42.300,15.2
'PE444562','Vehicle','Model-815','Camacho LLC',9,42.00,81.800,50.90,18.2,76.800,6.5
'PE415042','Vehicle','Model-732','Wiggins-Carrillo',10,79.00,51.600,3.40,17.4,96.700,20.1
'PE981883','Vehicle','Model-291','Watson-Davis',12,62.00,49.900,70.80,97.4,49.000,8.6
'PE222130','Communication','Model-110','Velasquez, Johnson and Scott',3,86.00,15.700,43.20,56.0,38.800,26.8
'PE473305','Vehicle','Model-967','Mann, Moon and Harrison',12,49.00,10.200,79.90,36.6,58.100,66.5
'PE889239','Safety','Model-993','Miller Inc',18,53.00,9.100,62.90,33.9,26.300,58.7
'PE540841','Scientific','Model-719','Harper-Ryan',2,86.00,34.300,40.00,91.5,41.500,25.2
'PE405919','Communication','Model-204','Sharp-Vega',11,16.00,41.800,94.30,58.5,62.800,89.7
'PE884458','Scientific','Model-279','Smith-Fernandez',8,69.00,67.800,1.30,85.9,70.400,19.6
'PE558308','Vehicle','Model-274','Johnson Group',1,67.00,19.300,1.70,64.8,28.100,30.0
'PE281513','Vehicle','Model-961','Warren-Lee',11,81.00,82.400,81.80,5.7,89.900,68.3
'PE447845','Shelter','Model-583','Collins, Kelly and Valdez',1,71.00,9.700,15.40,7.4,80.000,41.0
'PE846355','Shelter','Model-538','Rivera LLC',11,46.00,64.400,73.20,11.0,74.200,36.7
'PE914541','Generator','Model-562','Klein-Pierce',1,4.00,6.200,29.50,79.9,78.700,53.4
'PE834044','Generator','Model-286','Jones, Carr and Mills',20,35.00,35.300,8.80,50.0,13.200,61.9
'PE407486','Vehicle','Model-592','Miller-Joyce',20,71.00,94.300,11.40,32.4,75.900,86.9
'PE194942','Scientific','Model-383','Sanford, Wagner and Villegas',19,28.00,35.100,76.90,85.7,9.000,49.6
'PE448774','Vehicle','Model-304','Bradshaw-Hester',20,76.00,20.200,83.80,92.6,75.300,99.8
'PE103362','Safety','Model-265','Patterson, Hale and Roman',1,74.00,43.400,64.50,69.5,69.200,67.2
'PE757651','Vehicle','Model-126','Cruz, Roy and Cole',6,65.00,58.900,84.30,33.9,58.900,20.3
'PE287923','Safety','Model-944','Reyes-Koch',2,64.00,53.300,77.50,13.0,31.400,41.9
'PE579809','Scientific','Model-766','Joseph and Sons',8,65.00,63.500,99.70,5.6,65.000,42.9
'PE420174','Scientific','Model-733','Werner-Carlson',15,31.00,56.100,76.60,1.8,54.700,22.3
'PE444453','Shelter','Model-778','Morse Ltd',16,66.00,11.000,59.30,2.9,54.400,22.9
'PE569112','Generator','Model-911','Barrett-Schultz',6,45.00,53.600,64.90,97.3,29.400,92.5
'PE703067','Scientific','Model-418','Coleman-Martin',5,12.00,73.900,22.40,6.8,40.000,44.8
'PE298974','Shelter','Model-951','Gutierrez-Gallagher',20,68.00,84.400,86.80,87.5,90.500,11.9
'PE521074','Communication','Model-894','Knox, Woodard and Mann',10,79.00,9.600,89.60,56.9,82.700,70.2
'PE872778','Scientific','Model-626','Hill, Gregory and Obrien',20,99.00,54.300,34.20,35.0,19.000,53.4
'PE951990','Vehicle','Model-948','Scott-Burke',3,29.00,3.200,79.60,28.9,80.700,50.5
'PE154683','Safety','Model-604','Butler and Sons',5,74.00,71.000,4.20,83.8,22.000,32.0
'PE416443','Scientific','Model-648','White LLC',8,77.00,74.900,43.10,53.7,66.300,80.6
'PE899568','Vehicle','Model-700','Patterson LLC',20,63.00,55.300,44.80,55.6,31.800,85.4
'PE571552','Shelter','Model-630','Adams Ltd',19,59.00,1.200,89.50,95.2,84.300,42.9
'PE856942','Communication','Model-936','Franklin Group',13,59.00,3.300,17.50,85.4,31.100,15.3
'PE868411','Vehicle','Model-636','Price Ltd',8,67.00,33.200,41.20,62.3,7.100,75.4
'PE477914','Scientific','Model-630','Thomas and Sons',4,46.00,3.300,83.70,99.6,33.800,80.9
'PE726757','Vehicle','Model-532','Weiss Ltd',9,62.00,66.500,85.70,35.2,27.300,71.7
'PE745542','Vehicle','Model-695','Foster, Rubio and Johnson',5,12.00,92.900,59.60,89.7,33.800,14.3
'PE420431','Shelter','Model-497','Phillips, Matthews and Hurley',14,30.00,55.900,11.00,13.2,74.700,75.0
'PE491949','Vehicle','Model-572','Hines Ltd',8,93.00,89.900,37.60,61.1,91.300,22.7
'PE768186','Vehicle','Model-743','Mendoza Inc',10,48.00,1.000,66.60,52.5,98.100,86.4
'PE768299','Communication','Model-223','Phillips-Mckay',2,88.00,34.100,27.50,29.0,53.100,40.0
'PE108953','Shelter','Model-515','Herrera Group',19,88.00,2.100,39.40,18.4,64.400,40.1
'PE258134','Communication','Model-777','Curtis, Holder and Rangel',7,2.00,40.500,23.80,85.6,70.600,42.1
'PE675360','Scientific','Model-728','Stanton-Yang',8,77.00,95.100,29.00,33.6,62.000,56.8
'PE280407','Scientific','Model-103','Gordon, Bradford and Rangel',9,55.00,79.200,53.80,25.6,28.200,55.6
'PE820607','Shelter','Model-835','Ortiz Inc',17,26.00,86.200,96.80,33.1,97.400,72.3
'PE579629','Safety','Model-989','Keith, Vasquez and Parker',4,46.00,5.600,23.80,22.7,95.100,55.6
'PE656062','Scientific','Model-942','Villanueva PLC',17,78.00,87.100,80.50,6.0,57.200,74.2
'PE813989','Shelter','Model-403','Ritter-Moore',11,70.00,78.700,55.50,71.2,95.900,92.5
'PE116202','Shelter','Model-716','Harvey, Gonzalez and Wright',11,31.00,76.200,64.70,3.0,61.700,68.0
'PE716318','Vehicle','Model-145','Bell Group',13,35.00,30.100,28.80,61.0,23.200,37.8
'PE801832','Vehicle','Model-898','Taylor Inc',3,47.00,22.700,82.40,53.7,20.900,13.4
'PE795439','Scientific','Model-193','Fisher-Long',6,91.00,94.300,18.40,72.4,34.700,6.3
'PE524851','Safety','Model-755','Stanton, Burns and Scott',17,45.00,15.100,37.10,94.3,3.200,41.6
'PE714558','Vehicle','Model-967','Hendrix, Ellis and Stone',20,21.00,86.000,17.30,90.9,12.900,2.2
'PE626991','Scientific','Model-847','Roberts, Jones and Miller',2,79.00,1.300,99.20,95.5,81.800,49.3
'PE654326','Vehicle','Model-271','Butler Ltd',14,41.00,84.400,61.80,79.8,43.000,14.9
'PE458880','Safety','Model-876','Dean Ltd',10,28.00,43.600,51.50,4.2,69.900,40.9
'PE263918','Safety','Model-915','Harrison and Sons',5,97.00,44.800,94.00,91.8,83.000,93.4
'PE333945','Communication','Model-150','Garrett, Franklin and Baker',5,47.00,17.100,55.20,85.0,45.300,25.1
'PE229619','Shelter','Model-332','Ayers-Smith',6,29.00,17.100,11.80,55.4,71.100,25.9
'PE102028','Vehicle','Model-349','Leon, Kaufman and Park',18,50.00,34.000,28.80,80.4,6.800,94.2
'PE976836','Scientific','Model-641','Sutton, Johnston and Dawson',14,64.00,16.700,20.40,96.4,93.700,75.6
'PE347416','Scientific','Model-963','Edwards Inc',10,52.00,72.700,25.80,12.0,42.100,12.0
'PE110574','Vehicle','Model-992','Le-Ferrell',3,98.00,76.600,2.20,62.8,3.200,88.2
'PE894156','Generator','Model-840','Scott-Long',8,85.00,10.800,34.30,73.7,37.600,0.4
'PE747978','Communication','Model-676','Meyers, Flores and Cox',19,84.00,89.900,52.40,9.1,60.500,87.3
'PE567206','Shelter','Model-893','White, Long and Shannon',19,83.00,67.200,64.60,15.8,83.100,20.4
'PE161000','Safety','Model-914','Roberts-Vaughn',10,80.00,82.900,82.40,42.8,32.900,4.3
'PE145980','Safety','Model-943','Harrington-Kim',5,4.00,62.600,54.20,58.7,46.500,48.6
'PE811527','Generator','Model-270','Perez Inc',7,80.00,58.700,19.40,84.8,31.100,63.2
'PE523614','Communication','Model-549','Knight and Sons',2,45.00,56.700,65.40,84.2,50.000,21.8
'PE987358','Vehicle','Model-348','Hughes-Hood',14,29.00,48.400,53.70,3.4,68.300,97.2
'PE252850','Communication','Model-378','White, Ramos and Bradshaw',9,55.00,89.400,5.60,9.7,18.400,4.4
'PE912339','Scientific','Model-342','Wade Group',3,61.00,2.500,22.80,18.6,44.500,36.3
'PE871270','Shelter','Model-387','Griffin-Silva',4,61.00,10.100,81.20,11.6,36.300,11.1
'PE800481','Scientific','Model-941','Conway LLC',15,9.00,10.600,87.00,91.0,13.300,97.7
'PE199755','Safety','Model-798','Abbott Inc',1,52.00,85.000,95.80,88.8,59.600,30.1
'PE690146','Safety','Model-372','Shah PLC',10,91.00,48.800,25.30,67.1,89.700,92.8
'PE722393','Scientific','Model-503','Webb Inc',7,92.00,86.900,53.40,24.1,3.800,76.0
'PE155415','Communication','Model-358','Fleming-Malone',9,25.00,95.300,48.00,96.5,82.800,10.7
'PE686061','Generator','Model-959','Ortega Ltd',15,1.00,47.200,51.50,54.1,63.600,3.3
'PE623547','Scientific','Model-494','Fisher PLC',16,82.00,10.400,18.10,95.1,42.600,79.6
'PE821331','Scientific','Model-456','Jones Inc',10,97.00,57.400,77.00,84.5,95.000,5.0
'PE523796','Communication','Model-778','Nelson Inc',11,42.00,32.000,63.30,75.4,9.300,26.4
'PE151340','Generator','Model-652','Bennett, Hernandez and Lee',17,30.00,15.900,29.20,88.7,84.600,57.7
'PE944729','Shelter','Model-277','Powell Group',14,73.00,55.100,39.00,19.8,54.400,12.0
'PE493691','Shelter','Model-295','Suarez Ltd',8,58.00,21.200,82.50,1.3,70.300,16.2
'PE588969','Safety','Model-381','Stevenson, Pierce and Long',1,53.00,36.900,21.70,45.0,81.500,69.0
'PE280807','Vehicle','Model-919','Johnson, Larson and Wheeler',5,86.00,43.000,68.40,81.1,58.200,29.9
'PE248888','Scientific','Model-790','Keith Ltd',10,21.00,27.100,0.30,66.8,3.300,58.6
'PE968498','Communication','Model-933','Cameron, Duffy and Gonzalez',19,32.00,69.300,59.50,65.9,52.700,24.6
'PE897777','Vehicle','Model-273','Simmons, Cohen and Hamilton',7,73.00,42.100,76.20,97.0,77.700,25.5
'PE563004','Safety','Model-215','Wilson Ltd',4,36.00,5.800,19.70,76.3,80.500,52.0
'PE534437','Vehicle','Model-774','Kline-Bishop',12,84.00,19.000,16.30,96.8,25.300,84.6
'PE658778','Generator','Model-545','Castillo Group',5,69.00,64.200,56.90,70.6,99.000,32.6
'PE397934','Scientific','Model-541','Mccoy, Hernandez and Faulkner',19,71.00,31.100,72.20,49.8,11.100,2.0
'PE621914','Communication','Model-714','James-Cantu',2,94.00,99.700,12.00,58.0,17.900,88.7
'PE869346','Communication','Model-162','Johnson-Mccoy',3,63.00,19.400,37.60,23.0,87.900,36.8
'PE710424','Scientific','Model-709','Gallagher-Hicks',7,24.00,80.100,79.10,65.9,42.100,79.3
'PE798560','Communication','Model-103','Martinez PLC',20,61.00,41.600,30.30,80.6,67.800,26.5
'PE333834','Generator','Model-542','Garcia, Sims and Johnson',5,35.00,65.800,38.70,58.7,94.700,65.7
'PE880750','Shelter','Model-355','Leblanc-Griffith',5,87.00,44.600,91.10,14.0,74.200,94.6
'PE114531','Communication','Model-502','Greene, Bryant and Riley',7,6.00,80.000,12.60,80.6,47.700,52.1
'PE541422','Shelter','Model-498','Stevens PLC',9,97.00,75.700,86.60,69.2,45.200,27.9
'PE460299','Safety','Model-431','Forbes, Dawson and Sampson',3,58.00,81.900,77.10,64.9,5.100,11.8
'PE930067','Shelter','Model-531','Sullivan, Guerrero and Norman',8,63.00,46.300,71.50,23.6,80.000,93.4
'PE943781','Generator','Model-175','Lewis, Charles and Flynn',20,19.00,44.400,63.60,82.0,85.900,79.4
'PE272149','Scientific','Model-788','Griffin-Taylor',13,54.00,44.300,42.10,70.1,21.700,12.6
'PE923029','Communication','Model-289','Rivera and Sons',3,100.00,30.400,58.10,65.5,84.500,55.3
'PE253386','Shelter','Model-896','Young PLC',13,34.00,10.300,54.40,74.9,70.500,60.7
'PE246245','Communication','Model-350','Zimmerman, Shaw and Jensen',11,45.00,91.100,68.30,73.4,84.700,45.1
'PE927639','Scientific','Model-783','Marks Ltd',19,74.00,88.700,45.10,28.2,37.000,43.3
'PE251279','Shelter','Model-321','Mack, Chandler and Nguyen',12,79.00,75.800,83.10,16.4,75.300,56.7
'PE168686','Scientific','Model-774','Flores, Davis and Sanchez',16,9.00,63.100,28.70,11.5,78.000,53.5
'PE350998','Safety','Model-760','Burke-Butler',4,30.00,67.500,42.40,59.1,63.000,9.1
'PE217602','Generator','Model-302','Parker Group',3,32.00,11.800,67.00,65.2,48.800,50.2
'PE398223','Shelter','Model-223','Bright Ltd',11,27.00,11.800,57.70,0.7,40.900,52.4
'PE925577','Vehicle','Model-926','Kennedy, Reed and Smith',2,5.00,92.100,73.90,19.4,46.500,16.3
'PE404422','Communication','Model-279','Bennett, Sullivan and Tucker',14,14.00,25.800,3.60,21.5,92.000,11.3
'PE677442','Generator','Model-940','Pugh Group',11,62.00,99.500,43.00,81.4,59.100,63.2
'PE218343','Safety','Model-914','Branch-Eaton',9,33.00,79.100,10.00,76.1,6.600,5.6
'PE831311','Communication','Model-720','Dominguez-Odonnell',14,78.00,11.000,94.40,39.6,64.600,76.0
'PE794498','Communication','Model-344','Torres, Flores and Noble',7,30.00,47.700,95.70,91.9,7.900,29.0
'PE930095','Communication','Model-346','Allen, Powell and Ayala',14,93.00,74.300,11.50,6.4,35.300,90.2
'PE162451','Scientific','Model-591','Gardner-Dixon',10,39.00,91.800,33.10,68.8,30.800,98.5
'PE521809','Communication','Model-542','Young-Vasquez',13,12.00,62.200,27.20,55.2,11.800,77.9
'PE496465','Safety','Model-220','Ortiz-Adams',1,40.00,7.200,98.30,78.2,16.100,17.3
'PE562081','Generator','Model-656','Gutierrez, Johnston and Knight',6,96.00,70.100,58.80,8.6,9.700,48.1
'PE152151','Vehicle','Model-825','Blair, Hamilton and Stuart',9,89.00,74.300,65.30,16.5,72.600,50.8
'PE365905','Shelter','Model-198','Carr Inc',10,66.00,86.900,27.40,64.2,17.600,53.4
'PE989552','Shelter','Model-190','Bernard Inc',9,60.00,21.900,77.20,52.9,76.700,82.9
'PE818995','Communication','Model-666','Harrison-Johnson',5,65.00,48.700,34.10,93.8,84.100,96.7
'PE162532','Communication','Model-136','Swanson Inc',12,41.00,7.900,71.30,71.3,0.900,39.8
'PE134916','Communication','Model-252','Russo, Nicholson and Bell',7,83.00,21.500,62.10,77.2,69.500,11.1
'PE716130','Communication','Model-313','Miranda LLC',2,78.00,42.300,6.00,67.2,0.200,73.2
'PE831432','Vehicle','Model-144','Shannon Group',19,58.00,11.700,25.30,39.6,68.500,53.9
'PE835182','Shelter','Model-817','Ramos, Obrien and Cain',19,31.00,10.100,79.80,12.2,68.000,75.5
'PE164226','Safety','Model-958','Pierce, Hoover and Luna',12,18.00,47.000,76.60,70.8,77.300,77.4
'PE489715','Generator','Model-281','Pearson, Gibson and Hubbard',5,59.00,48.100,9.00,45.8,38.300,22.1
'PE243644','Scientific','Model-265','Crane and Sons',1,22.00,40.900,5.20,98.4,13.900,29.1
'PE339294','Shelter','Model-951','Johnson, Lee and Clark',20,26.00,3.100,73.30,54.3,83.800,99.4
'PE431726','Vehicle','Model-561','Reed-Reed',19,65.00,98.500,12.70,68.6,87.700,16.3
'PE418682','Vehicle','Model-856','Ramirez Ltd',19,62.00,40.200,78.00,88.4,38.900,81.1
'PE925189','Scientific','Model-147','Padilla-Whitaker',2,59.00,59.200,97.30,30.2,85.700,39.2
'PE415994','Scientific','Model-627','Flores, Williams and Conway',1,37.00,17.900,13.60,59.6,72.100,59.4
'PE747086','Scientific','Model-473','Prince, Tran and Dickerson',6,82.00,46.400,29.40,45.7,40.400,70.2
'PE506098','Vehicle','Model-108','Barber and Sons',18,73.00,32.100,5.10,38.6,95.300,19.4
'PE936376','Safety','Model-723','Robinson Ltd',20,44.00,14.600,58.90,25.7,52.800,22.0
'PE842980','Vehicle','Model-808','Johnson Group',18,17.00,34.800,28.30,23.8,63.200,80.8
'PE380656','Vehicle','Model-268','Alexander-Owens',1,90.00,81.600,19.60,76.2,94.400,38.8
'PE247407','Scientific','Model-858','Chavez-Johnson',3,86.00,0.100,84.00,29.9,86.300,33.0
'PE894180','Scientific','Model-165','Evans PLC',9,17.00,33.700,48.40,89.9,19.100,93.2
'PE466707','Scientific','Model-647','Garner-Washington',4,92.00,20.300,55.60,14.1,52.600,72.3
