1,'PE593707','Standby','Active','Error','Valid',99.55
2,'PE292528','Operating','Active','Error','Due',69.64
3,'PE617633','Fault','Paused','Error','Due',89.82
4,'PE991302','Fault','Active','Error','Valid',11.01
5,'PE669257','Fault','Active','Error','Valid',87.26
6,'PE615899','Standby','Active','Normal','Due',99.43
7,'PE218333','Fault','Error','Normal','Due',21.1
8,'PE679897','Standby','Active','Normal','Expired',13.67
9,'PE752240','Standby','Paused','Warning','Expired',91.86
10,'PE665932','Fault','Active','Warning','Valid',72.18
11,'PE408827','Fault','Active','Warning','Due',87.19
12,'PE857355','Operating','Error','Error','Due',3.92
13,'PE527247','Fault','Error','Warning','Due',0.53
14,'PE998584','Fault','Active','Warning','Valid',0.25
15,'PE456705','Operating','Paused','Error','Expired',78.88
16,'PE554570','Operating','Active','Warning','Due',92.58
17,'PE230983','Operating','Active','Normal','Expired',96.63
18,'PE249546','Operating','Active','Normal','Due',92.73
19,'PE700884','Operating','Paused','Normal','Due',8.3
20,'PE504969','Standby','Active','Error','Valid',20.81
21,'PE150141','Operating','Error','Normal','Valid',22.87
22,'PE288291','Operating','Active','Normal','Valid',95.95
23,'PE984340','Fault','Error','Normal','Due',58.37
24,'PE625555','Operating','Active','Error','Expired',60.66
25,'PE979703','Standby','Error','Warning','Expired',87.46
26,'PE604010','Operating','Error','Normal','Expired',71.57
27,'PE393061','Operating','Error','Error','Expired',37.09
28,'PE108108','Operating','Paused','Warning','Due',80.82
29,'PE550417','Operating','Paused','Error','Expired',64.63
30,'PE660224','Standby','Paused','Error','Expired',4.67
31,'PE171947','Fault','Error','Normal','Valid',64.52
32,'PE797950','Fault','Active','Normal','Valid',40.67
33,'PE526709','Standby','Active','Error','Due',49.95
34,'PE819448','Fault','Paused','Error','Expired',73.03
35,'PE496485','Standby','Paused','Warning','Due',66.69
36,'PE808742','Standby','Paused','Normal','Valid',0.54
37,'PE353523','Fault','Active','Error','Expired',78.05
38,'PE486690','Fault','Paused','Normal','Valid',25.12
39,'PE245161','Operating','Active','Normal','Valid',45.39
40,'PE143333','Fault','Active','Error','Due',31.39
41,'PE803946','Standby','Error','Error','Due',96.05
42,'PE149501','Standby','Active','Normal','Expired',77.62
43,'PE641342','Fault','Paused','Error','Valid',6.91
44,'PE702097','Fault','Error','Normal','Expired',31.77
45,'PE158907','Standby','Error','Warning','Expired',1.59
46,'PE388337','Standby','Active','Warning','Due',81.04
47,'PE849807','Standby','Error','Warning','Expired',63.64
48,'PE185934','Fault','Active','Error','Due',33.36
49,'PE644868','Fault','Error','Normal','Valid',60.35
50,'PE566902','Operating','Error','Error','Due',65.28
51,'PE593084','Standby','Error','Warning','Valid',3.38
52,'PE753858','Operating','Active','Warning','Due',74.96
53,'PE467205','Operating','Paused','Warning','Valid',5.65
54,'PE615712','Operating','Error','Error','Due',59.29
55,'PE129437','Fault','Paused','Warning','Expired',54.51
56,'PE172120','Standby','Paused','Normal','Expired',63.33
57,'PE954298','Standby','Paused','Error','Valid',36.99
58,'PE142512','Operating','Error','Warning','Expired',1.59
59,'PE514481','Operating','Active','Error','Expired',63.61
60,'PE432586','Standby','Error','Warning','Due',47.81
61,'PE562948','Fault','Active','Error','Valid',60.36
62,'PE537344','Standby','Paused','Error','Valid',85.13
63,'PE586784','Standby','Error','Error','Due',48.42
64,'PE164420','Standby','Error','Normal','Due',43.9
65,'PE624350','Operating','Paused','Warning','Valid',80.23
66,'PE609009','Standby','Error','Normal','Due',32.67
67,'PE462707','Fault','Error','Error','Expired',6.99
68,'PE599287','Standby','Error','Normal','Due',20.55
69,'PE393792','Standby','Paused','Normal','Due',5.61
70,'PE662221','Standby','Error','Warning','Expired',47.69
71,'PE174904','Standby','Error','Warning','Valid',76.63
72,'PE554227','Fault','Paused','Warning','Valid',17.58
73,'PE877296','Standby','Error','Error','Valid',18.03
74,'PE443494','Fault','Error','Warning','Valid',51.07
75,'PE310864','Standby','Active','Error','Due',11.71
76,'PE878239','Standby','Paused','Normal','Valid',18.86
77,'PE617931','Fault','Active','Warning','Expired',98.73
78,'PE461637','Operating','Error','Warning','Expired',78.09
79,'PE997474','Standby','Active','Warning','Expired',75.01
80,'PE988963','Operating','Paused','Normal','Expired',65.75
81,'PE843752','Standby','Paused','Normal','Valid',27.84
82,'PE473030','Operating','Error','Warning','Expired',85.85
83,'PE274214','Standby','Active','Normal','Due',52.11
84,'PE837944','Operating','Paused','Error','Due',6.09
85,'PE883979','Operating','Error','Warning','Due',97.64
86,'PE634931','Operating','Active','Error','Expired',14.36
87,'PE872868','Fault','Error','Normal','Valid',34.9
88,'PE905940','Operating','Paused','Error','Due',86.6
89,'PE115491','Standby','Paused','Normal','Expired',81.12
90,'PE833907','Operating','Paused','Warning','Expired',75.45
91,'PE566588','Fault','Paused','Normal','Due',9.03
92,'PE493487','Operating','Paused','Normal','Valid',88.8
93,'PE777994','Fault','Active','Normal','Valid',87.7
94,'PE734868','Operating','Active','Error','Due',11.62
95,'PE870977','Operating','Error','Warning','Due',25.66
96,'PE790642','Standby','Active','Error','Expired',98.34
97,'PE554582','Standby','Error','Error','Due',81.68
98,'PE792633','Operating','Error','Error','Due',55.19
99,'PE768979','Fault','Error','Error','Due',42.58
100,'PE625715','Fault','Error','Warning','Expired',71.07
101,'PE855839','Operating','Error','Warning','Valid',25.24
102,'PE866538','Operating','Paused','Error','Valid',3.74
103,'PE123529','Fault','Active','Normal','Due',44.66
104,'PE286456','Operating','Active','Warning','Expired',5.51
105,'PE763244','Operating','Paused','Normal','Expired',21.18
106,'PE363668','Standby','Error','Error','Expired',18.47
107,'PE297097','Standby','Paused','Error','Due',27.59
108,'PE948869','Standby','Error','Error','Valid',23.31
109,'PE218124','Fault','Error','Error','Valid',48.25
110,'PE585058','Fault','Error','Error','Expired',3.52
111,'PE589186','Operating','Active','Error','Due',54.86
112,'PE138566','Fault','Error','Normal','Valid',14.04
113,'PE196998','Fault','Error','Error','Valid',22.57
114,'PE905857','Operating','Active','Normal','Due',1.19
115,'PE162064','Standby','Active','Warning','Expired',70.65
116,'PE259067','Fault','Paused','Normal','Valid',82.55
117,'PE110708','Standby','Error','Normal','Expired',56.22
118,'PE117433','Fault','Error','Error','Due',92.01
119,'PE807491','Fault','Active','Error','Due',44.13
120,'PE217333','Operating','Paused','Normal','Due',53.42
121,'PE794054','Fault','Active','Error','Due',76.98
122,'PE864612','Standby','Active','Error','Due',63.55
123,'PE731344','Fault','Paused','Warning','Valid',76.48
124,'PE411697','Operating','Paused','Warning','Due',5.83
125,'PE233857','Standby','Active','Error','Valid',6.38
126,'PE208025','Fault','Paused','Normal','Expired',81.7
127,'PE276585','Standby','Error','Error','Valid',13.42
128,'PE843937','Operating','Error','Error','Expired',25.65
129,'PE769176','Fault','Paused','Error','Due',87.06
130,'PE573946','Fault','Paused','Error','Due',81.96
131,'PE165574','Operating','Error','Normal','Expired',72.08
132,'PE245196','Fault','Error','Normal','Valid',32.61
133,'PE779154','Standby','Error','Warning','Expired',25.05
134,'PE765764','Fault','Active','Warning','Due',73.33
135,'PE842682','Standby','Paused','Normal','Expired',31.54
136,'PE856564','Standby','Error','Warning','Expired',25.97
137,'PE285138','Standby','Paused','Normal','Valid',92.83
138,'PE770977','Standby','Error','Warning','Due',5.25
139,'PE344890','Operating','Paused','Normal','Valid',2.14
140,'PE952510','Fault','Active','Warning','Expired',12.26
141,'PE219601','Standby','Paused','Warning','Expired',23.31
142,'PE607918','Fault','Paused','Error','Expired',30.72
143,'PE948006','Fault','Error','Error','Due',69.57
144,'PE611748','Standby','Active','Normal','Expired',77.58
145,'PE657112','Fault','Active','Normal','Expired',79.06
146,'PE720334','Standby','Paused','Error','Expired',26.97
147,'PE300032','Fault','Active','Error','Expired',13.07
148,'PE305100','Standby','Error','Warning','Expired',54.26
149,'PE104946','Standby','Active','Warning','Expired',59.73
150,'PE936999','Fault','Error','Error','Valid',4.22
151,'PE822929','Fault','Paused','Normal','Due',67.3
152,'PE656762','Standby','Error','Error','Due',98.37
153,'PE131515','Standby','Active','Error','Due',25.88
154,'PE311714','Fault','Paused','Warning','Expired',21.03
155,'PE140524','Standby','Error','Normal','Due',69.06
156,'PE141403','Standby','Active','Normal','Expired',74.92
157,'PE454346','Fault','Error','Error','Expired',37.27
158,'PE787711','Standby','Active','Warning','Valid',53.8
159,'PE711780','Standby','Paused','Error','Valid',83.85
160,'PE729999','Operating','Paused','Error','Valid',0.92
161,'PE202620','Fault','Paused','Error','Due',41.17
162,'PE432285','Standby','Error','Warning','Expired',59.24
163,'PE545295','Standby','Error','Normal','Expired',92.95
164,'PE942060','Fault','Paused','Normal','Due',18.47
165,'PE563019','Fault','Active','Error','Valid',62.08
166,'PE765492','Fault','Active','Normal','Due',27.14
167,'PE544361','Operating','Active','Error','Due',88.06
168,'PE570507','Operating','Active','Error','Valid',23.78
169,'PE287406','Fault','Paused','Warning','Valid',11.04
170,'PE656325','Fault','Active','Warning','Due',11.76
171,'PE247042','Operating','Paused','Warning','Expired',49.16
172,'PE458264','Fault','Paused','Error','Valid',54.27
173,'PE895408','Fault','Paused','Warning','Valid',85.14
174,'PE244374','Operating','Active','Warning','Due',99.04
175,'PE995994','Operating','Paused','Normal','Expired',28.59
176,'PE553635','Fault','Error','Error','Valid',18.81
177,'PE123694','Standby','Paused','Normal','Expired',93.92
178,'PE118820','Fault','Paused','Error','Expired',20.22
179,'PE336409','Fault','Paused','Warning','Expired',35.66
180,'PE905783','Operating','Error','Error','Valid',9.81
181,'PE184344','Operating','Error','Warning','Due',88.63
182,'PE689999','Fault','Active','Error','Due',76.29
183,'PE341856','Standby','Paused','Warning','Due',30.04
184,'PE151644','Standby','Paused','Warning','Valid',52.58
185,'PE301903','Fault','Active','Warning','Valid',92.27
186,'PE710687','Operating','Paused','Normal','Due',33.16
187,'PE183449','Fault','Active','Error','Valid',95.43
188,'PE809203','Standby','Active','Normal','Valid',16.16
189,'PE889153','Operating','Paused','Error','Due',22.09
190,'PE274780','Operating','Active','Warning','Expired',20.38
191,'PE590131','Standby','Paused','Normal','Expired',57.85
192,'PE822175','Standby','Paused','Error','Expired',62.0
193,'PE616559','Fault','Active','Warning','Valid',20.2
194,'PE543322','Operating','Error','Warning','Valid',53.36
195,'PE123866','Fault','Active','Normal','Due',64.41
196,'PE532995','Operating','Paused','Normal','Valid',28.47
197,'PE288196','Fault','Error','Normal','Valid',98.92
198,'PE748980','Standby','Error','Warning','Expired',99.49
199,'PE172516','Operating','Paused','Warning','Due',59.77
200,'PE808819','Standby','Active','Error','Valid',47.21
201,'PE277278','Standby','Error','Warning','Due',7.21
202,'PE379752','Operating','Active','Error','Valid',77.5
203,'PE987081','Operating','Active','Error','Expired',85.25
204,'PE677047','Fault','Paused','Normal','Valid',16.18
205,'PE278929','Fault','Paused','Normal','Valid',71.09
206,'PE661377','Standby','Active','Warning','Expired',71.88
207,'PE205989','Operating','Paused','Warning','Due',72.09
208,'PE436908','Standby','Error','Normal','Expired',28.96
209,'PE543123','Standby','Active','Normal','Due',45.07
210,'PE107154','Fault','Active','Error','Due',87.47
211,'PE838843','Standby','Active','Warning','Valid',72.58
212,'PE968606','Standby','Paused','Warning','Valid',32.77
213,'PE536894','Operating','Active','Error','Due',36.93
214,'PE715312','Standby','Active','Warning','Due',62.58
215,'PE193718','Standby','Error','Error','Valid',66.54
216,'PE806818','Fault','Active','Error','Expired',91.1
217,'PE983687','Operating','Error','Warning','Valid',4.44
218,'PE382925','Operating','Paused','Normal','Due',74.4
219,'PE874367','Operating','Paused','Error','Due',86.46
220,'PE372234','Standby','Active','Normal','Due',32.46
221,'PE839653','Fault','Error','Error','Valid',16.36
222,'PE424665','Standby','Error','Normal','Valid',93.66
223,'PE188924','Operating','Paused','Error','Expired',11.94
224,'PE433528','Fault','Error','Warning','Expired',2.45
225,'PE469294','Fault','Paused','Warning','Due',57.34
226,'PE824397','Fault','Active','Warning','Valid',17.48
227,'PE185216','Standby','Paused','Warning','Expired',16.13
228,'PE117065','Standby','Active','Warning','Expired',87.41
229,'PE348354','Operating','Active','Normal','Valid',41.14
230,'PE675638','Fault','Paused','Warning','Valid',37.42
231,'PE771682','Operating','Paused','Error','Due',69.02
232,'PE190177','Fault','Error','Error','Expired',9.69
233,'PE646199','Operating','Error','Warning','Due',66.34
234,'PE133136','Standby','Active','Error','Due',2.12
235,'PE124678','Standby','Error','Normal','Expired',62.1
236,'PE775770','Standby','Paused','Normal','Valid',30.37
237,'PE294696','Standby','Paused','Error','Due',56.36
238,'PE916142','Fault','Active','Error','Expired',16.71
239,'PE959317','Standby','Active','Error','Due',96.62
240,'PE583677','Fault','Error','Normal','Expired',10.55
241,'PE514835','Fault','Paused','Error','Expired',8.92
242,'PE761523','Operating','Paused','Normal','Expired',19.45
243,'PE810437','Standby','Paused','Error','Valid',9.78
244,'PE359740','Fault','Active','Warning','Valid',99.97
245,'PE251150','Standby','Paused','Error','Due',6.89
246,'PE358684','Fault','Paused','Normal','Due',81.36
247,'PE312921','Fault','Active','Normal','Due',43.13
248,'PE159619','Operating','Paused','Normal','Valid',34.67
249,'PE574920','Fault','Paused','Warning','Valid',94.33
250,'PE464307','Operating','Paused','Normal','Due',4.41
251,'PE549576','Operating','Error','Error','Valid',51.02
252,'PE359751','Fault','Active','Normal','Due',74.98
253,'PE933090','Standby','Error','Warning','Expired',96.2
254,'PE158734','Operating','Paused','Warning','Expired',63.24
255,'PE628880','Fault','Paused','Normal','Valid',31.93
256,'PE915299','Standby','Active','Error','Due',11.01
257,'PE429110','Standby','Paused','Error','Due',71.74
258,'PE709071','Fault','Active','Warning','Due',74.79
259,'PE700859','Standby','Paused','Error','Valid',82.03
260,'PE804585','Fault','Paused','Warning','Expired',14.66
261,'PE707819','Standby','Active','Warning','Due',27.79
262,'PE284354','Standby','Paused','Error','Due',26.52
263,'PE613808','Fault','Error','Error','Due',37.8
264,'PE152434','Fault','Error','Error','Due',51.91
265,'PE398075','Standby','Active','Normal','Due',63.1
266,'PE374486','Standby','Paused','Warning','Due',56.99
267,'PE127709','Fault','Error','Normal','Valid',1.61
268,'PE394665','Operating','Error','Error','Due',59.07
269,'PE548693','Operating','Active','Normal','Valid',50.1
270,'PE586253','Fault','Error','Normal','Due',15.07
271,'PE927775','Operating','Active','Warning','Expired',77.78
272,'PE736761','Operating','Active','Warning','Due',73.62
273,'PE712363','Fault','Error','Warning','Valid',41.72
274,'PE559673','Standby','Error','Warning','Valid',57.72
275,'PE908109','Operating','Paused','Normal','Valid',48.88
276,'PE992136','Operating','Paused','Normal','Valid',64.02
277,'PE606905','Standby','Active','Warning','Valid',65.45
278,'PE608964','Operating','Error','Normal','Expired',10.16
279,'PE373248','Standby','Paused','Error','Due',75.95
280,'PE109485','Standby','Paused','Warning','Valid',24.52
281,'PE800690','Operating','Active','Normal','Valid',4.65
282,'PE786432','Operating','Active','Warning','Due',59.17
283,'PE316033','Fault','Active','Warning','Expired',30.88
284,'PE962947','Operating','Error','Normal','Valid',81.09
285,'PE653204','Operating','Active','Warning','Due',17.01
286,'PE437920','Operating','Error','Error','Expired',26.53
287,'PE882248','Standby','Paused','Normal','Expired',47.55
288,'PE271569','Operating','Active','Error','Expired',69.84
289,'PE119335','Standby','Active','Error','Expired',1.39
290,'PE997441','Operating','Active','Normal','Expired',57.7
291,'PE249591','Operating','Active','Error','Valid',96.47
292,'PE957668','Operating','Paused','Error','Valid',65.78
293,'PE735734','Standby','Error','Normal','Valid',53.18
294,'PE604823','Standby','Active','Error','Valid',59.14
295,'PE579705','Standby','Error','Warning','Expired',35.29
296,'PE249672','Fault','Error','Warning','Valid',89.93
297,'PE745059','Standby','Error','Error','Due',27.4
298,'PE136703','Operating','Paused','Warning','Valid',52.0
299,'PE971856','Standby','Paused','Warning','Expired',59.11
300,'PE661956','Fault','Error','Error','Due',50.3
301,'PE153293','Standby','Error','Warning','Expired',96.6
302,'PE905646','Fault','Paused','Normal','Expired',35.19
303,'PE236948','Standby','Paused','Warning','Valid',32.11
304,'PE999284','Fault','Error','Error','Valid',23.53
305,'PE287042','Fault','Active','Warning','Valid',17.67
306,'PE889981','Fault','Paused','Warning','Valid',71.29
307,'PE475577','Fault','Paused','Normal','Valid',22.82
308,'PE904093','Fault','Active','Warning','Expired',46.27
309,'PE904206','Standby','Error','Error','Expired',41.81
310,'PE872089','Standby','Paused','Normal','Due',22.9
311,'PE995456','Operating','Active','Warning','Valid',34.94
312,'PE444143','Fault','Paused','Normal','Expired',61.6
313,'PE129290','Standby','Error','Error','Valid',32.32
314,'PE989754','Operating','Error','Warning','Valid',80.49
315,'PE940761','Operating','Active','Warning','Due',37.08
316,'PE811290','Standby','Active','Warning','Valid',94.87
317,'PE846922','Operating','Paused','Warning','Expired',40.0
318,'PE741095','Standby','Paused','Warning','Due',49.44
319,'PE326018','Operating','Active','Warning','Expired',95.6
320,'PE470955','Fault','Active','Warning','Due',14.98
321,'PE294526','Operating','Active','Normal','Expired',94.53
322,'PE123808','Operating','Paused','Warning','Expired',23.06
323,'PE885518','Operating','Paused','Normal','Valid',53.12
324,'PE218332','Fault','Paused','Warning','Valid',10.0
325,'PE498370','Operating','Paused','Warning','Due',41.76
326,'PE740790','Operating','Error','Warning','Valid',67.95
327,'PE542355','Operating','Active','Normal','Due',85.67
328,'PE111523','Standby','Active','Warning','Expired',29.48
329,'PE653961','Fault','Paused','Error','Due',46.59
330,'PE168255','Fault','Error','Error','Due',8.41
331,'PE411773','Operating','Error','Error','Expired',95.69
332,'PE106144','Standby','Paused','Error','Expired',30.01
333,'PE178542','Standby','Active','Warning','Valid',73.07
334,'PE972074','Operating','Paused','Error','Expired',70.08
335,'PE582272','Standby','Active','Normal','Expired',21.54
336,'PE369481','Fault','Error','Error','Valid',94.97
337,'PE874814','Fault','Error','Normal','Valid',10.33
338,'PE402382','Standby','Error','Error','Expired',27.85
339,'PE721907','Operating','Error','Normal','Expired',78.86
340,'PE959907','Fault','Error','Warning','Valid',30.92
341,'PE966860','Operating','Error','Error','Due',98.24
342,'PE120206','Fault','Error','Warning','Expired',2.24
343,'PE851955','Operating','Error','Warning','Valid',79.14
344,'PE448501','Operating','Error','Normal','Due',23.58
345,'PE751850','Fault','Paused','Error','Expired',94.87
346,'PE940386','Operating','Paused','Warning','Due',11.64
347,'PE935107','Fault','Error','Warning','Due',18.43
348,'PE168467','Operating','Paused','Normal','Due',26.75
349,'PE205729','Operating','Error','Normal','Due',57.4
350,'PE380888','Standby','Paused','Warning','Due',12.41
351,'PE678875','Standby','Error','Error','Valid',12.23
352,'PE576815','Standby','Error','Error','Due',77.29
353,'PE854794','Standby','Paused','Warning','Valid',86.72
354,'PE723243','Standby','Paused','Normal','Expired',6.07
355,'PE354079','Operating','Error','Warning','Due',19.79
356,'PE742142','Standby','Error','Warning','Due',24.58
357,'PE502654','Fault','Paused','Error','Due',2.65
358,'PE724905','Fault','Paused','Error','Due',31.51
359,'PE480883','Fault','Error','Warning','Valid',3.69
360,'PE499908','Fault','Active','Error','Due',5.93
361,'PE932066','Operating','Active','Warning','Expired',11.4
362,'PE426097','Standby','Error','Warning','Expired',0.92
363,'PE817993','Fault','Error','Normal','Expired',39.39
364,'PE811959','Operating','Error','Normal','Due',16.38
365,'PE646953','Fault','Active','Warning','Due',2.35
366,'PE403429','Operating','Active','Normal','Due',89.29
367,'PE976810','Fault','Paused','Error','Expired',1.84
368,'PE213596','Fault','Error','Error','Due',8.59
369,'PE379461','Operating','Active','Warning','Due',1.05
370,'PE107100','Operating','Error','Normal','Due',76.93
371,'PE639135','Standby','Active','Normal','Valid',16.27
372,'PE784771','Fault','Paused','Error','Valid',41.82
373,'PE307535','Standby','Error','Normal','Expired',2.22
374,'PE964916','Operating','Paused','Normal','Expired',40.37
375,'PE899565','Fault','Paused','Warning','Valid',33.88
376,'PE534126','Fault','Active','Error','Valid',83.79
377,'PE680241','Fault','Paused','Warning','Due',55.17
378,'PE271752','Standby','Paused','Warning','Due',85.81
379,'PE120449','Operating','Error','Normal','Due',3.6
380,'PE869102','Standby','Paused','Error','Due',3.07
381,'PE305349','Standby','Paused','Normal','Due',11.8
382,'PE455470','Operating','Paused','Normal','Expired',11.75
383,'PE422034','Standby','Active','Normal','Due',24.03
384,'PE514961','Fault','Paused','Warning','Due',8.95
385,'PE438479','Standby','Error','Normal','Expired',10.64
386,'PE252509','Operating','Paused','Normal','Valid',96.14
387,'PE625261','Standby','Active','Error','Due',35.8
388,'PE470105','Fault','Error','Error','Expired',90.36
389,'PE518914','Fault','Paused','Normal','Due',0.64
390,'PE794667','Fault','Error','Error','Expired',18.69
391,'PE706636','Fault','Paused','Warning','Due',21.52
392,'PE475611','Fault','Error','Error','Due',99.45
393,'PE680104','Standby','Error','Normal','Expired',23.77
394,'PE765811','Fault','Error','Error','Valid',63.3
395,'PE823422','Fault','Paused','Warning','Due',71.08
396,'PE258636','Fault','Paused','Normal','Expired',15.14
397,'PE168076','Operating','Error','Warning','Valid',91.47
398,'PE546124','Fault','Paused','Warning','Expired',81.04
399,'PE174173','Fault','Error','Normal','Valid',47.31
400,'PE918682','Standby','Paused','Error','Due',40.51
401,'PE163523','Standby','Paused','Warning','Due',92.13
402,'PE857857','Fault','Paused','Normal','Expired',45.61
403,'PE602689','Fault','Active','Error','Valid',69.27
404,'PE990293','Standby','Active','Error','Expired',32.66
405,'PE140956','Operating','Active','Warning','Due',81.86
406,'PE627309','Operating','Paused','Error','Valid',86.26
407,'PE299061','Operating','Paused','Error','Due',36.21
408,'PE260437','Standby','Error','Error','Expired',61.54
409,'PE807219','Operating','Error','Warning','Valid',36.25
410,'PE166729','Standby','Paused','Error','Due',76.31
411,'PE785084','Fault','Paused','Warning','Expired',37.25
412,'PE945228','Fault','Error','Warning','Valid',23.04
413,'PE262844','Fault','Error','Error','Due',26.48
414,'PE104652','Fault','Error','Error','Expired',6.29
415,'PE198602','Fault','Active','Error','Valid',82.72
416,'PE230204','Standby','Error','Normal','Expired',58.5
417,'PE712978','Fault','Error','Error','Valid',18.16
418,'PE895172','Standby','Active','Error','Expired',51.54
419,'PE156918','Standby','Paused','Normal','Expired',6.41
420,'PE700634','Standby','Paused','Warning','Due',72.76
421,'PE495353','Operating','Paused','Normal','Due',64.72
422,'PE789903','Operating','Active','Normal','Valid',4.06
423,'PE744218','Standby','Paused','Normal','Expired',26.47
424,'PE881382','Standby','Paused','Warning','Expired',63.32
425,'PE800668','Standby','Active','Normal','Expired',60.35
426,'PE777367','Operating','Error','Normal','Expired',45.55
427,'PE677642','Standby','Paused','Warning','Valid',50.55
428,'PE100139','Operating','Active','Error','Valid',49.1
429,'PE543448','Standby','Error','Normal','Due',59.27
430,'PE464925','Standby','Active','Error','Valid',20.32
431,'PE628735','Operating','Active','Warning','Valid',41.14
432,'PE739460','Fault','Error','Normal','Due',62.15
433,'PE898508','Operating','Active','Warning','Expired',37.62
434,'PE548165','Fault','Paused','Warning','Valid',39.55
435,'PE668525','Standby','Paused','Warning','Valid',50.24
436,'PE456305','Fault','Paused','Error','Valid',78.37
437,'PE277401','Fault','Paused','Error','Valid',25.92
438,'PE515247','Standby','Error','Error','Valid',6.36
439,'PE770831','Operating','Active','Warning','Expired',73.93
440,'PE256715','Fault','Paused','Normal','Valid',26.58
441,'PE888609','Operating','Paused','Normal','Expired',20.0
442,'PE610584','Standby','Active','Normal','Expired',56.15
443,'PE489405','Fault','Paused','Warning','Expired',83.41
444,'PE930016','Operating','Paused','Normal','Due',29.75
445,'PE950490','Operating','Error','Error','Valid',77.23
446,'PE748155','Standby','Active','Warning','Valid',2.16
447,'PE543051','Standby','Error','Normal','Expired',29.47
448,'PE811908','Standby','Error','Normal','Valid',70.93
449,'PE268200','Fault','Error','Warning','Due',14.73
450,'PE568607','Operating','Paused','Normal','Valid',61.4
451,'PE646815','Fault','Paused','Normal','Expired',39.2
452,'PE464469','Operating','Error','Error','Due',0.47
453,'PE843515','Fault','Error','Error','Valid',60.84
454,'PE219267','Operating','Paused','Normal','Valid',81.56
455,'PE958553','Standby','Paused','Error','Valid',5.26
456,'PE145889','Fault','Paused','Error','Expired',75.84
457,'PE520780','Fault','Error','Warning','Due',69.23
458,'PE664174','Fault','Active','Error','Valid',38.24
459,'PE999765','Fault','Paused','Normal','Valid',79.57
460,'PE173173','Fault','Error','Warning','Expired',38.24
461,'PE809695','Fault','Active','Error','Due',65.43
462,'PE960284','Operating','Active','Error','Due',81.5
463,'PE946776','Standby','Active','Normal','Valid',25.5
464,'PE858422','Fault','Error','Warning','Due',62.1
465,'PE535439','Operating','Active','Normal','Expired',11.25
466,'PE405249','Standby','Active','Warning','Valid',77.52
467,'PE472923','Operating','Active','Normal','Expired',28.32
468,'PE254474','Fault','Paused','Normal','Due',35.56
469,'PE581295','Fault','Paused','Warning','Valid',33.95
470,'PE250691','Operating','Active','Warning','Due',83.56
471,'PE354704','Operating','Error','Warning','Valid',16.76
472,'PE993170','Operating','Error','Error','Expired',14.53
473,'PE573789','Standby','Error','Error','Valid',69.97
474,'PE386970','Standby','Paused','Warning','Valid',65.73
475,'PE926551','Fault','Paused','Warning','Valid',34.39
476,'PE319331','Fault','Active','Warning','Valid',18.97
477,'PE209064','Standby','Active','Normal','Expired',88.65
478,'PE746378','Operating','Paused','Error','Due',20.82
479,'PE178110','Operating','Active','Error','Expired',30.32
480,'PE350365','Operating','Paused','Normal','Expired',38.8
481,'PE661187','Operating','Paused','Error','Valid',6.04
482,'PE196985','Operating','Paused','Warning','Due',81.67
483,'PE362019','Operating','Error','Normal','Due',24.34
484,'PE467423','Operating','Active','Warning','Valid',70.25
485,'PE390259','Fault','Error','Normal','Expired',10.28
486,'PE107721','Operating','Error','Error','Valid',52.37
487,'PE190585','Operating','Paused','Warning','Valid',82.71
488,'PE767921','Operating','Paused','Error','Expired',33.35
489,'PE670226','Standby','Error','Error','Expired',72.91
490,'PE833843','Fault','Paused','Normal','Expired',34.47
491,'PE108370','Standby','Active','Normal','Expired',81.53
492,'PE590045','Operating','Active','Error','Due',96.85
493,'PE387531','Standby','Paused','Warning','Expired',53.15
494,'PE623402','Standby','Error','Error','Expired',14.29
495,'PE519571','Standby','Paused','Warning','Expired',45.66
496,'PE244711','Standby','Paused','Normal','Due',79.05
497,'PE391334','Standby','Paused','Error','Due',83.78
498,'PE727886','Operating','Error','Normal','Valid',6.06
499,'PE777200','Operating','Active','Normal','Expired',96.6
500,'PE671281','Fault','Active','Error','Expired',10.28
501,'PE633692','Standby','Error','Normal','Due',17.25
502,'PE227279','Standby','Error','Normal','Valid',35.1
503,'PE988304','Operating','Error','Warning','Valid',50.64
504,'PE418195','Fault','Active','Error','Expired',0.94
505,'PE644854','Fault','Active','Warning','Due',96.47
506,'PE529770','Operating','Paused','Error','Due',43.5
507,'PE795196','Standby','Paused','Normal','Due',73.93
508,'PE720266','Operating','Paused','Normal','Expired',8.63
509,'PE271508','Fault','Paused','Warning','Valid',51.44
510,'PE829481','Fault','Paused','Error','Expired',42.22
511,'PE997728','Fault','Error','Error','Expired',18.71
512,'PE188719','Fault','Error','Normal','Expired',5.24
513,'PE735175','Standby','Error','Error','Expired',76.53
514,'PE850189','Standby','Active','Normal','Due',62.81
515,'PE587352','Fault','Active','Normal','Valid',24.2
516,'PE427632','Fault','Paused','Warning','Expired',85.96
517,'PE734689','Fault','Error','Error','Due',2.62
518,'PE380667','Operating','Active','Warning','Due',94.95
519,'PE106529','Fault','Paused','Error','Due',74.02
520,'PE145016','Fault','Error','Error','Due',53.74
521,'PE926202','Fault','Paused','Normal','Valid',59.15
522,'PE612040','Standby','Paused','Normal','Valid',20.89
523,'PE410549','Standby','Error','Warning','Due',97.62
524,'PE987265','Standby','Paused','Error','Expired',49.67
525,'PE514288','Fault','Error','Error','Due',57.17
526,'PE402379','Standby','Paused','Warning','Valid',95.91
527,'PE640712','Fault','Error','Error','Due',84.66
528,'PE318032','Operating','Error','Error','Expired',19.52
529,'PE175904','Standby','Paused','Normal','Expired',87.28
530,'PE603870','Operating','Paused','Error','Due',95.54
531,'PE435516','Fault','Active','Normal','Due',43.67
532,'PE665364','Fault','Active','Warning','Due',46.57
533,'PE697994','Operating','Paused','Warning','Due',31.11
534,'PE388240','Operating','Paused','Normal','Valid',1.09
535,'PE772342','Standby','Paused','Warning','Valid',51.93
536,'PE923468','Fault','Active','Normal','Due',41.35
537,'PE796355','Standby','Error','Warning','Valid',51.81
538,'PE140174','Fault','Paused','Error','Due',17.1
539,'PE302073','Fault','Active','Error','Due',20.99
540,'PE670520','Fault','Active','Normal','Expired',73.55
541,'PE338442','Standby','Error','Warning','Due',23.77
542,'PE648179','Operating','Error','Error','Expired',53.5
543,'PE335814','Standby','Paused','Warning','Valid',17.86
544,'PE676501','Operating','Error','Error','Valid',34.47
545,'PE748687','Fault','Paused','Normal','Due',93.94
546,'PE423874','Standby','Paused','Warning','Due',4.76
547,'PE460832','Fault','Error','Error','Expired',75.66
548,'PE745490','Standby','Active','Error','Expired',87.77
549,'PE753268','Fault','Active','Normal','Due',9.07
550,'PE863444','Standby','Error','Error','Due',80.35
551,'PE612252','Operating','Error','Normal','Expired',55.7
552,'PE566159','Standby','Paused','Warning','Valid',65.02
553,'PE693120','Fault','Paused','Warning','Valid',67.44
554,'PE344579','Fault','Paused','Normal','Due',36.85
555,'PE678988','Operating','Active','Normal','Expired',12.01
556,'PE496351','Fault','Paused','Warning','Due',7.19
557,'PE371282','Operating','Error','Normal','Due',58.19
558,'PE232149','Fault','Error','Error','Valid',74.1
559,'PE999844','Fault','Error','Normal','Valid',28.83
560,'PE100466','Operating','Paused','Warning','Valid',1.06
561,'PE650075','Fault','Error','Warning','Valid',89.35
562,'PE467929','Fault','Active','Warning','Due',67.2
563,'PE595795','Operating','Error','Warning','Expired',13.84
564,'PE815328','Standby','Active','Normal','Expired',83.8
565,'PE545195','Fault','Active','Error','Due',60.55
566,'PE995785','Standby','Active','Error','Due',86.82
567,'PE957031','Operating','Active','Normal','Valid',1.69
568,'PE991783','Fault','Error','Warning','Due',23.47
569,'PE503292','Fault','Paused','Error','Valid',1.38
570,'PE277938','Fault','Paused','Normal','Due',66.0
571,'PE518514','Standby','Paused','Normal','Expired',37.2
572,'PE470055','Standby','Error','Warning','Valid',97.81
573,'PE582783','Fault','Active','Normal','Valid',29.76
574,'PE515543','Standby','Error','Error','Due',29.57
575,'PE435062','Operating','Paused','Normal','Valid',64.8
576,'PE291817','Fault','Paused','Warning','Expired',4.65
577,'PE600694','Standby','Active','Normal','Valid',80.38
578,'PE290908','Operating','Paused','Normal','Valid',99.88
579,'PE786779','Operating','Paused','Warning','Expired',2.86
580,'PE205632','Standby','Error','Error','Due',70.64
581,'PE583265','Operating','Paused','Error','Valid',42.21
582,'PE361938','Fault','Error','Warning','Valid',21.75
583,'PE657115','Standby','Active','Warning','Expired',35.08
584,'PE885472','Fault','Paused','Normal','Due',11.18
585,'PE837059','Standby','Paused','Error','Valid',98.33
586,'PE439270','Fault','Error','Error','Valid',91.73
587,'PE889666','Operating','Active','Warning','Due',61.22
588,'PE842070','Standby','Paused','Error','Due',2.1
589,'PE731954','Operating','Error','Normal','Valid',92.66
590,'PE897455','Standby','Paused','Warning','Valid',48.0
591,'PE407180','Operating','Error','Error','Expired',60.94
592,'PE858764','Standby','Paused','Normal','Valid',32.21
593,'PE247762','Fault','Active','Warning','Due',77.1
594,'PE309455','Standby','Error','Error','Valid',33.3
595,'PE341598','Operating','Error','Warning','Due',43.84
596,'PE534867','Standby','Active','Error','Expired',82.01
597,'PE442281','Standby','Active','Normal','Valid',49.05
598,'PE343655','Operating','Paused','Normal','Valid',79.71
599,'PE184409','Operating','Active','Error','Valid',79.07
600,'PE265007','Operating','Active','Error','Expired',6.59
601,'PE542161','Operating','Paused','Error','Due',19.3
602,'PE964230','Fault','Paused','Normal','Due',32.76
603,'PE171148','Standby','Error','Normal','Expired',70.51
604,'PE128752','Fault','Active','Error','Valid',88.23
605,'PE898823','Fault','Paused','Error','Expired',40.7
606,'PE129943','Fault','Active','Error','Due',10.17
607,'PE874094','Fault','Paused','Warning','Due',70.06
608,'PE671206','Fault','Paused','Normal','Valid',1.88
609,'PE783210','Operating','Error','Normal','Expired',64.27
610,'PE181849','Standby','Error','Error','Expired',53.46
611,'PE958339','Operating','Paused','Error','Expired',89.88
612,'PE900628','Operating','Error','Normal','Due',85.68
613,'PE530451','Fault','Error','Error','Due',8.25
614,'PE215550','Operating','Active','Warning','Valid',8.32
615,'PE935334','Fault','Active','Error','Expired',19.43
616,'PE781984','Fault','Active','Error','Valid',1.39
617,'PE632324','Fault','Error','Error','Due',3.14
618,'PE137802','Operating','Active','Error','Due',56.74
619,'PE964824','Standby','Paused','Warning','Due',8.38
620,'PE957178','Standby','Paused','Warning','Valid',15.78
621,'PE460062','Fault','Error','Warning','Due',19.79
622,'PE996652','Standby','Active','Error','Expired',63.77
623,'PE639832','Operating','Paused','Normal','Valid',52.2
624,'PE865761','Operating','Active','Normal','Valid',85.23
625,'PE815852','Fault','Error','Error','Due',33.2
626,'PE809983','Standby','Active','Error','Expired',87.11
627,'PE184001','Operating','Active','Normal','Expired',62.19
628,'PE146206','Fault','Paused','Normal','Due',92.8
629,'PE226936','Fault','Error','Warning','Expired',65.0
630,'PE872287','Fault','Active','Normal','Due',77.31
631,'PE552762','Standby','Active','Normal','Due',48.48
632,'PE981260','Fault','Paused','Normal','Expired',54.06
633,'PE749834','Standby','Paused','Error','Valid',77.62
634,'PE552618','Fault','Paused','Normal','Due',92.07
635,'PE100443','Standby','Paused','Warning','Expired',12.84
636,'PE381195','Standby','Active','Normal','Valid',73.39
637,'PE618204','Operating','Paused','Warning','Valid',13.58
638,'PE257917','Operating','Paused','Warning','Expired',1.87
639,'PE242259','Operating','Paused','Normal','Expired',43.06
640,'PE968952','Operating','Paused','Error','Expired',18.43
641,'PE503445','Operating','Paused','Error','Valid',78.97
642,'PE785405','Fault','Active','Normal','Expired',31.53
643,'PE772458','Operating','Paused','Normal','Valid',55.72
644,'PE314251','Operating','Active','Warning','Expired',17.97
645,'PE189954','Standby','Error','Normal','Due',24.45
646,'PE774091','Standby','Error','Warning','Due',71.28
647,'PE592271','Fault','Error','Normal','Expired',91.43
648,'PE793430','Operating','Error','Warning','Due',19.53
649,'PE516313','Operating','Error','Error','Expired',38.18
650,'PE447451','Operating','Error','Warning','Expired',0.75
651,'PE986164','Operating','Error','Warning','Due',51.28
652,'PE964662','Standby','Error','Warning','Due',48.7
653,'PE403340','Operating','Active','Warning','Valid',61.2
654,'PE769518','Fault','Paused','Normal','Valid',34.17
655,'PE705257','Operating','Active','Warning','Expired',87.66
656,'PE373639','Operating','Paused','Error','Expired',51.4
657,'PE771906','Operating','Active','Warning','Expired',94.49
658,'PE250345','Fault','Active','Normal','Due',98.4
659,'PE601132','Operating','Error','Error','Due',4.02
660,'PE321366','Standby','Active','Error','Expired',83.99
661,'PE520648','Fault','Active','Normal','Expired',41.8
662,'PE222981','Standby','Error','Warning','Due',45.46
663,'PE732074','Standby','Error','Warning','Due',51.94
664,'PE609746','Fault','Error','Error','Expired',97.44
665,'PE338338','Operating','Error','Normal','Due',53.0
666,'PE924239','Standby','Error','Normal','Expired',0.02
667,'PE323003','Standby','Active','Warning','Valid',33.92
668,'PE635160','Fault','Active','Warning','Due',18.28
669,'PE290783','Operating','Error','Error','Expired',28.75
670,'PE751706','Standby','Error','Normal','Expired',55.1
671,'PE774027','Fault','Paused','Normal','Valid',41.63
672,'PE618263','Standby','Paused','Warning','Valid',32.68
673,'PE928846','Standby','Paused','Warning','Valid',69.05
674,'PE605030','Standby','Active','Error','Due',58.0
675,'PE329538','Operating','Active','Warning','Valid',2.61
676,'PE184605','Standby','Error','Error','Expired',12.77
677,'PE475053','Fault','Active','Warning','Expired',71.17
678,'PE775885','Fault','Paused','Error','Expired',48.04
679,'PE467569','Fault','Active','Error','Expired',15.79
680,'PE905775','Operating','Active','Error','Valid',60.32
681,'PE751578','Fault','Paused','Error','Valid',14.11
682,'PE983968','Standby','Active','Normal','Valid',65.79
683,'PE401592','Standby','Error','Warning','Due',87.73
684,'PE576669','Operating','Error','Error','Valid',5.59
685,'PE105244','Standby','Active','Warning','Expired',38.62
686,'PE123040','Operating','Paused','Warning','Expired',28.55
687,'PE412430','Standby','Active','Warning','Due',89.95
688,'PE695981','Fault','Error','Normal','Valid',91.85
689,'PE376385','Standby','Error','Error','Due',81.5
690,'PE272795','Standby','Paused','Error','Due',63.56
691,'PE610056','Operating','Active','Warning','Expired',89.42
692,'PE552342','Standby','Active','Normal','Due',87.77
693,'PE381691','Standby','Active','Normal','Expired',44.05
694,'PE322792','Standby','Active','Normal','Valid',71.61
695,'PE989079','Fault','Error','Error','Expired',28.58
696,'PE886669','Fault','Error','Normal','Valid',86.93
697,'PE391986','Fault','Paused','Warning','Expired',6.97
698,'PE336394','Operating','Error','Error','Valid',38.78
699,'PE904853','Operating','Paused','Warning','Expired',76.62
700,'PE276050','Fault','Error','Normal','Expired',62.37
701,'PE792724','Fault','Active','Error','Expired',82.0
702,'PE502906','Fault','Paused','Normal','Due',88.62
703,'PE472437','Standby','Active','Error','Due',98.72
704,'PE851332','Standby','Error','Error','Due',71.13
705,'PE996565','Fault','Paused','Warning','Valid',75.6
706,'PE323157','Operating','Paused','Normal','Expired',42.18
707,'PE216954','Operating','Error','Error','Expired',64.32
708,'PE513873','Operating','Error','Warning','Due',88.94
709,'PE642455','Operating','Active','Error','Valid',31.57
710,'PE696195','Fault','Active','Normal','Valid',51.62
711,'PE430994','Fault','Error','Normal','Expired',95.86
712,'PE927669','Operating','Active','Error','Expired',73.18
713,'PE732475','Fault','Active','Warning','Due',25.95
714,'PE755488','Standby','Error','Normal','Expired',34.82
715,'PE435447','Fault','Paused','Warning','Due',29.45
716,'PE206398','Operating','Error','Normal','Expired',15.59
717,'PE364761','Standby','Paused','Error','Due',41.95
718,'PE815773','Standby','Error','Error','Expired',18.07
719,'PE431108','Operating','Active','Warning','Expired',53.11
720,'PE310378','Standby','Error','Warning','Due',93.19
721,'PE360969','Standby','Paused','Warning','Due',79.21
722,'PE862059','Fault','Paused','Normal','Expired',85.43
723,'PE710430','Fault','Active','Warning','Due',87.52
724,'PE692825','Fault','Paused','Warning','Valid',8.79
725,'PE261327','Standby','Active','Normal','Expired',91.13
726,'PE716890','Standby','Error','Error','Valid',5.55
727,'PE114399','Operating','Error','Error','Expired',80.69
728,'PE178288','Operating','Paused','Warning','Expired',46.13
729,'PE147025','Standby','Error','Warning','Due',31.15
730,'PE410905','Fault','Paused','Error','Valid',57.25
731,'PE780527','Standby','Active','Error','Due',24.25
732,'PE776799','Standby','Active','Normal','Due',62.13
733,'PE338167','Operating','Error','Error','Due',35.17
734,'PE165412','Fault','Error','Warning','Valid',38.65
735,'PE630070','Fault','Active','Error','Valid',43.5
736,'PE930262','Fault','Error','Error','Due',73.5
737,'PE187687','Operating','Paused','Normal','Expired',25.14
738,'PE891385','Operating','Paused','Warning','Due',41.48
739,'PE408994','Operating','Error','Normal','Valid',43.12
740,'PE215787','Fault','Paused','Warning','Expired',45.26
741,'PE133392','Operating','Error','Warning','Expired',4.32
742,'PE954269','Fault','Paused','Normal','Valid',32.83
743,'PE949071','Fault','Error','Warning','Valid',89.55
744,'PE774336','Standby','Active','Warning','Expired',61.09
745,'PE690600','Fault','Paused','Normal','Valid',2.95
746,'PE626067','Fault','Paused','Warning','Expired',81.94
747,'PE906767','Operating','Active','Normal','Due',71.24
748,'PE409759','Fault','Paused','Normal','Valid',15.14
749,'PE853826','Operating','Error','Error','Due',27.22
750,'PE122925','Standby','Error','Error','Due',82.31
751,'PE810939','Standby','Paused','Normal','Valid',4.5
752,'PE844257','Fault','Error','Normal','Expired',9.07
753,'PE963481','Fault','Active','Error','Valid',83.52
754,'PE786461','Fault','Active','Normal','Valid',94.44
755,'PE836977','Standby','Error','Normal','Due',31.72
756,'PE811499','Fault','Error','Normal','Due',19.76
757,'PE236822','Fault','Active','Normal','Due',95.35
758,'PE836106','Standby','Error','Error','Expired',27.02
759,'PE786030','Standby','Error','Normal','Due',98.55
760,'PE238099','Standby','Active','Error','Due',6.15
761,'PE691843','Standby','Active','Warning','Due',81.52
762,'PE279224','Operating','Paused','Error','Valid',76.71
763,'PE849070','Operating','Error','Warning','Expired',78.1
764,'PE347838','Operating','Error','Error','Valid',42.54
765,'PE819710','Fault','Paused','Error','Due',27.92
766,'PE549721','Operating','Paused','Warning','Due',56.09
767,'PE191820','Fault','Active','Normal','Valid',16.19
768,'PE428329','Standby','Active','Warning','Valid',43.3
769,'PE385270','Operating','Paused','Error','Valid',31.6
770,'PE826660','Fault','Error','Warning','Due',38.92
771,'PE198229','Standby','Active','Error','Due',76.69
772,'PE449034','Standby','Error','Error','Due',49.04
773,'PE612256','Operating','Active','Error','Due',25.2
774,'PE614361','Standby','Active','Normal','Due',89.64
775,'PE317571','Operating','Paused','Normal','Valid',87.1
776,'PE312213','Operating','Paused','Warning','Valid',90.32
777,'PE650877','Standby','Active','Warning','Due',19.94
778,'PE111272','Standby','Paused','Error','Valid',16.9
779,'PE220604','Standby','Active','Warning','Expired',89.84
780,'PE817535','Fault','Active','Warning','Valid',43.58
781,'PE666303','Fault','Error','Normal','Valid',38.31
782,'PE436919','Fault','Active','Warning','Valid',79.27
783,'PE817690','Operating','Active','Error','Valid',58.28
784,'PE872264','Standby','Error','Error','Expired',84.29
785,'PE808195','Fault','Paused','Normal','Due',23.01
786,'PE186842','Standby','Paused','Warning','Expired',65.34
787,'PE238791','Standby','Paused','Error','Expired',71.05
788,'PE332750','Fault','Active','Normal','Due',91.36
789,'PE245518','Fault','Paused','Error','Due',37.16
790,'PE287894','Standby','Error','Normal','Valid',34.23
791,'PE752416','Operating','Error','Normal','Due',97.33
792,'PE793390','Operating','Active','Warning','Expired',40.03
793,'PE191281','Fault','Error','Error','Valid',25.88
794,'PE489363','Operating','Paused','Error','Expired',71.11
795,'PE392530','Fault','Paused','Warning','Valid',56.67
796,'PE753222','Standby','Paused','Error','Due',53.07
797,'PE168708','Standby','Paused','Error','Valid',7.67
798,'PE273375','Fault','Active','Normal','Valid',95.62
799,'PE668625','Operating','Error','Normal','Valid',14.95
800,'PE109134','Fault','Paused','Warning','Valid',42.24
801,'PE484328','Fault','Paused','Error','Expired',84.08
802,'PE776330','Standby','Error','Warning','Valid',93.92
803,'PE111840','Operating','Error','Normal','Valid',15.61
804,'PE643642','Standby','Error','Error','Valid',92.62
805,'PE427081','Fault','Error','Normal','Valid',29.44
806,'PE985216','Fault','Paused','Normal','Due',85.44
807,'PE760191','Fault','Error','Error','Expired',61.87
808,'PE765138','Standby','Active','Normal','Valid',1.7
809,'PE435994','Fault','Paused','Normal','Due',41.24
810,'PE144747','Operating','Error','Warning','Due',8.11
811,'PE557819','Operating','Error','Error','Expired',35.93
812,'PE576356','Fault','Error','Warning','Due',73.18
813,'PE941435','Fault','Active','Normal','Valid',67.08
814,'PE253347','Operating','Active','Error','Expired',66.17
815,'PE673832','Fault','Error','Error','Expired',13.5
816,'PE321160','Standby','Active','Error','Expired',56.94
817,'PE841724','Standby','Active','Error','Expired',12.85
818,'PE825925','Fault','Error','Warning','Valid',31.79
819,'PE524688','Standby','Active','Error','Valid',12.32
820,'PE554401','Fault','Paused','Normal','Valid',56.65
821,'PE412929','Fault','Paused','Error','Expired',85.14
822,'PE192034','Standby','Active','Error','Expired',17.28
823,'PE284138','Standby','Paused','Warning','Due',50.85
824,'PE193613','Standby','Active','Warning','Valid',16.65
825,'PE310821','Standby','Active','Warning','Due',37.97
826,'PE121950','Standby','Paused','Error','Valid',38.03
827,'PE317105','Operating','Paused','Normal','Valid',78.64
828,'PE352031','Fault','Active','Error','Valid',59.84
829,'PE657069','Operating','Paused','Error','Due',37.19
830,'PE744288','Standby','Paused','Normal','Valid',13.31
831,'PE895508','Operating','Active','Normal','Expired',49.6
832,'PE292598','Fault','Active','Normal','Expired',67.57
833,'PE424860','Fault','Paused','Error','Valid',34.98
834,'PE314234','Fault','Paused','Error','Due',9.27
835,'PE435248','Standby','Active','Error','Expired',46.22
836,'PE387044','Fault','Error','Normal','Expired',81.35
837,'PE947568','Fault','Error','Normal','Valid',81.5
838,'PE641346','Operating','Active','Warning','Expired',12.87
839,'PE912118','Operating','Paused','Error','Valid',12.86
840,'PE274210','Standby','Active','Warning','Expired',87.24
841,'PE881172','Operating','Paused','Normal','Due',74.47
842,'PE914079','Standby','Error','Warning','Due',33.42
843,'PE969328','Fault','Paused','Warning','Due',28.95
844,'PE502832','Fault','Active','Normal','Valid',37.34
845,'PE444562','Standby','Paused','Error','Expired',21.9
846,'PE415042','Operating','Active','Warning','Valid',68.37
847,'PE981883','Standby','Active','Warning','Due',12.04
848,'PE222130','Fault','Error','Normal','Valid',99.54
849,'PE473305','Operating','Paused','Normal','Expired',26.75
850,'PE889239','Operating','Paused','Normal','Due',16.6
851,'PE540841','Standby','Error','Warning','Expired',13.98
852,'PE405919','Fault','Error','Normal','Due',15.77
853,'PE884458','Operating','Active','Warning','Expired',62.71
854,'PE558308','Operating','Error','Normal','Valid',48.94
855,'PE281513','Fault','Paused','Error','Valid',30.93
856,'PE447845','Fault','Paused','Normal','Expired',68.09
857,'PE846355','Operating','Error','Warning','Expired',14.77
858,'PE914541','Operating','Error','Normal','Expired',78.41
859,'PE834044','Fault','Paused','Normal','Due',41.27
860,'PE407486','Operating','Paused','Error','Expired',35.95
861,'PE194942','Standby','Active','Error','Valid',92.64
862,'PE448774','Fault','Error','Warning','Due',15.35
863,'PE103362','Fault','Error','Warning','Expired',54.02
864,'PE757651','Fault','Error','Error','Due',2.18
865,'PE287923','Operating','Active','Normal','Valid',82.04
866,'PE579809','Standby','Error','Warning','Expired',9.08
867,'PE420174','Standby','Paused','Error','Expired',13.46
868,'PE444453','Fault','Active','Warning','Valid',64.64
869,'PE569112','Standby','Paused','Warning','Expired',43.79
870,'PE703067','Standby','Paused','Warning','Expired',88.28
871,'PE298974','Standby','Paused','Error','Valid',71.75
872,'PE521074','Fault','Paused','Warning','Due',57.08
873,'PE872778','Fault','Paused','Error','Valid',88.71
874,'PE951990','Standby','Error','Warning','Valid',20.34
875,'PE154683','Fault','Paused','Normal','Expired',87.63
876,'PE416443','Standby','Error','Warning','Valid',22.51
877,'PE899568','Standby','Active','Normal','Due',56.92
878,'PE571552','Operating','Paused','Normal','Due',54.37
879,'PE856942','Operating','Paused','Normal','Valid',48.33
880,'PE868411','Standby','Active','Normal','Valid',23.2
881,'PE477914','Fault','Paused','Error','Valid',28.36
882,'PE726757','Operating','Active','Error','Due',99.82
883,'PE745542','Standby','Active','Error','Due',29.66
884,'PE420431','Fault','Error','Normal','Valid',63.5
885,'PE491949','Fault','Error','Warning','Valid',94.72
886,'PE768186','Fault','Active','Normal','Expired',27.74
887,'PE768299','Operating','Active','Error','Due',66.53
888,'PE108953','Standby','Active','Warning','Valid',95.49
889,'PE258134','Operating','Active','Warning','Due',14.98
890,'PE675360','Operating','Error','Warning','Valid',82.38
891,'PE280407','Operating','Active','Error','Expired',60.46
892,'PE820607','Standby','Active','Error','Valid',12.94
893,'PE579629','Operating','Paused','Warning','Valid',47.41
894,'PE656062','Fault','Error','Error','Valid',48.56
895,'PE813989','Standby','Active','Error','Valid',64.04
896,'PE116202','Fault','Paused','Normal','Expired',8.8
897,'PE716318','Standby','Paused','Warning','Expired',23.44
898,'PE801832','Operating','Paused','Normal','Expired',55.67
899,'PE795439','Fault','Active','Error','Valid',19.5
900,'PE524851','Operating','Error','Error','Due',76.59
901,'PE714558','Standby','Error','Normal','Expired',26.42
902,'PE626991','Operating','Error','Warning','Due',20.86
903,'PE654326','Standby','Active','Warning','Due',80.79
904,'PE458880','Standby','Active','Warning','Valid',86.49
905,'PE263918','Operating','Active','Error','Due',77.3
906,'PE333945','Standby','Paused','Normal','Expired',95.95
907,'PE229619','Operating','Paused','Warning','Expired',34.65
908,'PE102028','Operating','Error','Error','Due',8.93
909,'PE976836','Operating','Paused','Error','Valid',49.76
910,'PE347416','Standby','Paused','Warning','Expired',13.69
911,'PE110574','Standby','Error','Warning','Valid',60.64
912,'PE894156','Standby','Error','Error','Valid',16.62
913,'PE747978','Standby','Paused','Warning','Valid',32.69
914,'PE567206','Fault','Error','Error','Due',40.07
915,'PE161000','Standby','Paused','Warning','Valid',6.89
916,'PE145980','Fault','Active','Normal','Valid',54.45
917,'PE811527','Standby','Active','Normal','Due',36.67
918,'PE523614','Fault','Paused','Error','Due',97.91
919,'PE987358','Standby','Error','Error','Due',30.85
920,'PE252850','Operating','Paused','Normal','Valid',53.94
921,'PE912339','Fault','Error','Error','Due',59.76
922,'PE871270','Operating','Error','Normal','Valid',76.96
923,'PE800481','Standby','Paused','Error','Expired',21.98
924,'PE199755','Operating','Paused','Error','Due',75.61
925,'PE690146','Standby','Active','Error','Valid',31.59
926,'PE722393','Standby','Error','Error','Due',53.6
927,'PE155415','Fault','Active','Normal','Due',88.92
928,'PE686061','Operating','Active','Error','Valid',64.49
929,'PE623547','Fault','Error','Error','Valid',61.36
930,'PE821331','Fault','Active','Warning','Expired',81.34
931,'PE523796','Fault','Active','Warning','Expired',35.14
932,'PE151340','Operating','Paused','Warning','Expired',79.69
933,'PE944729','Standby','Paused','Error','Valid',41.07
934,'PE493691','Fault','Paused','Error','Due',6.62
935,'PE588969','Fault','Paused','Warning','Due',61.73
936,'PE280807','Standby','Paused','Error','Valid',53.74
937,'PE248888','Operating','Error','Warning','Valid',28.24
938,'PE968498','Standby','Active','Warning','Valid',68.88
939,'PE897777','Fault','Error','Warning','Due',56.03
940,'PE563004','Standby','Error','Warning','Valid',87.12
941,'PE534437','Standby','Error','Normal','Due',95.48
942,'PE658778','Operating','Active','Normal','Expired',73.68
943,'PE397934','Fault','Active','Warning','Due',27.65
944,'PE621914','Fault','Error','Error','Valid',58.97
945,'PE869346','Fault','Paused','Normal','Expired',3.84
946,'PE710424','Fault','Error','Error','Valid',0.62
947,'PE798560','Fault','Paused','Error','Due',90.33
948,'PE333834','Standby','Active','Error','Valid',77.3
949,'PE880750','Operating','Paused','Error','Expired',81.09
950,'PE114531','Fault','Active','Normal','Expired',65.52
951,'PE541422','Standby','Paused','Normal','Expired',67.24
952,'PE460299','Fault','Paused','Error','Valid',70.72
953,'PE930067','Standby','Paused','Normal','Expired',32.95
954,'PE943781','Operating','Active','Error','Valid',28.3
955,'PE272149','Fault','Active','Normal','Valid',72.61
956,'PE923029','Fault','Error','Warning','Valid',23.74
957,'PE253386','Standby','Active','Normal','Due',47.42
958,'PE246245','Standby','Active','Normal','Due',12.84
959,'PE927639','Operating','Paused','Normal','Expired',64.67
960,'PE251279','Fault','Paused','Error','Valid',31.69
961,'PE168686','Operating','Paused','Warning','Due',99.13
962,'PE350998','Standby','Active','Error','Valid',61.0
963,'PE217602','Operating','Error','Warning','Valid',14.94
964,'PE398223','Standby','Paused','Warning','Due',7.83
965,'PE925577','Fault','Paused','Warning','Due',75.24
966,'PE404422','Fault','Paused','Error','Valid',93.32
967,'PE677442','Operating','Active','Normal','Expired',68.51
968,'PE218343','Operating','Active','Normal','Valid',22.33
969,'PE831311','Standby','Active','Normal','Due',57.91
970,'PE794498','Standby','Active','Warning','Valid',98.03
971,'PE930095','Operating','Paused','Warning','Due',1.78
972,'PE162451','Operating','Error','Warning','Expired',87.74
973,'PE521809','Operating','Active','Warning','Expired',68.7
974,'PE496465','Fault','Active','Error','Valid',53.55
975,'PE562081','Standby','Error','Error','Due',94.93
976,'PE152151','Operating','Error','Warning','Expired',2.1
977,'PE365905','Operating','Paused','Normal','Due',80.99
978,'PE989552','Operating','Active','Warning','Expired',17.47
979,'PE818995','Fault','Active','Error','Valid',26.65
980,'PE162532','Fault','Error','Error','Valid',38.97
981,'PE134916','Fault','Error','Error','Due',10.57
982,'PE716130','Operating','Error','Error','Due',94.41
983,'PE831432','Standby','Active','Warning','Expired',9.24
984,'PE835182','Fault','Error','Error','Expired',9.33
985,'PE164226','Operating','Paused','Warning','Valid',90.27
986,'PE489715','Fault','Error','Normal','Expired',41.47
987,'PE243644','Fault','Paused','Warning','Due',53.71
988,'PE339294','Operating','Error','Error','Valid',89.96
989,'PE431726','Operating','Paused','Error','Expired',64.65
990,'PE418682','Fault','Paused','Normal','Valid',61.96
991,'PE925189','Operating','Active','Error','Due',44.85
992,'PE415994','Operating','Active','Normal','Valid',34.26
993,'PE747086','Standby','Error','Warning','Expired',66.18
994,'PE506098','Standby','Paused','Error','Due',17.22
995,'PE936376','Fault','Paused','Normal','Valid',95.38
996,'PE842980','Standby','Active','Error','Expired',93.92
997,'PE380656','Standby','Active','Error','Due',53.7
998,'PE247407','Fault','Paused','Error','Due',73.21
999,'PE894180','Operating','Error','Error','Valid',99.37
1000,'PE466707','Operating','Error','Warning','Due',4.14
