'COM_02Q3V','ENG_9RLZH','MEM_QCM5T',37,544.10,80,45,51.8,'High'
'COM_5C1C3','ENG_FGNJL','MEM_KGCEJ',0,626.15,69,34,77.9,'Low'
'COM_Z1O8V','ENG_68S16','MEM_P91DJ',35,476.54,62,28,24.2,'Low'
'COM_D6G38','ENG_DILN2','MEM_HVZ7O',21,1113.58,1,33,7.0,'High'
'COM_SBM9E','ENG_X9EXO','MEM_A4G6Q',38,838.82,52,27,39.9,'High'
'COM_62497','ENG_06WQ9','MEM_Z2WHS',25,1161.01,30,16,37.7,'Low'
'COM_0OLI4','ENG_O8RT4','MEM_8QIK4',6,578.34,17,42,60.4,'High'
'COM_H3CB0','ENG_N7H45','MEM_GSSNJ',11,777.03,99,44,6.0,'High'
'COM_QPN44','ENG_OGEXW','MEM_A5CZH',18,633.36,17,6,54.3,'Low'
'COM_G1KQ4','ENG_XHCAM','MEM_0X7U9',25,98.88,87,50,49.7,'Medium'
'COM_S5W5U','ENG_D1QOY','MEM_SRXZJ',21,1059.68,73,4,67.6,'Low'
'COM_L47C9','ENG_OT0D9','MEM_91964',11,732.61,31,29,70.2,'Low'
'COM_CO049','ENG_1JMQE','MEM_2QN8I',27,1874.78,59,17,37.3,'Low'
'COM_2MAQC','ENG_PNXDT','MEM_WIR89',29,165.04,7,31,7.8,'Low'
'COM_43L3N','ENG_A1RSB','MEM_2RY22',36,521.51,8,15,81.5,'High'
'COM_KYUBB','ENG_T8Q2J','MEM_3S0NI',24,571.33,67,11,22.5,'Low'
'COM_F13BP','ENG_DJM20','MEM_5AEZO',3,1591.33,3,37,32.3,'Low'
'COM_CW65U','ENG_7VWA4','MEM_3CLFB',18,1880.86,48,47,85.3,'High'
'COM_I115Q','ENG_D977U','MEM_9B7QH',43,531.97,21,42,18.3,'Low'
'COM_96BY5','ENG_WINOV','MEM_AVDOU',25,1902.83,50,5,56.9,'High'
'COM_CC8H3','ENG_PTRNB','MEM_LVYIC',27,937.83,50,44,53.1,'High'
'COM_O8TV6','ENG_CLUG3','MEM_SM7RS',48,713.15,98,14,72.3,'Low'
'COM_PYVBK','ENG_XROM0','MEM_IOK7W',28,1663.89,43,42,22.5,'High'
'COM_OWFCA','ENG_TUK66','MEM_DEKRI',49,1800.48,94,15,41.6,'Low'
'COM_0LOR1','ENG_UTGXV','MEM_E5OXG',42,1807.40,83,42,73.4,'Low'
'COM_TSX2L','ENG_H2DY0','MEM_61HS7',18,812.63,58,22,33.3,'Medium'
'COM_43ZJ9','ENG_8BAJ7','MEM_SEFSY',2,1976.43,41,19,95.0,'Low'
'COM_YSVIR','ENG_8OAQD','MEM_BMZHM',50,921.45,3,13,21.8,'Low'
'COM_4SG4K','ENG_I58L6','MEM_FRUQ9',21,400.48,52,17,51.2,'Low'
'COM_UJFW5','ENG_HDR2K','MEM_J3ZR6',5,369.61,98,37,79.4,'Low'
'COM_TDALV','ENG_CKCN1','MEM_UOHAG',46,1354.52,63,14,3.9,'Low'
'COM_VJ2UT','ENG_S3BP1','MEM_ARWK0',36,844.14,3,21,67.4,'Low'
'COM_230W5','ENG_C2TIQ','MEM_CU6V6',10,1801.48,41,32,88.0,'Medium'
'COM_GNIXM','ENG_SLIYC','MEM_5GJDF',9,1097.00,32,31,69.4,'Medium'
'COM_1HTEX','ENG_DEQW7','MEM_ITS17',41,407.77,43,40,10.1,'High'
'COM_56A15','ENG_CRU6G','MEM_93U3Q',34,1897.61,79,21,8.7,'Low'
'COM_DF70Q','ENG_L7EA2','MEM_WTKH9',50,644.67,72,37,19.0,'Medium'
'COM_BCJX2','ENG_WJY4G','MEM_OKNIN',45,128.42,50,45,15.3,'Low'
'COM_D79QA','ENG_OA2GC','MEM_2DO2E',14,814.01,81,29,41.8,'Low'
'COM_Z9HDJ','ENG_VS8LY','MEM_LV57U',20,1780.56,49,31,33.1,'Low'
'COM_DFMWK','ENG_0SD31','MEM_D6KJV',20,755.22,61,22,9.2,'Low'
'COM_TKMKP','ENG_97NFP','MEM_0XXDB',1,1813.12,10,42,0.9,'High'
'COM_XH2G7','ENG_57T78','MEM_NJ2G4',24,1430.60,60,50,30.1,'Low'
'COM_EWB6X','ENG_DR0IA','MEM_ITCON',15,1810.28,51,11,44.1,'Low'
'COM_E7MW8','ENG_LVEJQ','MEM_GQH1Q',9,438.64,87,46,44.3,'Medium'
'COM_HDN66','ENG_X8MCZ','MEM_JYLLF',3,599.37,50,7,85.6,'Medium'
'COM_3USKT','ENG_8UJ2W','MEM_YU84T',4,1882.74,97,41,35.1,'Low'
'COM_J8XPW','ENG_SXGRC','MEM_FJA88',35,79.00,24,25,46.6,'Medium'
'COM_TWIBH','ENG_S143Z','MEM_PCPHZ',21,614.91,11,32,88.4,'Medium'
'COM_4LE86','ENG_ERMR2','MEM_M77B1',23,791.03,71,17,85.7,'Low'
'COM_BVWIC','ENG_HPQPQ','MEM_IMRI7',9,1359.77,11,27,82.3,'Low'
'COM_1FKVW','ENG_MFKCW','MEM_24S5W',0,1106.13,19,34,49.8,'Medium'
'COM_QRODC','ENG_D36EM','MEM_40LHJ',4,795.70,68,42,51.9,'Medium'
'COM_58XPG','ENG_N8K9U','MEM_J5NML',43,56.74,25,1,7.3,'Low'
'COM_M3L0Y','ENG_GWS9W','MEM_RXXR5',38,1878.56,37,23,71.0,'Low'
'COM_G9KWT','ENG_5EHE8','MEM_0WGXU',31,1428.24,26,8,37.3,'Low'
'COM_MB7OG','ENG_ZA6NB','MEM_NDGHM',3,966.83,39,42,33.2,'High'
'COM_XL7JC','ENG_WKDR4','MEM_MLURU',6,1753.65,54,3,42.4,'Medium'
'COM_O2Z02','ENG_V4O0B','MEM_31RUB',40,502.12,51,20,60.4,'Low'
'COM_EBINS','ENG_G2QX2','MEM_EHDYR',11,4.39,15,21,27.8,'Low'
'COM_4ODDY','ENG_PL3L5','MEM_LW0IK',36,547.49,12,49,69.0,'High'
'COM_IIJX3','ENG_RH4QY','MEM_P5UK1',7,723.29,52,21,57.2,'Medium'
'COM_LUH0V','ENG_C2ZES','MEM_JESI4',5,999.40,77,36,42.3,'Medium'
'COM_EQE5B','ENG_PJZXK','MEM_YXFLA',28,1939.84,63,9,50.8,'Low'
'COM_DZB8J','ENG_6WYWC','MEM_ADF3T',20,1823.79,18,36,93.2,'High'
'COM_6XPLA','ENG_BYIN8','MEM_VKB0A',27,530.96,79,48,3.6,'Medium'
'COM_9VQ6U','ENG_RN0SR','MEM_O0A53',5,118.86,0,7,74.8,'Low'
'COM_EXGRF','ENG_W2122','MEM_CV8WB',17,26.87,73,21,10.9,'Low'
'COM_0DV07','ENG_V5VUL','MEM_CYFP4',39,512.95,52,17,36.3,'Low'
'COM_TZBOD','ENG_BDPOX','MEM_E94U9',30,547.69,42,9,89.7,'Medium'
'COM_30MG4','ENG_UZARI','MEM_V9E0D',40,512.70,42,4,42.4,'Low'
'COM_N9TSM','ENG_6R260','MEM_W82Y8',49,1367.62,18,24,14.7,'Low'
'COM_E8KBF','ENG_TMXD5','MEM_MNW7G',48,955.43,35,26,19.7,'High'
'COM_0LRS3','ENG_JB6N8','MEM_98G1I',0,726.22,72,35,29.6,'High'
'COM_Y83OA','ENG_K42WK','MEM_VKFTE',24,552.79,1,41,68.6,'High'
'COM_OVADD','ENG_XMFS1','MEM_STI3Y',36,1980.76,57,17,59.5,'Low'
'COM_XT12P','ENG_AWB5B','MEM_40IHZ',37,1149.05,18,42,23.0,'High'
'COM_D8082','ENG_76SLS','MEM_TYBAQ',12,922.25,60,42,57.4,'Medium'
'COM_U5X42','ENG_1E8N8','MEM_2B5UY',20,277.88,76,31,79.0,'Low'
'COM_0CXGC','ENG_PQ6ZC','MEM_XNTP3',37,1344.42,38,29,16.9,'Low'
'COM_84KOT','ENG_OZJLT','MEM_JPA8T',45,176.08,16,20,70.7,'High'
'COM_XLNOH','ENG_I6RUW','MEM_29NPO',42,1165.53,35,27,11.8,'High'
'COM_C197Q','ENG_WT51O','MEM_SG7EQ',19,473.41,17,25,82.6,'Low'
'COM_T9CM9','ENG_TYRHV','MEM_BLX4S',46,885.87,35,24,10.9,'Low'
'COM_FHF10','ENG_5KLSP','MEM_MZ65Z',32,1827.93,32,22,92.6,'High'
'COM_ABQDJ','ENG_P70WE','MEM_UW8KH',47,92.85,23,21,20.3,'Medium'
'COM_XFWGA','ENG_USOAI','MEM_SLCXO',0,1210.23,88,6,46.0,'Medium'
'COM_M0L40','ENG_A8MQ2','MEM_M1T9N',29,1676.14,87,16,66.3,'Low'
'COM_VZXW7','ENG_7J6FC','MEM_8GOBS',4,1781.80,46,41,54.6,'Low'
'COM_NPWIF','ENG_SMJQ1','MEM_ZDFO7',17,31.53,81,18,2.8,'Low'
'COM_7PU4Z','ENG_9W8BK','MEM_G4SOL',8,1098.45,86,34,22.7,'Medium'
'COM_QVNX4','ENG_X4ACN','MEM_HSLDR',27,480.22,19,16,84.2,'Low'
'COM_30H0Q','ENG_PUTYV','MEM_BOUV6',20,388.81,66,11,66.6,'Low'
'COM_7LV7P','ENG_MA3YQ','MEM_7A2C4',8,1741.60,56,14,15.3,'Medium'
'COM_KE9WU','ENG_54D9F','MEM_V5K3I',48,1391.65,67,30,53.8,'High'
'COM_8HGXE','ENG_UP5QV','MEM_BUDLK',13,1744.51,88,31,8.0,'Low'
'COM_KVI04','ENG_8C8P7','MEM_2XNJE',48,1925.74,47,47,92.0,'High'
'COM_C9LNE','ENG_YF21U','MEM_8G3IA',15,262.05,44,34,7.5,'Low'
'COM_6GP2I','ENG_TRNL3','MEM_DBFMW',36,617.11,32,25,83.4,'Low'
'COM_EE3VK','ENG_IJSEK','MEM_29MZR',35,1286.30,58,47,2.6,'High'
'COM_RQ363','ENG_5KETD','MEM_W4RI0',13,391.77,29,5,35.2,'Low'
'COM_8F1TN','ENG_GO8SU','MEM_D3ODD',25,1023.93,52,28,80.9,'Medium'
'COM_P7N9U','ENG_5VCN3','MEM_OPMFL',36,1095.32,92,31,4.9,'Low'
'COM_NLIWG','ENG_3LHID','MEM_CKF7L',24,722.09,40,32,68.4,'Medium'
'COM_MR0B3','ENG_ZO801','MEM_8T3XU',12,1614.07,66,20,61.3,'High'
'COM_FUAWZ','ENG_1UEU2','MEM_CWLMB',20,611.86,65,45,93.1,'Low'
'COM_MXC7J','ENG_F7V7T','MEM_K4W9L',31,209.73,95,33,25.9,'Low'
'COM_X10RL','ENG_9ACQT','MEM_40OP4',13,1130.74,0,18,7.5,'Low'
'COM_N5EWY','ENG_1E3RU','MEM_9PEJK',12,1270.79,10,8,77.8,'High'
'COM_350P3','ENG_Z5X16','MEM_0H76A',7,1187.10,75,17,53.2,'High'
'COM_CV26B','ENG_OOTTO','MEM_GSGXD',29,296.25,8,30,10.4,'Medium'
'COM_0HUIN','ENG_22K1G','MEM_UP0P9',42,51.61,39,7,81.8,'Low'
'COM_CTIRZ','ENG_DA6GG','MEM_QDZDV',33,1200.93,29,30,17.8,'Medium'
'COM_LBN2I','ENG_7TUUO','MEM_WLCJN',49,1839.27,90,10,82.2,'Medium'
'COM_0FWKR','ENG_M5JNS','MEM_YNPD9',40,1689.44,91,38,2.3,'Low'
'COM_L2FF0','ENG_FI5OO','MEM_906IJ',29,105.50,24,22,38.7,'Low'
'COM_V9EI1','ENG_US6T5','MEM_7C4QA',24,469.45,77,14,53.8,'Medium'
'COM_NKQO2','ENG_Q0QG9','MEM_LUNKY',45,430.53,14,43,93.5,'Medium'
'COM_2A1IQ','ENG_21RRY','MEM_B6OTS',7,1103.05,41,40,81.3,'Medium'
'COM_NXNZW','ENG_X33R8','MEM_W4PFP',39,1190.87,61,30,86.1,'Low'
'COM_VXRT0','ENG_1C4LR','MEM_6218F',28,1883.18,0,4,70.8,'Low'
'COM_HWW25','ENG_O1N09','MEM_U0JIP',42,461.67,82,42,80.5,'High'
'COM_SZF48','ENG_2BOJW','MEM_W0Y1P',40,1890.71,79,32,18.5,'Medium'
'COM_E12I4','ENG_ZFQQ8','MEM_O8LPI',19,989.45,76,25,56.2,'Low'
'COM_DCNOO','ENG_JSTJX','MEM_GN7I8',6,1349.31,20,16,96.2,'Medium'
'COM_OGFVP','ENG_EZWP0','MEM_2ASQ1',29,1852.89,87,13,67.1,'Medium'
'COM_6QJT0','ENG_TMGME','MEM_K2SNQ',31,224.10,55,42,88.2,'High'
'COM_TVULO','ENG_EDB4B','MEM_MJW67',9,320.35,28,27,94.0,'Low'
'COM_T45TJ','ENG_O605Y','MEM_M9ENR',14,1431.31,57,19,89.8,'Low'
'COM_ZMOU3','ENG_4KVYV','MEM_ERTOP',33,1436.96,90,4,59.1,'Low'
'COM_2CTDE','ENG_TJ7GL','MEM_M7557',25,1458.14,12,8,87.8,'Low'
'COM_IMTTS','ENG_R3JF3','MEM_VXIKO',29,293.56,27,21,28.8,'High'
'COM_4BW44','ENG_B9ZMO','MEM_3D1Q2',1,1986.46,19,3,8.1,'Low'
'COM_ENX6I','ENG_3HXJ1','MEM_M2TSV',32,1411.93,96,10,12.4,'Low'
'COM_C1QS1','ENG_KCPOO','MEM_X9C0M',5,503.15,66,18,99.2,'Low'
'COM_PJG16','ENG_NEJMD','MEM_0W90W',26,113.71,93,45,8.4,'Low'
'COM_AI0U1','ENG_OSP6I','MEM_MIS0M',39,1335.08,28,30,64.9,'Low'
'COM_ZEA4J','ENG_TZWBH','MEM_ZVCRA',35,1931.64,87,11,36.6,'Low'
'COM_J6ZK7','ENG_95ZVX','MEM_K4N7S',16,801.16,92,11,7.2,'Low'
'COM_SUJ8U','ENG_M1PQ8','MEM_BUMYT',6,1017.51,27,36,6.3,'Low'
'COM_8NJE0','ENG_TJ6PS','MEM_AVZSR',43,517.81,1,16,27.3,'High'
'COM_2QHKM','ENG_EV46W','MEM_VTGNF',5,156.87,51,50,54.7,'Medium'
'COM_DR9YG','ENG_EX00I','MEM_LZRED',44,971.15,67,41,22.6,'Low'
'COM_YUDMF','ENG_K6CPM','MEM_37ZE5',20,1950.97,53,14,77.8,'Low'
'COM_WGO4C','ENG_DO7KH','MEM_R0PNE',34,724.58,60,19,88.6,'High'
'COM_ZZKHN','ENG_RG05O','MEM_3TC2C',35,1191.88,85,4,90.7,'Low'
'COM_RRJH7','ENG_HRQ6C','MEM_PDRCA',18,1753.85,45,25,63.9,'High'
'COM_B3YMP','ENG_94NWN','MEM_LADX5',12,721.89,14,0,29.2,'Low'
'COM_BNI47','ENG_ORVF6','MEM_3SI0N',21,1103.44,30,1,87.8,'High'
'COM_9QJK6','ENG_WAWU8','MEM_13LKG',39,557.17,81,30,6.6,'Low'
'COM_DWC84','ENG_6TMDG','MEM_LAOJJ',50,1968.73,73,8,61.2,'Low'
'COM_R8P6V','ENG_O0KPU','MEM_R53XP',23,1783.07,56,8,93.5,'High'
'COM_MCMR4','ENG_NZCAO','MEM_G17UF',39,1032.59,10,38,59.5,'High'
'COM_A4GRV','ENG_C121S','MEM_Y1Z8R',10,1128.33,36,11,11.9,'Medium'
'COM_OEELD','ENG_WRVHK','MEM_WXMNS',22,816.76,85,14,13.9,'High'
'COM_94ZCI','ENG_FKJSX','MEM_RGH9H',32,1633.98,20,41,44.5,'Low'
'COM_9OWX3','ENG_4M2JZ','MEM_LRW16',16,1678.80,82,24,94.5,'High'
'COM_CGNJ4','ENG_2Q6ZC','MEM_J6KY2',27,1694.91,63,10,58.7,'Low'
'COM_K9P1E','ENG_JWEFR','MEM_BRMKF',50,1599.75,51,0,95.2,'Low'
'COM_RW15B','ENG_ZU6V1','MEM_4W9ZE',0,585.79,80,3,83.6,'Low'
'COM_G7Z45','ENG_1SAJE','MEM_9LFHO',31,1161.87,69,40,29.6,'High'
'COM_T66H5','ENG_TGWGW','MEM_VT809',29,1685.96,10,35,91.2,'Low'
'COM_CQEH2','ENG_48TAZ','MEM_ZGAZK',34,1158.40,47,7,32.6,'Low'
'COM_AJ4SF','ENG_CEW4D','MEM_2IQB2',6,1089.81,63,25,25.7,'Low'
'COM_OQKRK','ENG_E0LVP','MEM_864U2',0,1786.83,99,23,24.4,'Medium'
'COM_BSAK3','ENG_2IW4W','MEM_T4XY8',14,797.24,2,47,21.1,'Low'
'COM_MH5BK','ENG_R3PLL','MEM_BFBN2',36,1161.32,3,34,43.7,'Medium'
'COM_74PID','ENG_F94BK','MEM_VZ7BQ',44,1594.88,22,7,25.6,'Low'
'COM_NQH0B','ENG_XHV1P','MEM_FXZ2W',20,1198.17,74,44,29.2,'Medium'
'COM_UQCKK','ENG_ATTSC','MEM_C71BK',38,915.78,16,3,99.3,'Medium'
'COM_G8B23','ENG_O6LI1','MEM_23JSG',1,1755.57,26,24,84.5,'High'
'COM_IQ6WG','ENG_6FC6E','MEM_9QZBG',42,1709.02,48,11,30.7,'Low'
'COM_IUB5I','ENG_JMG2X','MEM_BG2I2',26,1928.37,22,14,90.0,'Medium'
'COM_EY0QX','ENG_346KZ','MEM_99IK9',33,762.34,9,50,40.9,'Low'
'COM_KTCCP','ENG_EFXP3','MEM_0AILU',25,28.36,60,6,24.7,'Low'
'COM_6NJOF','ENG_M9PZZ','MEM_B3LSG',5,1917.60,60,26,47.4,'Low'
'COM_4OKAE','ENG_G7HJ1','MEM_JU1HK',18,699.30,75,31,89.3,'Medium'
'COM_JY8D2','ENG_BEWHR','MEM_MGFTQ',29,1400.12,74,27,58.2,'Low'
'COM_4BDKT','ENG_C52ZM','MEM_DJN4L',22,1638.14,25,6,46.4,'High'
'COM_7UUM9','ENG_6H4NW','MEM_WNKIY',25,1275.39,44,27,13.4,'Medium'
'COM_4B3U6','ENG_E7BUZ','MEM_1GGEU',5,285.38,46,44,67.9,'High'
'COM_SJQSM','ENG_U15WX','MEM_1SCB0',4,1105.67,11,45,3.2,'Low'
'COM_N7QXG','ENG_N9YVT','MEM_OLCZ8',32,1002.50,97,7,23.7,'Low'
'COM_IYAGR','ENG_9G5GC','MEM_DQCIT',49,1522.05,14,47,77.9,'Low'
'COM_4T8I4','ENG_22Y9S','MEM_4D1SE',19,811.86,60,38,33.7,'High'
'COM_INV4P','ENG_WQLTW','MEM_BS7Z5',7,262.79,2,42,21.4,'High'
'COM_CZOCU','ENG_1JAUQ','MEM_1AXRV',11,1034.37,46,13,0.4,'High'
'COM_1MW27','ENG_EANS1','MEM_S5MDL',48,1888.12,1,6,81.9,'Low'
'COM_UIY8I','ENG_IOO0Y','MEM_ZB5YO',36,1604.88,9,12,42.4,'High'
'COM_2W5YK','ENG_QOJXL','MEM_DAG4O',39,1766.52,43,9,41.9,'Low'
'COM_M8QEC','ENG_55QFN','MEM_DFJMW',25,1649.86,73,46,75.4,'High'
'COM_D503M','ENG_BC1ST','MEM_S62Y5',43,1099.22,65,36,58.4,'Low'
'COM_BWUJO','ENG_4VTLV','MEM_NCWOP',19,389.57,26,20,45.6,'Low'
'COM_O21G4','ENG_60TGJ','MEM_RCQQ8',30,131.43,83,6,63.7,'High'
'COM_4NG34','ENG_QLBY9','MEM_RFXWR',2,429.38,41,13,7.4,'Low'
'COM_7XU1V','ENG_YRF0V','MEM_LRYGZ',33,1480.14,85,21,65.1,'Low'
'COM_S38GJ','ENG_UI38B','MEM_3VZD4',48,7.49,57,41,32.6,'Medium'
'COM_VI6UD','ENG_RR2O2','MEM_93RT1',42,1570.50,74,6,81.3,'Low'
'COM_XIKJ2','ENG_DM9PL','MEM_M8TOY',28,1991.33,43,42,44.6,'High'
'COM_KZR2D','ENG_YU065','MEM_QSA9J',18,909.21,36,13,8.0,'High'
'COM_Z3KLI','ENG_WZZIK','MEM_7VOXZ',31,729.86,19,22,21.6,'Low'
'COM_0HPFD','ENG_K34DX','MEM_0R580',9,112.49,16,50,15.0,'Low'
'COM_HVZUI','ENG_Z27X7','MEM_WUTCD',23,1090.22,85,0,88.8,'Low'
'COM_H0PZC','ENG_0SUEJ','MEM_PV4D1',3,420.09,85,27,14.6,'Low'
'COM_WDI1V','ENG_7N1Q8','MEM_XLVA5',43,133.29,21,36,61.4,'High'
'COM_547WT','ENG_DI0OQ','MEM_88GR6',22,904.40,64,39,96.0,'Low'
'COM_YEECB','ENG_RYRDX','MEM_WSTN7',17,1572.95,79,15,13.6,'High'
'COM_M06L3','ENG_XK3TZ','MEM_C5WFD',20,580.82,84,8,14.3,'High'
'COM_GVDZ0','ENG_L9660','MEM_30OPO',30,804.61,47,10,49.3,'High'
'COM_SRNAV','ENG_E7NUT','MEM_YAPST',38,1912.18,74,8,73.6,'Medium'
'COM_3B7WD','ENG_3AAIQ','MEM_NNH9Q',0,487.42,89,1,10.9,'Low'
'COM_P5BHG','ENG_TK1UN','MEM_NDDVO',46,12.49,47,49,85.8,'Low'
'COM_C2B9S','ENG_URA7B','MEM_JQKM2',23,1689.37,34,44,50.7,'Low'
'COM_IACNA','ENG_QLATR','MEM_7AMJP',25,1787.12,74,31,58.4,'Medium'
'COM_8V04Y','ENG_SML21','MEM_OGKGZ',13,53.73,60,7,92.9,'High'
'COM_0F72X','ENG_4ZF7O','MEM_1VTEA',29,803.52,55,8,83.3,'Low'
'COM_UCNIQ','ENG_6GCBO','MEM_0CMZ1',34,519.58,66,18,26.4,'Medium'
'COM_ZP9V1','ENG_WASIS','MEM_O8NET',39,586.33,8,5,90.7,'Medium'
'COM_01KJA','ENG_KA9GV','MEM_BTY0W',17,1961.71,0,19,1.1,'Medium'
'COM_XXIK3','ENG_BYLUB','MEM_KOJC1',20,778.22,12,39,5.2,'Low'
'COM_XRX5I','ENG_ALDBS','MEM_O9CMG',22,1280.49,19,22,11.2,'High'
'COM_JU5U4','ENG_T4AD9','MEM_X3CKD',14,937.16,15,21,44.3,'Low'
'COM_CACQ4','ENG_Q0NTG','MEM_Y56L7',5,1965.62,29,42,91.7,'High'
'COM_UZ4OT','ENG_KDZWM','MEM_4CG3V',38,1057.69,96,11,56.0,'Low'
'COM_M1PN9','ENG_KDVLI','MEM_AU7MJ',19,1921.48,57,26,50.0,'Low'
'COM_L0Y7O','ENG_FNGO4','MEM_WOEOE',1,265.56,68,26,13.0,'Medium'
'COM_HFEZ4','ENG_D593I','MEM_WLVV1',12,1381.66,61,31,39.7,'Medium'
'COM_L3RJW','ENG_8I0T5','MEM_RQGUI',42,508.18,4,43,32.4,'Low'
'COM_J972L','ENG_AG2L7','MEM_L6AA5',38,1120.42,29,14,23.0,'Low'
'COM_MF1OM','ENG_U904Q','MEM_G0OB3',8,610.94,18,8,43.4,'Medium'
'COM_J7B6Z','ENG_HOVJK','MEM_SQDEF',37,1054.56,76,38,53.1,'Low'
'COM_87VS5','ENG_7FFAV','MEM_4114O',31,1410.78,70,50,21.7,'Low'
'COM_U9EES','ENG_A8KMT','MEM_11VIH',14,1961.38,46,45,75.7,'High'
'COM_VG835','ENG_TXYN3','MEM_DWJQN',45,779.32,34,46,35.3,'High'
'COM_UHJWF','ENG_J504E','MEM_4WIR7',13,1489.21,56,42,35.0,'Low'
'COM_DXYZ5','ENG_3X32G','MEM_4AEPL',2,912.65,42,1,21.7,'Medium'
'COM_LH9LG','ENG_MGG6B','MEM_0MHPE',38,1791.32,59,50,62.8,'Low'
'COM_SQFRZ','ENG_PBLZR','MEM_4QAIT',20,1389.71,66,50,47.7,'Low'
'COM_788TL','ENG_D7RZE','MEM_AVNSB',36,799.64,85,21,55.3,'High'
'COM_OIRKF','ENG_Y6QJQ','MEM_YG2UD',35,294.26,12,48,13.1,'Low'
'COM_UEJC4','ENG_XBBWF','MEM_BFOR2',26,16.47,25,34,13.4,'Low'
'COM_JU22F','ENG_FCFVP','MEM_I15I8',7,506.23,42,31,44.5,'High'
'COM_SYGX3','ENG_Y6Y14','MEM_KZETK',33,757.12,9,19,10.1,'High'
'COM_PD6K6','ENG_U6H7W','MEM_UZJSD',36,942.85,0,43,32.5,'Medium'
'COM_ONNJC','ENG_2QLN9','MEM_3L83Y',24,1988.05,78,9,40.8,'Low'
'COM_KJ7QX','ENG_GCCI3','MEM_3RE2C',29,1150.02,68,9,59.1,'Low'
'COM_JYIC3','ENG_41MLA','MEM_DWJSZ',2,24.23,82,3,26.0,'Medium'
'COM_2G1EL','ENG_AXU8G','MEM_8JHCW',40,306.94,8,12,85.4,'Medium'
'COM_0C2NC','ENG_VXP3A','MEM_5T2YH',41,822.89,49,8,2.2,'Low'
'COM_GBINF','ENG_V6ETR','MEM_524I8',23,163.71,85,30,8.8,'Low'
'COM_NV6V2','ENG_50QUI','MEM_D89EF',44,199.06,25,42,79.9,'Low'
'COM_WM793','ENG_VGY0G','MEM_6YCUP',7,835.74,66,24,12.5,'Medium'
'COM_WW1Q1','ENG_ZB5IA','MEM_427ZD',24,1833.60,4,3,46.9,'High'
'COM_RFUKE','ENG_155KM','MEM_6MTHP',24,1100.98,44,41,57.3,'Low'
'COM_R9F76','ENG_7PHER','MEM_BR7LG',8,1295.58,26,40,57.0,'Low'
'COM_4EUDT','ENG_J4311','MEM_0EJEY',34,1573.81,73,20,16.8,'Low'
'COM_6UUF9','ENG_OP2U0','MEM_NUDWU',48,212.27,54,46,83.3,'Low'
'COM_H9SDH','ENG_LUS3B','MEM_JQW0D',6,741.13,13,36,79.4,'High'
'COM_QOV82','ENG_8XPR3','MEM_6OVHT',11,1454.58,16,12,3.7,'Low'
'COM_3P2TJ','ENG_Y6XF4','MEM_NBJRD',9,123.18,84,33,90.8,'High'
'COM_PUYN7','ENG_C24CU','MEM_7KGUZ',33,516.55,85,6,34.6,'Low'
'COM_0OBDS','ENG_4ADZL','MEM_XATKF',38,1426.90,41,20,48.7,'Low'
'COM_GW0K0','ENG_C7PHS','MEM_GXBSO',20,1450.90,50,45,54.4,'High'
'COM_3TV9G','ENG_08IOX','MEM_7MXV3',44,417.61,44,26,46.6,'Medium'
'COM_IT0RQ','ENG_O797Y','MEM_DTYRN',9,51.11,16,21,65.9,'High'
'COM_W24FR','ENG_1QN7V','MEM_HFFMV',11,1891.27,21,46,17.2,'High'
'COM_JDSR3','ENG_CQC45','MEM_Q16VK',16,883.78,46,2,49.8,'Low'
'COM_CFK6S','ENG_EB5SA','MEM_5R30L',17,1493.87,19,44,59.6,'High'
'COM_Z0PNW','ENG_9RF9T','MEM_WHG8O',45,698.56,69,40,59.4,'Low'
'COM_88AY2','ENG_KTOXZ','MEM_2S7FP',49,1853.55,26,35,1.5,'Low'
'COM_F60CG','ENG_EUZ5X','MEM_XCFY5',40,321.20,1,47,48.7,'High'
'COM_6CZS7','ENG_TPDK2','MEM_ZNNIS',43,697.77,43,18,77.1,'High'
'COM_ELVK3','ENG_L0NQ1','MEM_T1CPW',0,833.22,88,37,73.1,'Medium'
'COM_493L2','ENG_718JD','MEM_NDAZB',48,210.42,77,11,72.6,'Low'
'COM_3XFI6','ENG_7LI0I','MEM_IM67P',25,665.42,68,23,60.2,'Low'
'COM_Q2KOE','ENG_OW7BW','MEM_SDIVZ',44,1469.59,22,11,39.3,'Low'
'COM_8JK5N','ENG_7LD1K','MEM_EHM2R',1,32.89,85,16,52.8,'Low'
'COM_J07RB','ENG_W7Y5P','MEM_5CJ1V',1,1722.65,63,34,79.7,'High'
'COM_FPEVZ','ENG_6IMCE','MEM_NJ7OY',48,646.55,11,18,4.9,'High'
'COM_4ILZV','ENG_SQMQD','MEM_W3OKB',23,496.42,87,38,54.6,'Low'
'COM_B3EH9','ENG_FMTJU','MEM_1J14T',8,1548.76,17,48,36.2,'Medium'
'COM_UTO1X','ENG_8OJQE','MEM_AEU59',39,249.70,19,24,55.5,'Low'
'COM_TCKSN','ENG_4YXUJ','MEM_SAKLA',0,1699.23,0,34,14.0,'Medium'
'COM_696KL','ENG_AHB2M','MEM_UYQAB',28,1231.56,11,34,52.4,'Medium'
'COM_A4YJO','ENG_G9SZ2','MEM_7N6OY',4,254.95,63,20,3.0,'Low'
'COM_O8N1R','ENG_XOTYX','MEM_ZQMVM',19,1570.37,28,15,57.4,'Medium'
'COM_LCUWO','ENG_U3GDO','MEM_VSEQ3',0,1945.89,76,9,80.8,'High'
'COM_DW3H1','ENG_34RHK','MEM_HQMYO',36,792.76,35,12,98.0,'Low'
'COM_LIE70','ENG_G42OT','MEM_O6NI5',29,903.58,96,6,56.2,'Low'
'COM_0WH8Q','ENG_JMP5X','MEM_NO089',30,1866.05,38,19,1.7,'Low'
'COM_RJNVP','ENG_NP6US','MEM_RS0IH',18,1729.78,15,22,52.3,'High'
'COM_JC0KE','ENG_S49TU','MEM_R6G09',49,1422.37,79,43,43.0,'Low'
'COM_LK3U5','ENG_8CPV3','MEM_TCUJ4',30,246.04,64,29,35.6,'Low'
'COM_0Y2SA','ENG_SG1FH','MEM_2VE78',20,537.81,15,29,99.9,'High'
'COM_QMO2E','ENG_UTH9P','MEM_LK1LY',12,1291.28,86,0,83.9,'Low'
'COM_7CWNC','ENG_RLJ1D','MEM_XNUZ5',23,767.71,17,29,71.3,'High'
'COM_1C87I','ENG_EFLIA','MEM_Z6M47',3,1455.43,83,6,95.7,'High'
'COM_BFZJJ','ENG_QHWNR','MEM_7J469',37,451.85,49,14,65.2,'Low'
'COM_OEU3W','ENG_F7ZR6','MEM_XU9GW',1,1331.48,8,27,41.8,'Medium'
'COM_E8UVK','ENG_DV29G','MEM_ZG6GS',46,1123.64,22,9,99.3,'Low'
'COM_SZJL6','ENG_1KI1U','MEM_BJ1EV',43,1312.15,49,16,77.1,'Medium'
'COM_A8QF5','ENG_0Y5KQ','MEM_G3ODL',23,495.23,98,21,31.4,'Low'
'COM_KHRRO','ENG_A33QO','MEM_RSO9P',3,1978.48,56,25,89.3,'High'
'COM_W8S67','ENG_JRE6I','MEM_YQD40',29,135.67,32,19,35.4,'Medium'
'COM_Q1SA2','ENG_W47F3','MEM_AAS2G',24,1463.34,88,29,65.9,'High'
'COM_C50SB','ENG_NB8XJ','MEM_NZ0DR',32,1416.87,6,14,61.8,'Low'
'COM_D43CV','ENG_RQGPS','MEM_2I8UY',2,1999.74,90,1,10.2,'Low'
'COM_E582N','ENG_IPE6S','MEM_SJMSS',42,1654.58,19,47,4.9,'Low'
'COM_PTDLF','ENG_RKAK8','MEM_L7ENZ',42,18.09,7,20,76.1,'High'
'COM_AEYK0','ENG_8AZVU','MEM_QWLSD',13,953.36,37,3,84.3,'Low'
'COM_FQXBM','ENG_7PU7Z','MEM_V2V90',4,759.96,94,21,89.8,'Low'
'COM_8QKDE','ENG_PDC4V','MEM_56XNG',2,1768.92,73,43,33.9,'Medium'
'COM_2932E','ENG_KP1KL','MEM_1JCLB',0,1854.93,16,1,30.5,'Low'
'COM_U8OEL','ENG_6W0P5','MEM_CS5HD',47,511.37,13,9,60.0,'Medium'
'COM_8H8S7','ENG_HDB2G','MEM_7N2XZ',25,1350.78,65,48,1.9,'High'
'COM_B13A6','ENG_11QZ8','MEM_3Z03V',46,719.34,71,5,99.5,'High'
'COM_DYNTF','ENG_R1OV7','MEM_4OZSJ',43,710.19,36,4,46.0,'Medium'
'COM_CWLVN','ENG_N0ZA2','MEM_3DUWX',20,1655.95,86,43,21.2,'High'
'COM_MV1PI','ENG_YDRUI','MEM_UOX2O',11,1532.57,71,16,46.5,'Medium'
'COM_JHXHQ','ENG_Z9ENC','MEM_9JCOW',20,1678.35,20,35,81.7,'High'
'COM_72I34','ENG_KHH4Q','MEM_7WT3C',38,413.08,8,2,82.9,'Low'
'COM_5IXG1','ENG_3BNQM','MEM_W7LDH',42,1334.21,59,0,90.9,'High'
'COM_EQKR8','ENG_W6PKL','MEM_WCON5',9,614.69,51,17,99.4,'Low'
'COM_DLQY6','ENG_SVUKS','MEM_M2KWQ',12,1121.73,52,24,16.0,'Low'
'COM_QKB6W','ENG_26640','MEM_VSYXY',15,434.54,18,42,9.3,'Low'
'COM_JBPEN','ENG_TR3UZ','MEM_0T80Q',4,1278.72,97,41,7.5,'Medium'
'COM_DXZZJ','ENG_UXYXA','MEM_M6SBD',5,612.32,7,26,45.3,'Low'
'COM_8H6M8','ENG_99I85','MEM_OMDBU',1,1417.55,65,32,54.0,'Low'
'COM_TXML5','ENG_KHGBN','MEM_USFQ2',29,256.03,39,47,25.1,'Low'
'COM_WFKOT','ENG_F2I0S','MEM_98CT6',33,1963.96,51,16,83.7,'High'
'COM_9P9C5','ENG_TQDSF','MEM_ZMXHC',17,1090.66,2,48,54.1,'High'
'COM_35YFD','ENG_19437','MEM_JEBWA',43,1422.10,62,22,46.0,'High'
'COM_QOGY3','ENG_1HWCK','MEM_X4VML',37,1673.21,20,21,83.8,'Low'
'COM_H5K1Z','ENG_ISWKJ','MEM_VEKG0',9,1666.39,11,22,62.3,'Medium'
'COM_Z8X90','ENG_GA5LN','MEM_P9F9F',7,1656.02,39,44,5.9,'High'
'COM_HMGIW','ENG_Z2FGK','MEM_FZ1IQ',26,355.54,29,45,34.4,'Medium'
'COM_O4ULQ','ENG_3BBGK','MEM_F6JKP',42,1271.43,95,8,2.6,'Low'
'COM_B2N7V','ENG_LNB97','MEM_2BVCW',44,1262.36,74,22,28.9,'High'
'COM_X0ERC','ENG_Q1A71','MEM_NISAP',6,315.33,81,3,91.8,'Low'
'COM_ZAKKX','ENG_QZLYW','MEM_1X3GJ',23,788.62,6,42,20.1,'High'
'COM_QKX4F','ENG_CLPM7','MEM_FIO35',6,1088.75,71,23,23.8,'Medium'
'COM_STSNH','ENG_E2COO','MEM_80J9U',4,1959.45,62,4,66.0,'Low'
'COM_7MV6J','ENG_DT2MT','MEM_T646L',35,281.90,73,8,8.6,'Medium'
'COM_XSSAP','ENG_1O0N1','MEM_S6I4J',13,418.89,20,48,54.0,'Low'
'COM_O6LXD','ENG_4SM9Q','MEM_KB9IJ',17,884.67,98,11,22.7,'High'
'COM_4DPOV','ENG_QJC86','MEM_JEZ4P',50,1795.24,80,8,98.8,'Medium'
'COM_1B5UC','ENG_GV4ZL','MEM_1EYIE',36,1326.30,26,12,95.3,'High'
'COM_3U888','ENG_J851Y','MEM_UE4QH',10,1131.60,34,45,45.7,'Medium'
'COM_EZXOW','ENG_49Z9M','MEM_05LJJ',34,559.94,9,43,20.4,'Medium'
'COM_E4LQR','ENG_JNJ2K','MEM_HNBQ5',3,1329.00,11,33,87.8,'Low'
'COM_1XO9J','ENG_TOZ5F','MEM_O5CWG',24,1956.17,88,26,64.7,'Low'
'COM_CNUMI','ENG_9RX4K','MEM_P4XGJ',18,1165.25,94,16,67.4,'Low'
'COM_BPW7J','ENG_N0Z1Z','MEM_N9RZ8',42,80.50,67,33,46.9,'Medium'
'COM_S2G7G','ENG_YITMS','MEM_DNPZQ',22,1096.54,45,22,53.3,'Low'
'COM_VUG45','ENG_NCBFH','MEM_NI22J',29,854.25,51,42,21.3,'High'
'COM_1VGUX','ENG_WUF3S','MEM_WAHX8',40,1988.83,89,44,59.1,'Low'
'COM_07A9E','ENG_01WKR','MEM_Z1OKN',9,1911.89,81,40,86.9,'Low'
'COM_RQ3ZW','ENG_L7ZMN','MEM_KNKR8',19,1417.97,20,49,46.4,'High'
'COM_27I72','ENG_VZBJI','MEM_4ZBNX',40,1948.01,45,50,0.9,'High'
'COM_BADB7','ENG_ECJLN','MEM_DSPJ6',32,985.21,89,14,90.0,'Low'
'COM_W199P','ENG_LJAJY','MEM_C3PEO',14,1663.05,66,50,15.3,'Medium'
'COM_2RCU8','ENG_A4K0X','MEM_XDLD6',19,1677.40,71,41,91.6,'Low'
'COM_0HTE0','ENG_4M716','MEM_PT9D0',19,335.69,69,37,60.1,'Low'
'COM_S0FLP','ENG_IZ83O','MEM_0M30J',1,1376.63,60,46,86.9,'Medium'
'COM_70QYU','ENG_390V5','MEM_XXT7W',7,1352.28,61,17,6.6,'Medium'
'COM_CBN7V','ENG_JE5XL','MEM_NWZ41',13,827.38,37,27,41.5,'Low'
'COM_BTYSP','ENG_X2YNA','MEM_YVOKU',14,213.91,78,18,18.9,'Low'
'COM_VS76Z','ENG_8F4O0','MEM_3KXHM',29,1173.56,3,40,64.1,'High'
'COM_F5ZYO','ENG_907VP','MEM_05B98',27,1462.28,33,7,19.5,'Medium'
'COM_VFQ60','ENG_9AVAI','MEM_1PDJQ',19,1871.67,69,41,50.6,'Low'
'COM_D3AF2','ENG_MRYSO','MEM_6Y7NZ',32,565.97,71,20,40.9,'Low'
'COM_U29NK','ENG_4WRYE','MEM_VRW44',32,1293.13,40,0,58.1,'High'
'COM_X3MS2','ENG_QNKIF','MEM_6VQEG',3,344.29,65,32,88.8,'Medium'
'COM_5TDSU','ENG_G55U2','MEM_C6J8U',22,423.21,5,11,13.4,'Low'
'COM_36EM2','ENG_4T5GE','MEM_3VSAQ',38,417.87,50,27,69.3,'Medium'
'COM_JFCNW','ENG_EG93D','MEM_26J1P',44,1270.72,0,15,87.5,'High'
'COM_6OTF9','ENG_1ZAB1','MEM_B7TU5',21,430.09,23,6,87.1,'High'
'COM_O1XVT','ENG_1U6R3','MEM_JE3Z1',45,141.31,82,50,66.3,'Low'
'COM_HXXLO','ENG_YB2FG','MEM_OZ0Q6',50,1889.77,15,2,83.3,'Low'
'COM_LZKUA','ENG_A8VTB','MEM_CIZ03',28,1559.79,43,34,61.6,'High'
'COM_L7TAP','ENG_09Q6H','MEM_GFUQD',12,1769.56,57,8,46.4,'Low'
'COM_93QD2','ENG_F7DFE','MEM_RJLMA',24,1180.12,30,35,93.4,'High'
'COM_AD3HG','ENG_QIJYV','MEM_K7MCO',26,1664.61,32,43,81.2,'Low'
'COM_QFFUR','ENG_502CR','MEM_SJ5VH',40,1862.50,79,45,79.8,'Low'
'COM_M0Z7Y','ENG_H1GLL','MEM_T9IB3',27,1666.32,0,5,58.8,'High'
'COM_MIT9N','ENG_RPU47','MEM_DA510',1,203.39,35,16,0.8,'Low'
'COM_SV7G8','ENG_A5QBW','MEM_N09ID',13,1410.18,62,39,76.5,'Low'
'COM_SNQP9','ENG_3FJBC','MEM_B0G6I',26,900.05,57,24,31.1,'Low'
'COM_99U96','ENG_U0D07','MEM_513MO',40,1205.76,72,47,94.8,'High'
'COM_VM04E','ENG_R36IK','MEM_AAFZA',42,826.04,67,50,41.6,'Low'
'COM_9V028','ENG_SGNR6','MEM_HDS6F',21,128.12,2,19,1.0,'High'
'COM_1RIGT','ENG_HTDTZ','MEM_37Q88',11,736.41,7,3,35.7,'Low'
'COM_JKK18','ENG_I1CRX','MEM_ZZM4K',13,17.03,98,46,70.3,'Low'
'COM_YJ6TI','ENG_KB9I9','MEM_ADODT',44,1615.75,72,19,0.4,'Low'
'COM_KL550','ENG_JE8LD','MEM_OE1E0',36,297.33,41,31,35.3,'Low'
'COM_VM1TU','ENG_5OFO6','MEM_YXA1K',27,1473.80,100,43,80.2,'Low'
'COM_QD2IK','ENG_7UALI','MEM_N9QXF',3,714.85,89,38,29.4,'High'
'COM_E9RI3','ENG_1G05M','MEM_0VB7Q',25,815.13,4,32,89.5,'High'
'COM_S8KES','ENG_UH4P7','MEM_PF061',14,1577.24,10,21,5.7,'Low'
'COM_KYZ8R','ENG_JCSM9','MEM_BBDCO',8,114.12,39,10,94.1,'High'
'COM_75YLE','ENG_SE4DL','MEM_S1FLD',49,686.25,38,8,3.3,'Medium'
'COM_T7WL5','ENG_4VKZQ','MEM_PK7WE',21,424.95,14,36,7.9,'Low'
'COM_OWMPQ','ENG_DVL6H','MEM_RA8YD',37,886.02,5,41,52.9,'Low'
'COM_4WT2H','ENG_5ZUDH','MEM_QQNC2',10,943.39,95,42,61.1,'Low'
'COM_HHZYN','ENG_D0NUN','MEM_2WYFT',47,521.37,72,28,54.5,'Low'
'COM_2IIHW','ENG_K74O4','MEM_FDBBT',0,1595.52,75,14,14.6,'Medium'
'COM_NTI52','ENG_3S77D','MEM_FNVEB',1,791.96,30,38,77.7,'High'
'COM_J3VMA','ENG_HIFIS','MEM_X5CUO',12,1393.45,32,26,89.1,'High'
'COM_FB9FX','ENG_VGHH1','MEM_BN206',40,1350.63,2,31,50.2,'High'
'COM_FG3HH','ENG_AZZP5','MEM_3KMHG',14,242.99,61,10,48.9,'Medium'
'COM_F1U0H','ENG_5PN6S','MEM_2XZP7',45,1741.96,93,48,80.9,'Medium'
'COM_TFUXC','ENG_AXG81','MEM_VFIMT',21,1793.22,63,23,57.7,'Low'
'COM_UISUJ','ENG_6X2VU','MEM_6CLIW',33,993.10,99,48,59.4,'Low'
'COM_FHT5T','ENG_BJ1ZD','MEM_SHMV5',14,1314.20,53,38,43.7,'Low'
'COM_YQKV2','ENG_C3OCE','MEM_74BB7',11,780.81,11,0,30.1,'Medium'
'COM_JN0ZN','ENG_NST3I','MEM_R0WIK',41,218.68,52,42,8.2,'High'
'COM_DBSMM','ENG_S0N8T','MEM_D9885',42,1970.11,90,25,82.6,'High'
'COM_N5INM','ENG_O8HKX','MEM_LNL0D',45,1677.24,74,33,23.4,'High'
'COM_12YJG','ENG_QD9U1','MEM_R79ZU',7,1548.78,87,6,31.2,'High'
'COM_3G9LG','ENG_ZFWHK','MEM_LZ1ER',40,470.71,69,2,99.4,'Medium'
'COM_U9SDW','ENG_CHTFJ','MEM_WUU1T',13,1094.43,12,35,51.3,'Medium'
'COM_9RSKA','ENG_OZFJI','MEM_PSOU2',46,750.45,53,11,86.5,'Low'
'COM_WXKH5','ENG_7IH1G','MEM_TXFQ6',5,168.04,67,19,18.9,'High'
'COM_WF2EU','ENG_FJIGM','MEM_ICB8N',46,690.03,38,16,86.3,'Medium'
'COM_UXLQY','ENG_JV01B','MEM_GHYHL',0,616.13,64,45,63.0,'Medium'
'COM_M732A','ENG_NRSFU','MEM_UO6X8',45,77.81,52,14,73.0,'Low'
'COM_7XMAS','ENG_IXXHV','MEM_2JL5N',36,63.36,43,30,81.0,'Low'
'COM_6M1A8','ENG_MUK03','MEM_KHSJM',9,374.96,71,48,4.9,'Medium'
'COM_X16PO','ENG_MIHZJ','MEM_UX11O',24,190.32,4,44,11.1,'Medium'
'COM_70SF2','ENG_YPXT8','MEM_Q9H80',33,0.52,91,5,33.9,'High'
'COM_166XP','ENG_SGCMZ','MEM_ULL1I',15,319.02,10,41,7.4,'Low'
'COM_5AFSE','ENG_AQ3X3','MEM_2A3Z1',9,638.93,50,43,7.8,'High'
'COM_EEXLL','ENG_D410N','MEM_2H6WJ',45,973.10,88,17,93.1,'Low'
'COM_FV61O','ENG_WYX2Q','MEM_QJDG1',38,1061.43,43,8,31.7,'Low'
'COM_IHYRD','ENG_FYJ9T','MEM_H7H1Y',2,573.13,89,27,55.4,'High'
'COM_9NP9L','ENG_ZZMSS','MEM_0T1ID',29,561.19,42,11,29.0,'Low'
'COM_A656G','ENG_TB2V8','MEM_W8TGS',9,765.62,7,16,70.3,'Low'
'COM_DQ1Z3','ENG_D6S9H','MEM_0C4H4',21,588.98,11,8,93.0,'Medium'
'COM_R6VGE','ENG_3Z0N7','MEM_KL1F0',7,1461.39,6,15,37.1,'Medium'
'COM_X7VIP','ENG_58M5M','MEM_VVEVM',42,1730.89,2,22,17.4,'High'
'COM_3OHHL','ENG_BZ3P1','MEM_TXXAU',48,1296.69,39,20,51.2,'Medium'
'COM_9WLNL','ENG_3XNAU','MEM_KLG9G',10,1524.97,91,31,49.3,'Low'
'COM_L0CC3','ENG_GWA3K','MEM_QSHIR',8,729.02,64,22,25.0,'Medium'
'COM_HV2F2','ENG_6YD3K','MEM_VSEMS',27,1012.30,28,41,90.4,'Low'
'COM_XLHJS','ENG_6MXW4','MEM_1L7ID',26,315.10,14,46,66.2,'Low'
'COM_FZYX7','ENG_ESZ1N','MEM_TLDHB',11,1933.07,77,31,67.4,'Medium'
'COM_AWHV0','ENG_9PK55','MEM_0OHPX',30,942.61,32,34,57.8,'Low'
'COM_XF5EH','ENG_FYSK0','MEM_F5LVW',33,461.32,21,6,45.5,'Medium'
'COM_37PLX','ENG_LBISU','MEM_MN1FA',17,21.60,60,17,69.9,'Medium'
'COM_RCNPO','ENG_18TL6','MEM_XGXGT',34,161.00,26,39,23.6,'Low'
'COM_VO6WH','ENG_DWPH6','MEM_2APMA',28,1910.12,48,22,2.2,'High'
'COM_VW6S7','ENG_VQBF5','MEM_HCZI4',6,1408.68,66,45,74.1,'Low'
'COM_G5BN9','ENG_9U50Q','MEM_N2JBG',25,807.23,54,32,8.3,'Low'
'COM_WYKIA','ENG_LW7TP','MEM_FIIXN',49,634.92,32,46,20.5,'Low'
'COM_TP43R','ENG_0G5LW','MEM_7AWGP',37,1353.16,77,2,85.8,'High'
'COM_FGRNL','ENG_19EUA','MEM_2S1S9',9,519.84,84,22,47.1,'High'
'COM_X9DZW','ENG_894WR','MEM_1UOHA',23,853.10,93,28,53.9,'Medium'
'COM_XQUVH','ENG_T1CHR','MEM_DCAJ6',2,1611.58,91,11,80.3,'Low'
'COM_6EBIV','ENG_SOG49','MEM_4CXL1',2,879.49,61,39,17.9,'Low'
'COM_0ZXCL','ENG_D9BWO','MEM_MX2JT',34,1766.18,71,50,17.2,'High'
'COM_R9JI5','ENG_JUB5F','MEM_V9FI8',22,1943.96,73,33,39.2,'Low'
'COM_EGAME','ENG_4JNV8','MEM_VYCRM',41,1987.36,23,37,27.2,'Low'
'COM_E7PZO','ENG_RLBQF','MEM_97O6T',2,868.00,49,8,66.6,'Low'
'COM_H19NT','ENG_O2BT2','MEM_5MXGV',10,1253.01,21,42,11.9,'Low'
'COM_BZMXP','ENG_HNQZS','MEM_S1J21',12,624.35,60,0,17.7,'High'
'COM_B873C','ENG_I61WB','MEM_0X7IU',35,146.65,9,45,89.0,'Low'
'COM_ABHW1','ENG_FTS42','MEM_FQO1F',47,604.72,93,38,39.5,'Medium'
'COM_H9LG7','ENG_3YQGY','MEM_AWW2G',33,829.79,26,18,45.0,'Low'
'COM_9YG0G','ENG_ZW9FY','MEM_1UTWD',32,26.34,15,6,92.5,'Medium'
'COM_J39IJ','ENG_F6D3F','MEM_BGIRJ',49,465.81,96,14,46.9,'Low'
'COM_BB86G','ENG_WJ72Q','MEM_34KWP',11,1080.03,81,20,58.1,'Low'
'COM_25RYZ','ENG_QM7HS','MEM_7J0QQ',26,286.69,29,33,89.4,'High'
'COM_5RL7K','ENG_MWTHI','MEM_G5UAI',30,246.32,11,27,97.5,'High'
'COM_G0KYD','ENG_VXWJZ','MEM_IR786',20,1483.18,58,26,99.9,'Medium'
'COM_ROZ8W','ENG_ES1VQ','MEM_0FX90',16,1156.61,0,12,73.7,'Low'
'COM_8MYJV','ENG_RNCBC','MEM_39FWF',19,909.27,59,30,54.1,'Low'
'COM_MIXBD','ENG_Z22ET','MEM_MBDWZ',22,1851.00,18,21,2.4,'High'
'COM_WGAXX','ENG_AY6BN','MEM_A8OOG',17,1614.40,5,19,4.1,'Low'
'COM_EOX6A','ENG_W2E55','MEM_20OS8',32,1388.12,38,40,13.2,'Low'
'COM_4QR20','ENG_ZY3P3','MEM_Q0LYH',50,1550.00,45,50,19.5,'High'
'COM_AIZZK','ENG_B4HJH','MEM_Z4ME3',19,1728.04,95,25,67.5,'Low'
'COM_WEZST','ENG_CU9GR','MEM_63PHR',36,812.68,29,19,33.9,'Low'
'COM_7JAVW','ENG_AGPJM','MEM_LTCUI',19,1456.46,39,16,71.2,'Medium'
'COM_9MKOD','ENG_QBXAB','MEM_L0AVZ',5,139.37,27,28,15.1,'Medium'
'COM_45GJ2','ENG_8KEDF','MEM_0GUHY',8,1856.70,81,2,72.9,'High'
'COM_WE52O','ENG_ZLM5Z','MEM_K12RW',4,1829.41,15,26,17.4,'Low'
'COM_OLYG7','ENG_ZK3VW','MEM_KH4AD',41,792.81,41,8,95.2,'Medium'
'COM_9WJ8W','ENG_BDVME','MEM_YBGAC',21,741.20,14,44,19.1,'Low'
'COM_G8N4S','ENG_EKBGX','MEM_JL63E',23,515.31,100,46,79.7,'Medium'
'COM_IKWVZ','ENG_XBN5K','MEM_1DQ7E',29,1910.46,60,26,57.3,'Low'
'COM_0XRDC','ENG_ILU5A','MEM_3SH1S',33,1121.35,49,20,86.1,'Low'
'COM_9CTW7','ENG_S5OIG','MEM_CF803',17,967.24,71,36,97.6,'Medium'
'COM_CD84R','ENG_5AFW7','MEM_YQM7G',49,915.35,72,42,0.7,'High'
'COM_8JWUD','ENG_0K2B3','MEM_QT5BF',29,655.76,44,32,88.4,'Medium'
'COM_TNNXB','ENG_J2K1B','MEM_6EBMM',13,764.33,18,45,70.8,'Low'
'COM_GJPXS','ENG_0I2TL','MEM_T0SE6',38,965.04,68,33,35.5,'Medium'
'COM_5Z2L9','ENG_ZHQ4V','MEM_YRDB2',2,1506.35,39,31,77.7,'High'
'COM_YR3P2','ENG_Q5VZI','MEM_MQ4YU',36,1927.80,58,26,51.8,'Low'
'COM_DWAX1','ENG_0LBZU','MEM_0I6FF',31,118.90,46,4,44.6,'Low'
'COM_64UBY','ENG_836SR','MEM_L46M2',9,996.84,19,20,20.8,'Low'
'COM_NHB4I','ENG_VUVX3','MEM_8N16W',43,1022.64,58,28,40.2,'Low'
'COM_OG272','ENG_EBIQM','MEM_Q9LRU',25,864.07,63,16,77.2,'Medium'
'COM_8JRHY','ENG_X8P75','MEM_OQDGI',8,1602.29,38,14,47.5,'Low'
'COM_PJ2M1','ENG_BLM3J','MEM_O5Z3H',17,94.11,86,8,67.0,'High'
'COM_JDMNY','ENG_8WGKE','MEM_UPHLI',6,34.22,77,14,32.4,'Medium'
'COM_NGRXZ','ENG_BAA52','MEM_O3P7T',39,1622.21,12,39,61.7,'High'
'COM_YXPP3','ENG_DLQQ2','MEM_UI8RD',19,1306.87,47,25,77.1,'High'
'COM_6E0S9','ENG_2OV36','MEM_6WQ7D',19,463.22,67,35,65.4,'Medium'
'COM_2WIKI','ENG_PCH13','MEM_29SL4',1,985.02,86,26,56.4,'Low'
'COM_ATGTQ','ENG_M1072','MEM_GP41P',36,535.49,7,16,80.6,'High'
'COM_0TUD7','ENG_7YP72','MEM_V7DWZ',30,1628.58,30,17,55.3,'Medium'
'COM_5MRXW','ENG_JARZV','MEM_RDGON',16,1634.61,96,8,2.8,'Low'
'COM_UX1F2','ENG_3SOO7','MEM_D237I',10,281.80,8,29,44.1,'Medium'
'COM_YQ7H0','ENG_5ISKG','MEM_RUOGB',7,793.98,36,9,69.4,'Medium'
'COM_LD86H','ENG_YA794','MEM_8O7XU',42,1595.08,43,0,96.4,'Low'
'COM_M82VT','ENG_LL7NR','MEM_24D6A',0,36.31,24,11,60.0,'High'
'COM_ZAI91','ENG_835NU','MEM_JOHW4',33,807.74,59,45,53.7,'Low'
'COM_H447G','ENG_IGJ6X','MEM_30Z3P',13,623.40,42,15,94.2,'Low'
'COM_56TQX','ENG_K6FED','MEM_J14C6',32,868.36,45,46,22.9,'Low'
'COM_GQJS8','ENG_H5S60','MEM_90EG3',48,973.62,17,21,92.4,'Low'
'COM_S2XUC','ENG_KSB5C','MEM_DU3P8',17,1959.25,98,18,47.3,'High'
'COM_4UM2X','ENG_TSRF5','MEM_74CL4',16,462.69,6,39,12.9,'Low'
'COM_UT193','ENG_ECMDM','MEM_17DEF',36,131.93,35,26,95.9,'High'
'COM_X0ANR','ENG_VBBYI','MEM_CVUD5',38,1746.57,59,8,44.4,'Low'
'COM_Y0LHR','ENG_9RY7E','MEM_YTQ34',11,686.51,34,31,7.6,'Medium'
'COM_YLBXW','ENG_1JIAK','MEM_1ROPQ',10,803.62,90,30,52.1,'Medium'
'COM_AXCPE','ENG_1QJ9Y','MEM_RUL7W',7,1433.23,93,24,43.5,'Low'
'COM_3MEX5','ENG_DKJJH','MEM_YIM3O',10,310.98,46,2,43.8,'High'
'COM_M7VDE','ENG_LG0AW','MEM_T29WK',4,783.27,31,50,81.6,'Low'
'COM_CHLYO','ENG_ISN29','MEM_B3ZTI',5,1944.49,98,23,88.7,'Medium'
'COM_IATXI','ENG_RXOVU','MEM_ZL5A8',10,672.75,61,37,97.5,'High'
'COM_J73V2','ENG_Q2XCO','MEM_T3KBC',6,1203.32,75,30,26.4,'High'
'COM_RUMI6','ENG_ZLWGP','MEM_47YBG',30,237.23,99,35,40.1,'Low'
'COM_VYE6L','ENG_FGHRQ','MEM_CDBGD',29,1844.09,54,22,23.8,'Medium'
'COM_QMSCP','ENG_3KL4M','MEM_3AB5I',22,1170.37,12,17,29.3,'Low'
'COM_ZT9KU','ENG_N2Z5Y','MEM_W6QPF',47,1199.83,100,39,45.0,'Low'
'COM_C2WWT','ENG_GATOH','MEM_CTQXY',20,1236.36,47,17,81.4,'Medium'
'COM_GTVY1','ENG_OBPVE','MEM_1KYDH',6,1402.68,91,21,36.1,'High'
'COM_GLAUK','ENG_PJA33','MEM_VHUDU',3,1958.36,10,22,19.9,'Medium'
'COM_VJO0I','ENG_YB21Y','MEM_DMZK0',45,591.10,53,12,4.6,'Low'
'COM_K467M','ENG_CJAHO','MEM_B08Z3',34,1258.03,18,8,7.8,'High'
'COM_752ZC','ENG_IXUQS','MEM_PPL7R',12,733.40,21,36,6.9,'Low'
'COM_9T2L1','ENG_GWJUB','MEM_2N2IK',45,316.24,1,13,83.8,'Low'
'COM_R65IK','ENG_STYGR','MEM_FS4DI',46,910.94,25,3,77.2,'Low'
'COM_OG5R2','ENG_F3C6G','MEM_WGTVJ',15,478.22,41,3,61.1,'High'
'COM_9KR1M','ENG_W96R9','MEM_A852N',18,483.76,63,2,94.3,'Medium'
'COM_IQX4X','ENG_ECE5A','MEM_15KIG',0,347.79,98,2,16.9,'High'
'COM_7XXXJ','ENG_MXKZP','MEM_MM8UY',47,50.10,48,34,51.4,'Medium'
'COM_9FNDY','ENG_EMVS5','MEM_HSTO3',16,197.10,20,21,92.1,'High'
'COM_OW4XP','ENG_FQNTY','MEM_YKYOD',37,653.40,17,0,1.9,'Low'
'COM_3OECI','ENG_LSTF3','MEM_OH1X6',50,428.85,80,34,18.6,'Low'
'COM_CWADF','ENG_R9QIQ','MEM_6G0O7',30,1883.11,53,9,92.9,'Medium'
'COM_58JTM','ENG_5C0BF','MEM_3QV51',48,862.47,49,30,89.8,'High'
'COM_SPMYK','ENG_CCE65','MEM_413SU',27,1028.87,47,14,17.2,'Medium'
'COM_PX5PP','ENG_3BGRQ','MEM_CZCSE',16,820.07,31,16,65.4,'Low'
'COM_TR8AO','ENG_BJEML','MEM_DUPQA',19,1520.61,18,40,1.8,'Medium'
'COM_1KBCR','ENG_BQOXW','MEM_6YHNU',16,291.60,32,23,9.6,'Medium'
'COM_ANRIH','ENG_3I484','MEM_HXNW4',37,1086.87,43,12,52.2,'Low'
'COM_IS2LB','ENG_LJEEU','MEM_L2JOZ',18,1300.26,75,50,58.3,'Low'
'COM_5RX04','ENG_IALPW','MEM_U5B67',41,351.78,82,31,35.7,'High'
'COM_BLQ8R','ENG_GLZ67','MEM_EFAX9',43,1009.12,84,10,16.3,'Low'
'COM_6Z0SZ','ENG_JYIYL','MEM_JRI5M',7,61.26,97,38,8.8,'Low'
'COM_QJ9XS','ENG_OZZY4','MEM_ATFQ8',20,1580.59,95,1,76.7,'High'
'COM_7NOQH','ENG_851LT','MEM_WJMT6',33,1819.61,37,0,31.8,'Low'
'COM_JJLDR','ENG_TLSBB','MEM_2NRF4',13,1026.58,89,28,14.7,'Medium'
'COM_DUGA3','ENG_BZMQX','MEM_S50RV',2,1527.64,6,8,2.2,'High'
'COM_9NL3Z','ENG_2CCIM','MEM_RYVEH',36,1232.84,37,3,43.2,'High'
'COM_54D9G','ENG_MTOB2','MEM_NKXGO',20,1278.81,60,1,99.9,'Low'
'COM_22DLY','ENG_6K3V3','MEM_24SYG',12,489.00,61,11,36.8,'Low'
'COM_B192Q','ENG_49IFZ','MEM_7RDA7',45,608.67,45,44,41.2,'High'
'COM_6BBZO','ENG_8SYOL','MEM_5PEQQ',26,1362.49,88,17,85.6,'Low'
'COM_SX9Z6','ENG_AXPJ2','MEM_1EOM4',36,1555.16,88,41,52.3,'Low'
'COM_IBG3C','ENG_DJBN7','MEM_MI4ZO',10,1024.51,66,4,26.5,'Medium'
'COM_N6VB1','ENG_89YES','MEM_BXP25',48,1311.60,36,32,43.1,'Medium'
'COM_A47YT','ENG_DARX2','MEM_BJQLY',47,1861.04,22,49,24.4,'High'
'COM_4P5KJ','ENG_MRG3P','MEM_4VR2E',31,43.33,87,10,64.5,'High'
'COM_HFQRZ','ENG_2P2IH','MEM_GN9CZ',44,1054.42,64,35,35.5,'Low'
'COM_R4GO7','ENG_2ST2T','MEM_KVFU6',48,1631.79,20,9,55.5,'Medium'
'COM_YAQPR','ENG_O7HYH','MEM_2WI61',47,911.81,66,32,78.4,'Medium'
'COM_JLRSR','ENG_ZKNRR','MEM_VED0O',1,137.43,53,50,22.0,'Low'
'COM_86JC0','ENG_QQM94','MEM_2193O',35,290.67,80,15,79.0,'Low'
'COM_SR28J','ENG_HNRTC','MEM_8EXO0',29,1186.26,97,27,35.0,'Medium'
'COM_D4B1Y','ENG_0BQRJ','MEM_TQCUD',8,1168.56,70,2,28.1,'Low'
'COM_JACAM','ENG_9ENLA','MEM_DM3WU',23,1648.57,99,5,36.8,'High'
'COM_HWPA3','ENG_QANNG','MEM_G6E5O',41,1330.10,12,0,89.4,'Medium'
'COM_PDGGB','ENG_TABHX','MEM_W7Y4C',20,1024.97,88,18,8.6,'High'
'COM_HWP70','ENG_OXPR2','MEM_5RU09',49,1929.86,94,46,93.6,'Medium'
'COM_ZWGUM','ENG_DR3EC','MEM_DKTX5',4,1708.17,69,22,98.8,'Low'
'COM_3ZKLK','ENG_KJN0H','MEM_4DIC2',4,522.36,95,3,51.1,'Low'
'COM_9RPYI','ENG_7BUG7','MEM_YLJQU',18,1450.46,74,21,5.1,'Low'
'COM_R3E8O','ENG_E3YJY','MEM_6CQTF',30,13.01,61,15,36.1,'High'
'COM_60OGP','ENG_7EG90','MEM_ZZJ2T',28,1558.60,68,48,46.0,'High'
'COM_8FMU1','ENG_U1CYK','MEM_C4PVC',39,1034.61,25,6,94.0,'High'
'COM_UOE03','ENG_CE0BS','MEM_7W0F3',7,243.51,41,32,87.4,'Low'
'COM_UHN9L','ENG_N0P3U','MEM_LZ1SR',26,364.28,42,41,55.5,'Low'
'COM_HKJ51','ENG_63WE7','MEM_L5SZQ',11,1279.64,18,27,41.3,'Low'
'COM_N5YWS','ENG_VCPTR','MEM_XAWEM',20,835.19,50,30,1.9,'Low'
'COM_K38HY','ENG_PZR40','MEM_BK0TS',42,1314.44,49,28,17.7,'High'
'COM_YWR3P','ENG_RDEIH','MEM_MGC87',14,824.38,9,36,53.9,'Low'
'COM_YN129','ENG_2XDGJ','MEM_HDHP0',48,250.25,60,10,26.3,'Medium'
'COM_3MJLW','ENG_WECL5','MEM_7R5SQ',40,845.73,84,11,20.9,'Low'
'COM_ZCZB9','ENG_LGQIE','MEM_UAKWX',36,937.55,4,3,91.1,'Low'
'COM_QJMYN','ENG_3AJ7A','MEM_G576V',13,533.62,92,5,28.0,'Medium'
'COM_7MQ6R','ENG_HKVI5','MEM_386Y0',24,925.89,43,20,11.5,'Medium'
'COM_OTWV2','ENG_8QFP1','MEM_TI9CE',33,1366.16,95,34,73.6,'High'
'COM_AK0FB','ENG_XY2GM','MEM_GQEDZ',35,1841.10,69,23,69.1,'High'
'COM_O9V7F','ENG_EZ3I6','MEM_HQ9NU',19,830.48,27,37,63.3,'Low'
'COM_78AZF','ENG_ALLKL','MEM_W2XZ6',25,317.60,32,34,25.8,'High'
'COM_3ZM6N','ENG_AXB8L','MEM_QOHHU',20,979.76,92,6,76.1,'Low'
'COM_20BWX','ENG_KSF8N','MEM_BLABN',15,1034.88,74,14,27.4,'Low'
'COM_D6M9D','ENG_1B0JE','MEM_598TZ',10,1425.56,67,26,94.7,'Low'
'COM_U3LRC','ENG_66QC4','MEM_AD2FX',34,1659.81,69,37,75.7,'Low'
'COM_DAWSE','ENG_EO5L2','MEM_1RF4L',22,461.51,93,44,31.8,'Low'
'COM_0Y9KC','ENG_QUWIG','MEM_ELK4X',44,1850.36,44,3,20.0,'High'
'COM_R1R20','ENG_WGOU5','MEM_DBHK7',35,665.26,89,50,31.0,'Medium'
'COM_UJD42','ENG_6SB82','MEM_LDHND',22,606.64,94,48,50.2,'Low'
'COM_J5AAW','ENG_KH3B9','MEM_ROGM4',6,874.58,3,5,31.4,'Low'
'COM_Z7202','ENG_K24J1','MEM_V9A1Q',24,1070.67,86,4,79.0,'Medium'
'COM_GFHGY','ENG_RW080','MEM_TTVYE',21,1591.43,27,48,46.1,'High'
'COM_ULE4E','ENG_JLIST','MEM_2IX8C',7,1022.26,14,14,46.2,'Low'
'COM_FUL0M','ENG_7RR7Q','MEM_L0QWM',30,180.61,43,30,58.3,'Medium'
'COM_POWH2','ENG_97WP1','MEM_AQM9F',45,511.99,58,19,8.5,'Medium'
'COM_WZ0WB','ENG_399SF','MEM_1A218',13,109.11,21,15,4.4,'High'
'COM_IID6Y','ENG_70OO0','MEM_J8KS3',48,1777.38,95,48,75.2,'Medium'
'COM_1JGVB','ENG_QPFSR','MEM_43W1W',25,784.67,79,25,12.5,'Low'
'COM_NLL5W','ENG_0ZN5V','MEM_ASJ0J',7,807.87,60,17,35.8,'Low'
'COM_0338S','ENG_G9ZSG','MEM_KFQOE',42,439.31,83,44,69.4,'Low'
'COM_YP4IC','ENG_QG6I8','MEM_OZW1C',12,1310.60,87,15,52.0,'Low'
'COM_TBBL0','ENG_QX4ZR','MEM_86083',23,1022.90,6,14,74.0,'High'
'COM_PYVSK','ENG_0SCEK','MEM_XCJH7',7,883.85,17,22,97.5,'Low'
'COM_ASYXW','ENG_7USRO','MEM_YNJZR',8,723.12,79,2,14.9,'High'
'COM_AVOTP','ENG_3EU9F','MEM_V9X5S',41,682.72,84,46,80.7,'Low'
'COM_1L4L5','ENG_LRRYJ','MEM_9F3NA',32,1725.27,72,8,50.0,'High'
'COM_6IE0B','ENG_AIBI7','MEM_BNCVS',24,1367.37,61,11,23.2,'Low'
'COM_5A29B','ENG_260CD','MEM_VLT3W',22,580.60,57,2,0.8,'Low'
'COM_L2Y96','ENG_2BM3A','MEM_2LA5B',46,1897.95,77,48,71.7,'Low'
'COM_RRP4V','ENG_ESH1E','MEM_YDZM1',37,1582.35,28,30,28.5,'Low'
'COM_8LPUI','ENG_XO59S','MEM_MC5IR',13,620.59,38,45,42.0,'High'
'COM_U3VJV','ENG_O6QFQ','MEM_PAJAF',30,1683.98,5,42,71.2,'High'
'COM_ROD61','ENG_COBBP','MEM_5H6ZC',18,1389.70,14,11,29.3,'High'
'COM_N4ZYC','ENG_7EYWM','MEM_BXKEM',49,1845.04,33,39,77.9,'Medium'
'COM_PXDA5','ENG_5F52W','MEM_1M13K',11,1332.97,3,43,44.4,'Low'
'COM_4Q4LP','ENG_2NDEW','MEM_ACI6K',20,235.05,70,42,44.9,'Low'
'COM_E0KR1','ENG_I54UX','MEM_VYQZB',28,212.10,31,28,75.3,'High'
'COM_LESOZ','ENG_MVR9I','MEM_2F8MT',43,1602.12,30,27,22.7,'Low'
'COM_J70XY','ENG_KLI8R','MEM_MTWN2',0,1742.00,30,7,51.4,'Medium'
'COM_DE9AE','ENG_OXFMZ','MEM_H7FDZ',18,1074.96,4,23,17.6,'High'
'COM_4LJKF','ENG_N00OK','MEM_3VKG2',29,1000.29,90,19,3.3,'High'
'COM_TLL8X','ENG_G1GZC','MEM_DFFYZ',50,133.81,49,18,50.3,'Low'
'COM_13CVQ','ENG_UO51J','MEM_3T1OT',42,622.81,71,14,27.4,'Low'
'COM_6GZK7','ENG_JBOCQ','MEM_Z77YJ',27,154.75,92,9,29.3,'High'
'COM_4LT24','ENG_BHKT9','MEM_ZBK1D',31,1666.82,10,44,5.2,'Low'
'COM_12I8C','ENG_9KPNO','MEM_H8ROC',24,1629.66,72,27,43.5,'Low'
'COM_SQ0C8','ENG_G4VXZ','MEM_JZNRI',8,1522.81,52,3,58.9,'Medium'
'COM_GY0LQ','ENG_HYFJK','MEM_U8VVH',13,1513.62,58,2,48.9,'Medium'
'COM_BQV74','ENG_EGG6O','MEM_6OVKN',35,475.51,92,3,22.7,'Medium'
'COM_RT07V','ENG_GSA80','MEM_O2GO6',5,1161.43,27,44,2.0,'Medium'
'COM_TU952','ENG_4ZIVU','MEM_8HEA0',13,176.77,73,46,6.2,'Low'
'COM_V3Z4G','ENG_NZNAN','MEM_ETLXP',30,721.31,61,16,94.7,'Low'
'COM_H8T5N','ENG_1BBNK','MEM_9O19B',45,607.96,89,33,66.1,'Medium'
'COM_GFQ5U','ENG_N29UE','MEM_5TN93',25,1578.20,31,37,62.2,'High'
'COM_GGBR3','ENG_CNXCZ','MEM_76366',21,481.56,57,17,9.0,'Medium'
'COM_U63OS','ENG_3GJU5','MEM_3JZK1',36,225.87,3,17,50.8,'Low'
'COM_4N9IJ','ENG_ZRSBF','MEM_86Q89',13,1398.56,56,34,58.6,'High'
'COM_LNVRE','ENG_M8GG1','MEM_ZPZXY',48,1747.52,46,26,61.8,'Low'
'COM_XYVFY','ENG_CQUWZ','MEM_OT1LP',24,9.75,55,36,47.7,'Low'
'COM_W04JA','ENG_6VRQE','MEM_0HVB7',24,960.39,68,3,43.3,'Low'
'COM_7MALJ','ENG_CJ1M6','MEM_YGL3Z',33,1909.16,38,15,9.0,'Medium'
'COM_WHOPP','ENG_QHTM1','MEM_6Y3SV',16,1112.39,67,30,25.4,'Low'
'COM_RX59F','ENG_7EUVC','MEM_R791N',50,1429.74,66,3,87.0,'Low'
'COM_NR0I7','ENG_C11RX','MEM_BEL47',32,1287.21,58,35,33.9,'Low'
'COM_RVQ61','ENG_AY7PG','MEM_8W0T9',6,1191.20,9,43,46.5,'High'
'COM_L234S','ENG_X4IZE','MEM_AWMY4',36,1444.53,47,37,26.9,'Medium'
'COM_3MJM6','ENG_H4112','MEM_KCYM3',9,107.84,36,42,61.1,'Medium'
'COM_WP3EY','ENG_2Z7EE','MEM_AR49B',44,1706.32,99,10,46.6,'Low'
'COM_F7RQM','ENG_YMJAU','MEM_3E7XZ',46,1848.03,33,33,12.6,'High'
'COM_1AXGV','ENG_RFZEP','MEM_9S6RO',26,1708.67,43,0,99.2,'Low'
'COM_BMHFS','ENG_ZPCZM','MEM_JF52P',9,1728.75,87,12,69.8,'Low'
'COM_AHF3I','ENG_RBWK7','MEM_6XL4Y',16,250.78,48,38,67.7,'Low'
'COM_R3BXL','ENG_F2OP7','MEM_KYS3I',39,222.87,46,8,44.1,'Low'
'COM_T4A81','ENG_PAUC6','MEM_8HRH7',36,97.59,86,24,19.7,'Low'
'COM_8I20C','ENG_BRUUQ','MEM_I2NXQ',28,1399.80,20,47,83.5,'Medium'
'COM_A8FYV','ENG_8GZTS','MEM_X1GV9',11,726.58,88,38,38.2,'Low'
'COM_OW9J0','ENG_T1R5F','MEM_EABVR',34,28.51,94,46,76.2,'Medium'
'COM_L2BER','ENG_ZRYA5','MEM_MUTY2',44,1281.05,64,44,44.0,'High'
'COM_6HHWG','ENG_SIIGO','MEM_YW0VK',28,341.65,65,9,4.3,'Low'
'COM_VA7F5','ENG_P7J44','MEM_PZQFD',16,161.10,86,26,63.9,'Low'
'COM_0R9X5','ENG_9U3S7','MEM_KDM6K',19,1220.08,94,40,20.3,'Medium'
'COM_XQQHB','ENG_EJFY7','MEM_D89BT',31,1115.24,93,24,85.6,'Low'
'COM_NM6LK','ENG_N7WPM','MEM_XGYGC',23,1832.23,98,44,44.5,'Low'
'COM_Y887M','ENG_G03OF','MEM_00EKB',47,1867.58,40,39,14.9,'Medium'
'COM_0CMH3','ENG_0KKDH','MEM_0VEN9',12,1659.11,18,2,73.6,'Low'
'COM_OVJ7J','ENG_2O1CC','MEM_6L5W0',41,346.10,47,28,14.2,'Low'
'COM_G5810','ENG_1G086','MEM_VKD7T',16,1166.18,93,27,44.6,'High'
'COM_CZKTR','ENG_V7QGP','MEM_E1YOP',40,1334.04,62,18,24.6,'Medium'
'COM_DSJST','ENG_EG7WB','MEM_X8D8A',25,1004.69,21,0,43.7,'Medium'
'COM_EYQSN','ENG_VW7J0','MEM_MKTA3',16,585.92,93,15,76.3,'Low'
'COM_2D1G7','ENG_UE2LO','MEM_YM4JW',31,1390.77,20,36,92.9,'Low'
'COM_3BBI3','ENG_YV99Q','MEM_C2Z2H',34,1822.04,100,43,67.6,'Low'
'COM_EO2VB','ENG_SYRHG','MEM_HHJNZ',32,374.23,87,34,21.2,'Low'
'COM_OHXIE','ENG_RUJHY','MEM_NWTBF',17,549.40,80,33,29.2,'Medium'
'COM_CKO3L','ENG_LD1GY','MEM_PKW1S',23,1038.98,44,24,7.7,'Low'
'COM_A3O3I','ENG_XDXIQ','MEM_FHC65',23,811.32,79,1,32.9,'Low'
'COM_K7I67','ENG_6OCWZ','MEM_X1NRR',6,1158.74,71,14,17.4,'High'
'COM_MTL4K','ENG_GJ60S','MEM_X4UDP',14,1672.63,7,48,41.0,'Low'
'COM_DBRT4','ENG_TUN99','MEM_8682M',27,968.29,37,36,20.2,'Low'
'COM_YGHCM','ENG_EPZW8','MEM_WR9RH',37,705.27,77,44,1.4,'Low'
'COM_ZPK3E','ENG_49ME8','MEM_GZGBF',6,1032.67,84,11,24.5,'High'
'COM_JGK45','ENG_K1TL3','MEM_Q7IXN',20,1554.29,60,15,14.1,'Low'
'COM_0LNN6','ENG_35VVD','MEM_ZOMQ3',7,1453.28,63,7,27.5,'High'
'COM_9PCFA','ENG_0PZV9','MEM_NNO2E',36,1153.46,31,9,35.6,'Low'
'COM_KZFML','ENG_HNZ3U','MEM_0XQ2P',45,622.13,12,45,63.4,'High'
'COM_A8H5A','ENG_XUE5Z','MEM_GC64C',7,649.94,26,14,42.1,'Low'
'COM_0ZMSQ','ENG_QHMJ7','MEM_XYBK2',47,1522.42,18,8,15.0,'Low'
'COM_BEOBI','ENG_QK0ON','MEM_3TJKU',39,1045.50,78,46,72.1,'Low'
'COM_A6SOJ','ENG_00WRJ','MEM_M4BDP',21,250.58,30,38,20.7,'High'
'COM_6PSNG','ENG_14CUI','MEM_XUOD5',48,1893.70,96,26,71.4,'High'
'COM_V20D6','ENG_5UOQT','MEM_CCIYF',24,1097.19,48,49,22.4,'Medium'
'COM_KOULR','ENG_QKCAI','MEM_EKEGK',43,1194.55,69,38,56.0,'High'
'COM_VKUL5','ENG_WV7QN','MEM_X4I0C',33,860.44,64,20,48.7,'Medium'
'COM_V755H','ENG_8JH7Z','MEM_1QDUA',35,313.70,6,5,28.7,'High'
'COM_YSE5M','ENG_HGNGA','MEM_12JRS',1,96.66,85,36,31.0,'Medium'
'COM_X7YSX','ENG_75C07','MEM_BZH3O',0,914.76,28,6,34.2,'Medium'
'COM_I6P00','ENG_JR4YB','MEM_SA7X8',28,1754.60,73,50,86.6,'Low'
'COM_SR9OV','ENG_QQ4P4','MEM_4CTOD',1,121.10,20,38,16.8,'Low'
'COM_SMNP1','ENG_ZIHSF','MEM_Y6KM0',9,604.83,37,26,52.1,'Low'
'COM_L9M0W','ENG_UV91W','MEM_MP9JY',14,1576.30,15,28,98.7,'High'
'COM_XOL9M','ENG_MW2MK','MEM_WZFO4',16,725.13,51,15,88.3,'Medium'
'COM_SPUZE','ENG_VZ4Q7','MEM_6Z29K',48,1761.83,50,9,44.0,'Low'
'COM_56TGW','ENG_3Y5G3','MEM_7Y2E2',43,1327.01,71,30,17.3,'Low'
'COM_FF2CC','ENG_ZW2M5','MEM_RQ257',37,1209.57,55,47,59.7,'High'
'COM_IB48I','ENG_FTG6J','MEM_5K3VZ',50,540.44,15,30,53.5,'Low'
'COM_V7B2A','ENG_1VSJW','MEM_FRL3F',6,1368.93,44,36,42.0,'High'
'COM_PKU2T','ENG_9M3C8','MEM_AO1F8',41,449.91,2,10,99.0,'Medium'
'COM_C82HU','ENG_FAX4N','MEM_436FP',41,999.81,29,8,73.6,'Low'
'COM_ZY6H6','ENG_KWU97','MEM_8YFEF',29,1294.56,73,8,90.5,'High'
'COM_ZZC0Y','ENG_UOFAW','MEM_AF04G',40,1217.58,54,43,51.0,'Medium'
'COM_3TDBZ','ENG_C50OC','MEM_W5DFO',20,888.45,12,13,42.0,'Low'
'COM_H6AUK','ENG_YCWGF','MEM_JG3BJ',42,77.50,43,6,24.9,'Low'
'COM_5WANM','ENG_EZ17I','MEM_J5WO1',19,409.91,63,36,22.4,'High'
'COM_F5Y4Y','ENG_8VNEC','MEM_JVALP',10,508.74,1,40,41.4,'Low'
'COM_ZBBPT','ENG_8OG2D','MEM_190C4',49,1817.47,73,5,12.2,'Low'
'COM_WXDCN','ENG_LSQYR','MEM_D64N5',19,1143.61,3,48,66.7,'High'
'COM_K3J3L','ENG_U0Z8V','MEM_RKVEF',8,849.37,19,8,5.6,'Low'
'COM_OCQTX','ENG_6ZA1J','MEM_OCWJ5',18,1217.75,9,5,80.2,'Medium'
'COM_LIZ17','ENG_GEKRR','MEM_QC93D',20,1260.67,51,0,94.2,'Medium'
'COM_3TEMC','ENG_XMYXJ','MEM_TNS8A',24,202.25,34,43,14.3,'High'
'COM_ZOHWK','ENG_89G4P','MEM_966JK',2,2.39,89,41,19.4,'Low'
'COM_NK72Q','ENG_ZVQE5','MEM_EV1RL',41,1617.65,83,22,97.2,'Low'
'COM_JQUIL','ENG_ATER6','MEM_P56T0',29,1191.84,47,10,3.1,'Low'
'COM_M9GNA','ENG_TRZ5M','MEM_T8FUS',1,400.37,2,17,77.7,'Low'
'COM_NG2IL','ENG_8QG2Y','MEM_RATYZ',28,1287.34,59,25,48.2,'Medium'
'COM_9OFGU','ENG_VTRF0','MEM_QPIZR',10,273.56,31,19,96.6,'High'
'COM_6GZ6P','ENG_Z9Z02','MEM_S224Z',38,1166.94,96,33,12.4,'Low'
'COM_LFX1O','ENG_ZRNU2','MEM_RGVBG',22,552.72,29,6,65.7,'Medium'
'COM_RAFBM','ENG_MXX6Z','MEM_3NTNI',44,1482.61,21,31,34.6,'High'
'COM_IRCF7','ENG_FUAUI','MEM_L9JCI',35,1011.06,52,26,17.0,'Low'
'COM_1OGLS','ENG_THT2L','MEM_TQ8OB',40,1425.75,28,26,67.1,'High'
'COM_15HWM','ENG_JRIO5','MEM_1E41H',17,1755.53,64,30,94.7,'High'
'COM_G5C9M','ENG_V6MTO','MEM_VIEJQ',45,1688.83,38,29,20.9,'Low'
'COM_DNDK6','ENG_DJ5W7','MEM_YWKL3',41,234.16,31,42,66.9,'Medium'
'COM_6F154','ENG_JSVBK','MEM_CRUV8',3,500.16,78,19,22.1,'Low'
'COM_QJNAQ','ENG_8P76A','MEM_Z1QFD',42,1169.67,73,44,30.3,'Low'
'COM_IEH78','ENG_1FCVB','MEM_6WBO3',2,727.98,56,4,9.2,'Low'
'COM_U6944','ENG_7XO5R','MEM_VCILQ',9,795.22,95,28,37.8,'Low'
'COM_WJ2WB','ENG_OO9IY','MEM_LJF9R',22,1747.05,89,15,78.2,'Low'
'COM_Q2OTB','ENG_AABEU','MEM_YIQKW',45,1153.09,34,50,25.3,'High'
'COM_80TNI','ENG_U7F66','MEM_JPWW3',8,49.81,43,29,20.1,'Medium'
'COM_8A2B3','ENG_RNU15','MEM_ANBGN',11,1050.60,66,45,62.3,'Low'
'COM_25PV6','ENG_NFCYR','MEM_SXRJ1',8,1628.90,36,31,58.4,'Medium'
'COM_M872D','ENG_LVPGA','MEM_D7IO0',48,659.53,23,46,23.2,'Medium'
'COM_NL77J','ENG_SLDJG','MEM_96R0F',5,624.95,26,45,62.2,'Medium'
'COM_D884N','ENG_5TWLC','MEM_YMTAM',8,809.95,20,15,6.8,'Low'
'COM_9Q2RN','ENG_TZ5B2','MEM_JOC42',10,1999.67,66,6,9.8,'High'
'COM_1DEL1','ENG_KFII3','MEM_KFTZV',21,1983.75,68,29,44.4,'Low'
'COM_10BWB','ENG_VN08D','MEM_ARR3J',3,1659.79,9,38,3.7,'Low'
'COM_66PYZ','ENG_WQ2NI','MEM_ECF8V',24,774.86,12,42,4.4,'Medium'
'COM_4YZJ6','ENG_IHZ7Z','MEM_4EWR4',20,1133.65,37,14,21.8,'High'
'COM_UVM95','ENG_0U5EP','MEM_H8FTO',25,362.50,31,8,62.3,'Medium'
'COM_RXV4T','ENG_RY6Z5','MEM_1OO27',9,470.76,84,28,83.6,'Low'
'COM_JSGSZ','ENG_S2CXE','MEM_FPHIM',10,1546.48,47,19,67.6,'Medium'
'COM_QSPW2','ENG_0KNU5','MEM_49A2K',18,1483.27,61,25,46.3,'High'
'COM_H543V','ENG_BIQN9','MEM_RI81L',49,675.80,40,15,7.3,'Low'
'COM_NMAKF','ENG_589UP','MEM_GEDWS',32,249.35,93,36,88.6,'Medium'
'COM_4XWUG','ENG_F4WN4','MEM_5EOF0',4,897.24,99,30,16.2,'Medium'
'COM_Z0VHE','ENG_NA21O','MEM_E9LOO',29,904.08,2,39,50.4,'Medium'
'COM_J4M3C','ENG_C68ZY','MEM_XEAXT',4,1192.27,72,22,17.9,'Medium'
'COM_IHEKI','ENG_2R1LF','MEM_IQTMG',1,4.92,1,8,74.0,'High'
'COM_N8XAQ','ENG_ZXZ72','MEM_151NO',15,491.17,60,34,60.0,'Low'
'COM_BX48B','ENG_X5CCI','MEM_8K3IC',1,1046.83,7,11,49.9,'Low'
'COM_JK73M','ENG_JNQ9T','MEM_MMFTK',15,323.30,36,50,87.8,'Low'
'COM_QL1K2','ENG_12V1R','MEM_C1ZC0',32,1285.79,52,49,26.0,'Medium'
'COM_S21FT','ENG_S8T1A','MEM_XPIAE',41,590.77,75,6,31.8,'Low'
'COM_M7AH6','ENG_FOPBL','MEM_79LAK',11,1039.52,66,27,76.1,'Medium'
'COM_NDOW2','ENG_NVWLT','MEM_S30C5',41,1358.07,17,38,60.1,'Low'
'COM_30G8F','ENG_IC75T','MEM_UGKHQ',49,626.98,26,12,25.1,'Low'
'COM_FL9U7','ENG_YK43S','MEM_CIZJP',0,1703.73,32,28,86.3,'Low'
'COM_CHKDK','ENG_70V20','MEM_MZFN7',49,563.95,72,22,52.2,'Low'
'COM_D5CAX','ENG_SQ78J','MEM_J2X4G',1,430.53,44,44,20.3,'Low'
'COM_S08J0','ENG_BF1JB','MEM_OTCWZ',3,298.91,56,26,36.2,'High'
'COM_KTDYK','ENG_HEOS7','MEM_GDIFN',21,171.09,77,48,12.2,'Medium'
'COM_5HQEF','ENG_159N3','MEM_4F21Q',15,1292.65,56,8,6.8,'Low'
'COM_HTI5M','ENG_1YSWX','MEM_FTXVT',30,1422.60,89,32,87.3,'Low'
'COM_CNABO','ENG_PJOQP','MEM_9OKE6',3,53.21,23,43,54.2,'Low'
'COM_Y2CKS','ENG_UZZ7F','MEM_CWQDT',41,376.21,5,7,4.4,'Low'
'COM_DKCDZ','ENG_Q3E8G','MEM_04NY0',13,86.79,98,49,55.6,'Low'
'COM_97Z35','ENG_YJI23','MEM_N4FRX',19,459.35,42,28,96.2,'Medium'
'COM_SZG8T','ENG_LDR4B','MEM_QGGC4',27,1916.30,87,33,17.6,'Low'
'COM_6XVZO','ENG_1XDO7','MEM_L1VOU',35,392.38,7,26,37.4,'High'
'COM_W50T3','ENG_EXXEY','MEM_XIO22',7,371.81,77,6,46.3,'Medium'
'COM_FFL3K','ENG_IHC54','MEM_579LQ',8,149.15,77,32,22.8,'Low'
'COM_BAGAY','ENG_FUM5F','MEM_K7DJZ',19,1944.31,41,23,46.3,'Low'
'COM_LOIID','ENG_HHO64','MEM_4CED0',1,918.96,57,15,36.5,'High'
'COM_JCQY1','ENG_CJL5M','MEM_YUDSJ',14,1095.30,49,5,20.4,'Medium'
'COM_WI5A0','ENG_BVBRO','MEM_DBS32',41,1538.94,98,3,43.6,'Medium'
'COM_UFIEG','ENG_MV3VJ','MEM_0CYJW',1,316.89,84,30,80.7,'Medium'
'COM_X1DWF','ENG_5FLXB','MEM_8UBHJ',46,857.79,66,42,45.3,'High'
'COM_KU4CX','ENG_B9H41','MEM_P19JP',2,1434.47,63,22,51.4,'High'
'COM_UOO25','ENG_61NP8','MEM_NXKV9',6,1269.53,65,30,62.3,'Low'
'COM_ZT10V','ENG_2RCKP','MEM_Q2LCI',47,1691.99,27,18,14.9,'Low'
'COM_RURJC','ENG_8LJ4B','MEM_GYE7M',3,1005.57,10,40,26.9,'Medium'
'COM_168NV','ENG_294BK','MEM_V7EEJ',6,1433.46,90,8,40.5,'Medium'
'COM_FPU8S','ENG_OU5QA','MEM_ZEP42',2,585.93,99,20,84.0,'Low'
'COM_3EYBV','ENG_VOS3V','MEM_FXS60',1,505.24,72,0,37.7,'Medium'
'COM_GUAGY','ENG_DN8OW','MEM_SBDP0',49,1553.57,100,31,17.7,'Low'
'COM_5OEFA','ENG_NPLY0','MEM_GDT67',33,336.12,38,43,23.0,'Low'
'COM_24WXJ','ENG_BPG9R','MEM_S6YW0',25,941.97,10,49,59.7,'Low'
'COM_58U56','ENG_29GOD','MEM_82O09',26,695.21,75,0,27.3,'Low'
'COM_E4NLI','ENG_V3DDJ','MEM_RE0X0',47,241.91,85,7,50.5,'Medium'
'COM_SLO0E','ENG_5ATXG','MEM_9URGV',33,1575.69,33,33,1.6,'Low'
'COM_BMGM2','ENG_3HPRD','MEM_EOIPO',21,1497.55,42,38,23.8,'Low'
'COM_UKDXW','ENG_LQSZG','MEM_RMSBK',21,1061.63,7,27,81.5,'Low'
'COM_NYKRO','ENG_LGET5','MEM_KZRYS',43,1471.29,96,33,78.8,'High'
'COM_WK43G','ENG_2KYYR','MEM_5P9K2',21,665.95,59,26,66.1,'Medium'
'COM_LAR0E','ENG_ZYEY9','MEM_JHCBM',17,651.29,56,28,57.1,'Low'
'COM_Q0ELR','ENG_GI9D4','MEM_O0D91',24,1925.59,68,23,88.7,'Low'
'COM_1BACR','ENG_2OQ71','MEM_U2HRV',8,1516.78,3,6,2.4,'Medium'
'COM_HL74F','ENG_VOFDB','MEM_0NQ5L',38,1933.51,0,26,78.6,'Medium'
'COM_NJN6B','ENG_9ECQO','MEM_GO1R5',32,1157.34,8,23,39.4,'Low'
'COM_4G8C7','ENG_ABTFO','MEM_1MJBJ',21,1101.92,79,50,81.8,'Low'
'COM_G9M7O','ENG_SJN06','MEM_S9ABQ',4,1671.93,5,41,17.5,'Low'
'COM_2W47F','ENG_308EJ','MEM_35QMY',46,1729.26,56,40,68.0,'Medium'
'COM_85BRR','ENG_F79TW','MEM_ZVEZO',16,1192.50,7,31,46.0,'High'
'COM_UKGUK','ENG_V4VXU','MEM_FWM7G',15,1822.82,81,27,51.4,'Low'
'COM_L2437','ENG_F99MW','MEM_TWSX3',35,815.02,3,25,23.9,'Low'
'COM_FNFT0','ENG_NK2CK','MEM_PJ0RO',34,1261.39,80,30,3.9,'Low'
'COM_2JZPL','ENG_LFW6Z','MEM_3DDMP',46,46.72,92,34,72.0,'Low'
'COM_B4P6H','ENG_7RTVE','MEM_0E42M',25,1107.81,26,18,99.0,'High'
'COM_7ULWK','ENG_UFTCU','MEM_AMO5K',20,450.79,69,39,72.9,'Medium'
'COM_RTQGD','ENG_0UFQ7','MEM_SVHMB',12,680.35,84,4,73.4,'Medium'
'COM_RQABV','ENG_ZXV93','MEM_B9GXM',2,1176.59,79,3,78.3,'High'
'COM_CY8U7','ENG_4EA3O','MEM_76DWB',40,540.36,32,31,26.3,'Low'
'COM_JYOEF','ENG_O6FHQ','MEM_CESU1',27,32.28,74,19,89.5,'Low'
'COM_TDLE2','ENG_32Z22','MEM_KJG3R',44,921.99,96,39,66.4,'High'
'COM_3U647','ENG_J5M0C','MEM_BRWT7',21,139.04,45,1,41.5,'Low'
'COM_1NONY','ENG_TJO12','MEM_ID5GK',4,970.36,85,26,48.5,'Medium'
'COM_TUPUV','ENG_DMKDL','MEM_ZOTW1',49,329.15,65,6,27.9,'Low'
'COM_TE75N','ENG_K2OSJ','MEM_U22MQ',26,1222.42,32,10,75.1,'Low'
'COM_J6KHL','ENG_MDNVV','MEM_HXQIY',20,901.90,21,29,15.1,'Low'
'COM_WIH7B','ENG_NA92V','MEM_71VAM',6,651.44,41,22,92.3,'Medium'
'COM_Z4FMT','ENG_2YOLG','MEM_V0UVV',20,723.16,24,40,67.4,'High'
'COM_UDN6A','ENG_9UAHT','MEM_UAUPD',34,449.92,73,25,9.2,'High'
'COM_U9UBN','ENG_BCJRY','MEM_RLD8K',2,1431.15,24,44,55.9,'Low'
'COM_7AIA9','ENG_LIA3E','MEM_QVT2B',22,793.78,81,12,17.0,'Low'
'COM_0WV1Y','ENG_I2NXA','MEM_JE75K',24,36.53,52,22,45.7,'Low'
'COM_UYZJW','ENG_NYYPF','MEM_4OARH',39,1973.33,85,39,37.5,'Medium'
'COM_E3DKD','ENG_YSVN3','MEM_M4L9Z',14,1026.82,56,32,50.1,'Low'
'COM_1EO3F','ENG_EIWUL','MEM_CI3IB',16,1212.10,42,37,44.2,'Medium'
'COM_85M6O','ENG_SY33B','MEM_X6BF3',11,1304.93,5,19,78.0,'Low'
'COM_QFRHF','ENG_5W2WA','MEM_87N1G',6,259.93,85,3,98.3,'Low'
'COM_KXVML','ENG_CA45L','MEM_RHT5M',19,1632.52,21,38,45.9,'Low'
'COM_4S27W','ENG_JY50P','MEM_76DRJ',39,1734.14,64,36,29.5,'High'
'COM_NY16M','ENG_QZU42','MEM_Q2DOF',6,106.34,60,49,51.7,'High'
'COM_8TJ9B','ENG_7OL4V','MEM_IUI7K',0,393.49,26,28,24.5,'Medium'
'COM_C8TLH','ENG_7K6ZE','MEM_KMBFZ',30,1393.25,42,35,34.7,'Medium'
'COM_ZLFVO','ENG_WHD8S','MEM_E8G7I',12,708.93,55,18,0.4,'Medium'
'COM_6GJDE','ENG_P2H8R','MEM_QBB3B',39,941.37,45,30,95.7,'Low'
'COM_DDRQ3','ENG_T0N6J','MEM_W1TL6',12,1378.16,20,32,80.6,'Low'
'COM_2FDS4','ENG_3R6TZ','MEM_S62W4',31,627.90,82,39,87.7,'Low'
'COM_QOR4V','ENG_2SW7V','MEM_DDCXW',29,129.30,75,26,82.7,'Medium'
'COM_LMZK5','ENG_Y8APG','MEM_5XXTB',20,196.98,41,6,17.9,'Medium'
'COM_G0DXU','ENG_WFV0A','MEM_XAU77',20,1471.96,21,41,74.9,'High'
'COM_D6UE1','ENG_5PCLQ','MEM_PQBGH',12,1273.11,97,6,41.6,'Low'
'COM_I6MR7','ENG_57L72','MEM_KHJM8',12,367.94,87,28,16.9,'Medium'
'COM_ISSEK','ENG_I5CRK','MEM_RGPQ1',35,1360.22,15,34,41.1,'Low'
'COM_K4DC2','ENG_4DILW','MEM_5U594',26,915.31,81,23,43.0,'High'
'COM_BWOSZ','ENG_Y5TUQ','MEM_1IEIS',3,282.74,33,16,50.1,'Medium'
'COM_Y6QOI','ENG_2XPEG','MEM_FJZ8D',13,1314.90,14,32,97.2,'High'
'COM_VVO6Q','ENG_0VIV6','MEM_ATOG5',9,1805.09,46,1,73.9,'Low'
'COM_CJKCF','ENG_I6D0G','MEM_UJLS9',0,1589.10,69,44,36.0,'Low'
'COM_2GJHE','ENG_J5MVE','MEM_YP5GG',30,1128.74,22,4,39.4,'Medium'
'COM_THMOJ','ENG_JAKBS','MEM_TIX55',6,714.73,92,17,90.6,'Low'
'COM_3JQR8','ENG_DARMI','MEM_S34W3',21,988.12,20,44,49.9,'Medium'
'COM_WGQ5A','ENG_3MLK9','MEM_6VTDF',47,110.29,78,14,57.4,'Low'
'COM_P6YRZ','ENG_BGZF3','MEM_8H7NJ',6,1345.47,72,15,21.7,'Medium'
'COM_LHJ4A','ENG_CSDMG','MEM_DG4Z6',4,1606.18,75,45,94.1,'Medium'
'COM_JF7P1','ENG_J4WHW','MEM_I6SH2',19,1408.53,54,5,17.4,'Low'
'COM_K1BCK','ENG_RUHC7','MEM_9H7IP',4,653.31,32,43,65.1,'High'
'COM_0R9QC','ENG_KCHOD','MEM_7X5UI',31,1967.81,1,35,37.4,'Medium'
'COM_BNNRH','ENG_RY210','MEM_A1NTG',14,891.97,49,43,69.1,'Medium'
'COM_PCU1P','ENG_0O96N','MEM_M6GEE',47,1657.94,93,14,37.1,'Low'
'COM_7GD2J','ENG_050R1','MEM_71DR5',4,11.69,93,18,70.6,'Medium'
'COM_BCE9N','ENG_CMSDM','MEM_F9DOT',20,340.81,1,26,87.5,'Low'
'COM_ZGBNH','ENG_CCGFM','MEM_XHU2T',12,1585.52,85,37,59.8,'Low'
'COM_DH3TD','ENG_4PNG9','MEM_B3GQO',45,728.22,10,19,52.1,'High'
'COM_H6ZS6','ENG_H20VI','MEM_XBB04',20,182.84,61,24,4.3,'Low'
'COM_PORW6','ENG_ZE2ST','MEM_C6H8Q',44,1561.87,85,15,45.0,'Low'
'COM_18API','ENG_RDGFA','MEM_ZY1Z4',43,1433.44,98,17,15.7,'Medium'
'COM_5YM0J','ENG_BAMRC','MEM_19GSB',26,1940.19,66,19,48.2,'Medium'
'COM_6VDGS','ENG_N118S','MEM_MEBSS',12,1072.64,98,45,82.9,'Low'
'COM_41JYL','ENG_E2DIF','MEM_4Q6KH',27,1962.24,74,42,57.4,'Low'
'COM_95IMS','ENG_T8B1L','MEM_TBTXJ',11,218.66,28,18,93.6,'Medium'
'COM_NEB98','ENG_ITTCX','MEM_W1H8J',39,588.38,18,21,16.2,'Low'
'COM_3EJ0N','ENG_0F7DB','MEM_UMG7O',31,878.20,29,33,64.3,'High'
'COM_K6T7O','ENG_I5LVB','MEM_0EXUI',50,1278.59,18,38,57.7,'Low'
'COM_LHVJ0','ENG_8I0JY','MEM_PYAKT',31,1954.40,91,0,4.7,'Low'
'COM_EYGVJ','ENG_HSDF7','MEM_UYG2T',24,1138.02,81,37,43.5,'Low'
'COM_83YAT','ENG_SS86D','MEM_YM8LX',13,480.48,88,34,26.6,'Medium'
'COM_N1U4H','ENG_6XD24','MEM_LDWI2',24,153.58,26,14,68.3,'Medium'
'COM_U3064','ENG_BSQ55','MEM_8OKFU',49,1852.83,8,16,44.3,'Low'
'COM_M7B60','ENG_XDZVT','MEM_3CE27',12,358.63,66,9,73.3,'Low'
'COM_HPX95','ENG_W924B','MEM_LPDXF',33,1587.04,93,41,89.3,'Low'
'COM_BKOIY','ENG_KRZ1Q','MEM_991GF',44,1685.94,53,30,78.2,'Medium'
'COM_2MZ0E','ENG_S76J8','MEM_IPULY',10,1130.04,78,21,5.3,'Low'
'COM_ZE3C1','ENG_NYU5A','MEM_Q583Q',34,94.28,87,34,19.7,'Low'
'COM_JFXJH','ENG_4PYMQ','MEM_WHMEH',38,407.62,88,16,8.4,'High'
'COM_HVUNE','ENG_LMV3P','MEM_6CFX4',42,807.03,76,44,55.8,'Low'
'COM_5T5ZE','ENG_2UIHN','MEM_3U86U',37,2.19,61,14,23.8,'High'
'COM_TCCFM','ENG_BOV7Z','MEM_1YRLA',20,947.32,51,50,40.1,'Low'
'COM_4EDBM','ENG_1Q85V','MEM_M35KR',38,1566.89,82,1,70.3,'Low'
'COM_ZXJHY','ENG_S45W6','MEM_GLCHY',5,1768.18,68,18,72.1,'Low'
'COM_LNZ4O','ENG_MV2NU','MEM_6LRTG',37,976.39,4,24,36.3,'High'
'COM_UZJ9M','ENG_ITYBN','MEM_16QUJ',39,683.10,50,14,8.4,'High'
'COM_CRWYD','ENG_XQA49','MEM_BTMFD',29,43.34,62,49,1.4,'Medium'
'COM_2NRNH','ENG_E3YWO','MEM_E6MFN',45,449.34,48,31,25.6,'Medium'
'COM_UA2WC','ENG_SBDXV','MEM_0GZ5I',29,1161.41,89,24,67.5,'Low'
'COM_XKGJ5','ENG_54OB1','MEM_39ZD2',24,1663.48,56,39,9.2,'Low'
'COM_2YM67','ENG_DCDNH','MEM_IX15Q',16,4.64,77,20,56.5,'Low'
'COM_1FCAW','ENG_Z6V9M','MEM_G39BL',24,182.88,84,47,12.8,'Low'
'COM_M6ECN','ENG_1XWSB','MEM_09SUV',16,751.66,80,28,64.9,'Low'
'COM_3WLWF','ENG_SVRRR','MEM_2HB4S',38,443.31,9,26,61.2,'High'
'COM_7K6TM','ENG_J9URT','MEM_8F7PC',1,640.17,22,8,64.4,'Low'
'COM_PPKKQ','ENG_QNNR0','MEM_89ZO1',40,175.92,24,6,98.4,'Medium'
'COM_49NGV','ENG_NEYMV','MEM_X39EY',28,249.11,57,24,43.1,'Medium'
'COM_0378G','ENG_5758M','MEM_JCT8I',1,1869.34,53,49,53.0,'High'
'COM_F3ZT3','ENG_K53KS','MEM_MNM3A',1,710.95,67,3,27.6,'Low'
'COM_G2TIO','ENG_RPO9K','MEM_EF7RI',49,1789.35,34,43,70.2,'High'
'COM_UO79A','ENG_3KSYK','MEM_IJKL7',14,722.52,81,14,28.2,'High'
'COM_FSH9C','ENG_8BTAR','MEM_TMGWO',42,1301.41,68,36,57.4,'Low'
'COM_EX879','ENG_NU7V9','MEM_XWCQT',15,45.76,93,49,54.5,'High'
'COM_X8CKC','ENG_3MP5D','MEM_7P9RH',37,603.93,90,41,71.7,'Medium'
'COM_Y9YMM','ENG_I1IQO','MEM_UD9ML',4,1313.48,91,22,50.2,'Low'
'COM_1GHA4','ENG_TSTDJ','MEM_TSXHS',27,1716.06,32,2,10.9,'High'
'COM_Q76RC','ENG_K5LL3','MEM_3KUMJ',34,97.03,41,46,76.0,'Low'
'COM_1GBXZ','ENG_2JLQN','MEM_3XDYO',41,1675.93,20,8,58.0,'Low'
'COM_D42UG','ENG_UQO1N','MEM_QZZTZ',27,629.68,11,30,19.2,'Low'
'COM_O32GR','ENG_ZSX4X','MEM_2ZMED',35,1913.27,48,14,51.6,'Low'
'COM_W9W5W','ENG_X1MWB','MEM_EYBOL',41,885.24,68,46,57.8,'Low'
'COM_UE2UI','ENG_162CE','MEM_QBRG3',37,1729.85,14,34,35.0,'High'
'COM_5EUYA','ENG_GC3B1','MEM_OH9OJ',29,84.58,24,40,62.1,'Medium'
'COM_U4ILS','ENG_XKL8R','MEM_N4WFR',43,174.97,29,6,18.6,'Low'
'COM_JI82B','ENG_NZSE4','MEM_CON97',25,1992.31,50,5,45.3,'Low'
'COM_SSFUO','ENG_XENXA','MEM_NJKGN',6,904.78,43,48,62.1,'Low'
'COM_6G4KC','ENG_7UKIL','MEM_K6AGA',17,22.72,24,12,49.4,'Medium'
'COM_H9V3K','ENG_3JOKI','MEM_PWOWL',34,1820.62,33,38,24.9,'Low'
'COM_DFM6B','ENG_B3EYX','MEM_AST0W',10,276.25,23,9,87.5,'Low'
'COM_6K1WJ','ENG_15D4I','MEM_RYV54',24,255.45,47,27,19.5,'Low'
'COM_A5N8E','ENG_DYM8N','MEM_R0XED',25,1069.15,42,42,80.2,'Low'
'COM_VWXC7','ENG_14GJH','MEM_OTW14',18,1416.36,33,13,85.4,'Low'
'COM_RW20U','ENG_EVTSE','MEM_P9IAQ',11,1410.38,19,29,15.5,'Medium'
'COM_KSHHY','ENG_9YA9O','MEM_HOMZF',6,157.50,67,49,33.6,'High'
'COM_38DZT','ENG_RB09G','MEM_SB58S',28,1484.64,18,48,36.6,'High'
'COM_5ATN2','ENG_Z3XY5','MEM_RP10Z',48,1334.08,89,44,25.5,'Medium'
'COM_VA60S','ENG_FUW5E','MEM_A4TUJ',21,880.89,52,17,89.9,'Low'
'COM_K4AKP','ENG_NNGI9','MEM_ZR3Y0',32,979.25,3,20,96.0,'Low'
'COM_MNXI5','ENG_QALVL','MEM_SRS1N',35,217.17,79,5,23.3,'Medium'
'COM_WKT9U','ENG_RV9MV','MEM_95ILE',29,1861.41,71,10,69.3,'High'
'COM_G73K8','ENG_9Z3P7','MEM_NAVX1',16,309.99,39,4,32.3,'High'
'COM_9FPOH','ENG_3N13P','MEM_Q2FPA',15,1970.49,53,6,10.7,'Low'
'COM_BWKCK','ENG_4OQAR','MEM_YUEJL',1,1664.38,75,11,60.7,'Low'
'COM_MMCKO','ENG_CAN7M','MEM_2IMMV',14,225.00,88,25,38.3,'High'
'COM_L3ITM','ENG_ZR112','MEM_0ZFY0',24,1869.47,95,46,38.3,'Low'
'COM_OQDLE','ENG_PEAYW','MEM_V8J6Q',5,525.91,84,6,95.2,'Low'
'COM_TX0Y3','ENG_GLLU2','MEM_49IBN',18,895.06,75,4,87.1,'High'
'COM_N647E','ENG_W6D9T','MEM_E34CE',0,853.24,97,11,90.1,'Medium'
'COM_V9FQR','ENG_K88AB','MEM_717QW',0,811.39,22,43,51.5,'Low'
'COM_C7N6Q','ENG_N3GK2','MEM_EOJ3O',31,1255.72,56,15,32.5,'High'
'COM_C059L','ENG_QR042','MEM_DO0BT',36,524.01,17,33,29.6,'Medium'
'COM_RY1OW','ENG_27RM9','MEM_LW1T8',21,1457.95,70,16,13.3,'Low'
'COM_VOZ99','ENG_0VMEB','MEM_RMJNV',7,1799.87,37,11,17.5,'Low'
'COM_NS0W4','ENG_39PED','MEM_2W7Y3',41,1207.78,24,2,56.0,'High'
'COM_X0QNK','ENG_JBXZR','MEM_CM7CT',16,201.25,5,28,18.0,'Low'
'COM_NRNIQ','ENG_6QAN7','MEM_P7SWM',27,1372.66,73,20,38.3,'Low'
'COM_9QUHZ','ENG_T76F8','MEM_KT0QF',48,180.20,65,41,38.6,'Low'
'COM_O0RNF','ENG_S8NE7','MEM_DEUAV',50,1396.31,30,49,35.3,'High'
'COM_59NV9','ENG_MRE8M','MEM_WT6LA',38,872.27,19,46,67.5,'Medium'
'COM_DLRFE','ENG_1N3RY','MEM_RL03H',29,649.31,71,36,31.7,'Low'
'COM_4OH9X','ENG_BGCNP','MEM_ZXIOC',7,1330.70,56,21,20.8,'Low'
'COM_Q96MP','ENG_346KS','MEM_57BHZ',49,1692.82,92,49,48.9,'Low'
'COM_JG1FZ','ENG_UT92A','MEM_N5JA8',40,257.80,7,36,97.4,'Low'
