'ENG_9RLZH','FI537855','MEM_QCM5T',13.10,0.522,'Weekly','Afternoon',7,20,'Music','Both','Always'
'ENG_FGNJL','FI528045','MEM_KGCEJ',86.20,0.640,'Monthly','Afternoon',6,9,'Dance','Original','Sometimes'
'ENG_68S16','FI137526','MEM_P91DJ',98.80,0.878,'Weekly','Evening',1,13,'Gaming','Translated','Sometimes'
'ENG_DILN2','FI133051','MEM_HVZ7O',72.10,0.665,'Occasional','Night',2,11,'Dance','Original','Always'
'ENG_X9EXO','FI904361','MEM_A4G6Q',85.30,0.566,'Occasional','Evening',0,1,'Music','Original','Sometimes'
'ENG_06WQ9','FI922707','MEM_Z2WHS',68.50,0.847,'Daily','Evening',6,11,'Gaming','Original','Sometimes'
'ENG_O8RT4','FI331368','MEM_8QIK4',50.90,0.232,'Monthly','Afternoon',2,5,'Gaming','Both','Sometimes'
'ENG_N7H45','FI611136','MEM_GSSNJ',53.10,0.396,'Daily','Night',4,10,'Dance','Original','Never'
'ENG_OGEXW','FI353090','MEM_A5CZH',79.90,0.194,'Occasional','Night',7,19,'Gaming','Both','Never'
'ENG_XHCAM','FI248656','MEM_0X7U9',74.10,0.920,'Weekly','Evening',1,6,'Dance','Original','Never'
'ENG_D1QOY','FI674080','MEM_SRXZJ',74.40,0.957,'Occasional','Afternoon',6,3,'Gaming','Translated','Never'
'ENG_OT0D9','FI681291','MEM_91964',93.50,0.939,'Daily','Afternoon',4,11,'Gaming','Original','Always'
'ENG_1JMQE','FI814576','MEM_2QN8I',71.50,0.925,'Weekly','Morning',2,14,'Chat','Original','Always'
'ENG_PNXDT','FI464001','MEM_WIR89',43.40,0.419,'Occasional','Morning',7,8,'Music','Translated','Sometimes'
'ENG_A1RSB','FI422330','MEM_2RY22',7.20,0.918,'Weekly','Morning',1,8,'Chat','Translated','Sometimes'
'ENG_T8Q2J','FI691886','MEM_3S0NI',35.20,0.378,'Weekly','Afternoon',7,12,'Gaming','Translated','Never'
'ENG_DJM20','FI894605','MEM_5AEZO',15.20,0.140,'Weekly','Morning',5,17,'Gaming','Both','Never'
'ENG_7VWA4','FI646787','MEM_3CLFB',86.80,0.412,'Weekly','Morning',1,1,'Gaming','Translated','Never'
'ENG_D977U','FI701318','MEM_9B7QH',80.40,0.151,'Daily','Evening',5,3,'Gaming','Translated','Never'
'ENG_WINOV','FI648876','MEM_AVDOU',58.40,0.768,'Weekly','Evening',7,6,'Gaming','Both','Never'
'ENG_PTRNB','FI488579','MEM_LVYIC',28.70,0.819,'Occasional','Night',0,11,'Gaming','Original','Never'
'ENG_CLUG3','FI298270','MEM_SM7RS',30.00,0.494,'Daily','Afternoon',5,7,'Dance','Both','Never'
'ENG_XROM0','FI119413','MEM_IOK7W',49.90,0.490,'Weekly','Evening',0,7,'Music','Both','Sometimes'
'ENG_TUK66','FI865097','MEM_DEKRI',33.90,0.912,'Daily','Morning',5,18,'Chat','Both','Never'
'ENG_UTGXV','FI715837','MEM_E5OXG',32.30,0.295,'Daily','Night',2,10,'Gaming','Original','Always'
'ENG_H2DY0','FI285712','MEM_61HS7',53.60,0.484,'Monthly','Evening',2,10,'Gaming','Both','Never'
'ENG_8BAJ7','FI509217','MEM_SEFSY',52.00,0.768,'Monthly','Afternoon',3,15,'Gaming','Original','Always'
'ENG_8OAQD','FI643088','MEM_BMZHM',78.20,0.944,'Daily','Afternoon',4,6,'Music','Original','Sometimes'
'ENG_I58L6','FI512848','MEM_FRUQ9',76.20,0.706,'Weekly','Afternoon',5,18,'Music','Translated','Sometimes'
'ENG_HDR2K','FI817373','MEM_J3ZR6',99.20,0.274,'Monthly','Night',7,1,'Chat','Original','Always'
'ENG_CKCN1','FI246994','MEM_UOHAG',62.30,0.792,'Monthly','Evening',0,18,'Music','Original','Sometimes'
'ENG_S3BP1','FI266894','MEM_ARWK0',66.70,0.713,'Monthly','Morning',7,3,'Music','Both','Sometimes'
'ENG_C2TIQ','FI384118','MEM_CU6V6',33.30,0.461,'Monthly','Morning',3,13,'Music','Original','Always'
'ENG_SLIYC','FI276745','MEM_5GJDF',84.90,0.448,'Weekly','Night',4,12,'Chat','Translated','Never'
'ENG_DEQW7','FI281299','MEM_ITS17',11.40,0.090,'Monthly','Afternoon',3,12,'Music','Original','Never'
'ENG_CRU6G','FI109136','MEM_93U3Q',14.50,0.226,'Occasional','Night',0,11,'Gaming','Original','Sometimes'
'ENG_L7EA2','FI332436','MEM_WTKH9',27.00,0.917,'Monthly','Morning',1,7,'Music','Original','Always'
'ENG_WJY4G','FI886908','MEM_OKNIN',25.30,0.017,'Occasional','Afternoon',0,13,'Music','Both','Always'
'ENG_OA2GC','FI792944','MEM_2DO2E',12.00,0.826,'Weekly','Evening',6,1,'Gaming','Original','Never'
'ENG_VS8LY','FI171538','MEM_LV57U',49.80,0.085,'Occasional','Night',5,11,'Dance','Original','Sometimes'
'ENG_0SD31','FI294016','MEM_D6KJV',59.60,0.825,'Occasional','Night',6,15,'Dance','Translated','Never'
'ENG_97NFP','FI538737','MEM_0XXDB',90.10,0.765,'Occasional','Night',6,17,'Gaming','Both','Never'
'ENG_57T78','FI888605','MEM_NJ2G4',62.30,0.780,'Monthly','Afternoon',2,3,'Music','Original','Never'
'ENG_DR0IA','FI670421','MEM_ITCON',53.40,0.938,'Monthly','Evening',6,10,'Dance','Original','Always'
'ENG_LVEJQ','FI559677','MEM_GQH1Q',94.20,0.033,'Daily','Night',0,15,'Dance','Original','Sometimes'
'ENG_X8MCZ','FI807043','MEM_JYLLF',74.90,0.894,'Weekly','Evening',4,16,'Music','Original','Always'
'ENG_8UJ2W','FI733030','MEM_YU84T',25.10,0.033,'Weekly','Afternoon',2,1,'Dance','Both','Never'
'ENG_SXGRC','FI491555','MEM_FJA88',51.50,0.321,'Occasional','Evening',6,2,'Chat','Both','Never'
'ENG_S143Z','FI194971','MEM_PCPHZ',35.80,0.467,'Monthly','Afternoon',5,4,'Dance','Original','Sometimes'
'ENG_ERMR2','FI941632','MEM_M77B1',50.30,0.333,'Monthly','Evening',6,17,'Gaming','Translated','Always'
'ENG_HPQPQ','FI172078','MEM_IMRI7',73.60,0.340,'Daily','Morning',7,8,'Music','Original','Sometimes'
'ENG_MFKCW','FI802401','MEM_24S5W',57.20,0.514,'Monthly','Evening',3,9,'Dance','Original','Never'
'ENG_D36EM','FI313273','MEM_40LHJ',63.10,0.923,'Occasional','Afternoon',4,3,'Dance','Both','Always'
'ENG_N8K9U','FI852272','MEM_J5NML',54.80,0.824,'Monthly','Afternoon',4,13,'Gaming','Translated','Always'
'ENG_GWS9W','FI804451','MEM_RXXR5',81.70,0.088,'Monthly','Evening',5,10,'Gaming','Both','Sometimes'
'ENG_5EHE8','FI784556','MEM_0WGXU',56.00,0.204,'Daily','Afternoon',1,11,'Chat','Both','Never'
'ENG_ZA6NB','FI303645','MEM_NDGHM',57.70,0.846,'Occasional','Afternoon',0,4,'Music','Both','Never'
'ENG_WKDR4','FI717410','MEM_MLURU',14.60,0.499,'Daily','Night',0,15,'Chat','Both','Sometimes'
'ENG_V4O0B','FI477386','MEM_31RUB',5.10,0.617,'Daily','Evening',1,19,'Chat','Translated','Sometimes'
'ENG_G2QX2','FI131915','MEM_EHDYR',24.40,0.387,'Monthly','Night',4,1,'Dance','Translated','Sometimes'
'ENG_PL3L5','FI202186','MEM_LW0IK',89.70,0.711,'Monthly','Night',3,11,'Gaming','Translated','Always'
'ENG_RH4QY','FI610346','MEM_P5UK1',10.10,0.780,'Occasional','Evening',1,10,'Dance','Translated','Never'
'ENG_C2ZES','FI618683','MEM_JESI4',82.00,0.617,'Weekly','Evening',3,17,'Music','Original','Always'
'ENG_PJZXK','FI165701','MEM_YXFLA',60.80,0.613,'Occasional','Afternoon',1,13,'Chat','Translated','Always'
'ENG_6WYWC','FI441565','MEM_ADF3T',95.80,0.223,'Occasional','Night',0,17,'Dance','Both','Sometimes'
'ENG_BYIN8','FI329742','MEM_VKB0A',43.80,0.357,'Weekly','Evening',2,1,'Gaming','Original','Sometimes'
'ENG_RN0SR','FI677121','MEM_O0A53',64.50,0.249,'Occasional','Night',0,14,'Music','Original','Sometimes'
'ENG_W2122','FI566122','MEM_CV8WB',74.80,0.938,'Daily','Evening',6,20,'Chat','Translated','Sometimes'
'ENG_V5VUL','FI405963','MEM_CYFP4',80.70,0.816,'Monthly','Evening',1,11,'Dance','Both','Sometimes'
'ENG_BDPOX','FI389859','MEM_E94U9',94.30,0.504,'Occasional','Morning',6,10,'Gaming','Both','Always'
'ENG_UZARI','FI176858','MEM_V9E0D',68.00,0.889,'Daily','Night',7,5,'Dance','Translated','Never'
'ENG_6R260','FI112503','MEM_W82Y8',31.30,0.906,'Weekly','Afternoon',5,7,'Dance','Original','Never'
'ENG_TMXD5','FI588158','MEM_MNW7G',3.60,0.363,'Daily','Afternoon',7,20,'Dance','Translated','Never'
'ENG_JB6N8','FI267971','MEM_98G1I',6.70,0.693,'Weekly','Night',5,8,'Music','Original','Sometimes'
'ENG_K42WK','FI925335','MEM_VKFTE',47.10,0.431,'Weekly','Evening',5,3,'Gaming','Translated','Always'
'ENG_XMFS1','FI185781','MEM_STI3Y',5.30,0.182,'Occasional','Night',6,10,'Music','Original','Sometimes'
'ENG_AWB5B','FI984956','MEM_40IHZ',99.70,0.238,'Daily','Night',2,18,'Dance','Both','Sometimes'
'ENG_76SLS','FI603977','MEM_TYBAQ',39.50,0.797,'Daily','Evening',0,8,'Music','Both','Always'
'ENG_1E8N8','FI436268','MEM_2B5UY',53.80,0.280,'Monthly','Morning',0,13,'Music','Translated','Always'
'ENG_PQ6ZC','FI993429','MEM_XNTP3',70.40,0.304,'Daily','Evening',3,8,'Dance','Translated','Never'
'ENG_OZJLT','FI404230','MEM_JPA8T',11.40,0.164,'Weekly','Afternoon',7,11,'Gaming','Both','Sometimes'
'ENG_I6RUW','FI128868','MEM_29NPO',50.80,0.152,'Daily','Evening',6,1,'Gaming','Translated','Always'
'ENG_WT51O','FI684993','MEM_SG7EQ',81.40,0.032,'Occasional','Night',5,13,'Chat','Original','Always'
'ENG_TYRHV','FI444538','MEM_BLX4S',94.60,0.595,'Monthly','Morning',4,5,'Music','Original','Sometimes'
'ENG_5KLSP','FI828780','MEM_MZ65Z',39.30,0.437,'Occasional','Evening',3,1,'Music','Original','Never'
'ENG_P70WE','FI699192','MEM_UW8KH',91.40,0.157,'Monthly','Afternoon',4,3,'Dance','Both','Never'
'ENG_USOAI','FI156375','MEM_SLCXO',73.90,0.590,'Weekly','Evening',0,10,'Music','Both','Sometimes'
'ENG_A8MQ2','FI974010','MEM_M1T9N',21.90,0.388,'Daily','Afternoon',4,18,'Gaming','Translated','Never'
'ENG_7J6FC','FI455945','MEM_8GOBS',67.30,0.082,'Daily','Afternoon',4,18,'Dance','Both','Sometimes'
'ENG_SMJQ1','FI698929','MEM_ZDFO7',75.70,0.142,'Weekly','Afternoon',7,11,'Music','Both','Sometimes'
'ENG_9W8BK','FI124945','MEM_G4SOL',36.40,0.106,'Daily','Afternoon',6,15,'Gaming','Original','Never'
'ENG_X4ACN','FI658065','MEM_HSLDR',47.70,0.562,'Occasional','Afternoon',3,3,'Music','Translated','Never'
'ENG_PUTYV','FI583075','MEM_BOUV6',81.70,0.623,'Weekly','Evening',4,12,'Music','Original','Sometimes'
'ENG_MA3YQ','FI511845','MEM_7A2C4',1.50,0.948,'Occasional','Night',3,8,'Music','Both','Never'
'ENG_54D9F','FI817672','MEM_V5K3I',7.20,0.445,'Weekly','Afternoon',4,1,'Dance','Original','Always'
'ENG_UP5QV','FI820950','MEM_BUDLK',74.20,0.694,'Occasional','Morning',5,13,'Chat','Original','Sometimes'
'ENG_8C8P7','FI695707','MEM_2XNJE',9.40,0.198,'Weekly','Morning',2,2,'Chat','Original','Never'
'ENG_YF21U','FI747345','MEM_8G3IA',72.80,0.021,'Daily','Afternoon',6,12,'Gaming','Both','Sometimes'
'ENG_TRNL3','FI310547','MEM_DBFMW',13.50,0.886,'Daily','Afternoon',0,14,'Chat','Translated','Always'
'ENG_IJSEK','FI300694','MEM_29MZR',69.60,0.830,'Monthly','Afternoon',2,3,'Chat','Both','Never'
'ENG_5KETD','FI883949','MEM_W4RI0',13.20,0.072,'Weekly','Morning',4,12,'Chat','Both','Always'
'ENG_GO8SU','FI533247','MEM_D3ODD',37.10,0.610,'Monthly','Afternoon',4,10,'Dance','Both','Sometimes'
'ENG_5VCN3','FI325529','MEM_OPMFL',93.10,0.420,'Weekly','Afternoon',6,2,'Chat','Original','Never'
'ENG_3LHID','FI981751','MEM_CKF7L',47.80,0.475,'Weekly','Morning',1,13,'Gaming','Original','Never'
'ENG_ZO801','FI538427','MEM_8T3XU',65.70,0.289,'Daily','Morning',0,19,'Gaming','Original','Never'
'ENG_1UEU2','FI794437','MEM_CWLMB',61.20,0.986,'Weekly','Afternoon',4,5,'Gaming','Translated','Never'
'ENG_F7V7T','FI969839','MEM_K4W9L',1.10,0.323,'Occasional','Evening',0,15,'Dance','Translated','Never'
'ENG_9ACQT','FI148688','MEM_40OP4',1.60,0.462,'Daily','Morning',2,1,'Dance','Original','Never'
'ENG_1E3RU','FI675869','MEM_9PEJK',50.50,0.771,'Monthly','Afternoon',3,10,'Music','Original','Sometimes'
'ENG_Z5X16','FI466616','MEM_0H76A',87.60,0.513,'Weekly','Night',6,4,'Chat','Original','Sometimes'
'ENG_OOTTO','FI311489','MEM_GSGXD',47.10,0.448,'Monthly','Morning',5,6,'Music','Both','Never'
'ENG_22K1G','FI548173','MEM_UP0P9',74.80,0.576,'Weekly','Night',0,17,'Gaming','Translated','Always'
'ENG_DA6GG','FI793757','MEM_QDZDV',14.80,0.541,'Occasional','Evening',3,6,'Chat','Original','Never'
'ENG_7TUUO','FI717770','MEM_WLCJN',44.90,0.984,'Occasional','Night',4,20,'Chat','Original','Always'
'ENG_M5JNS','FI862303','MEM_YNPD9',45.30,0.849,'Occasional','Night',2,10,'Music','Translated','Always'
'ENG_FI5OO','FI636548','MEM_906IJ',52.30,0.476,'Occasional','Night',6,19,'Dance','Translated','Sometimes'
'ENG_US6T5','FI789838','MEM_7C4QA',69.40,0.157,'Occasional','Afternoon',7,13,'Dance','Both','Sometimes'
'ENG_Q0QG9','FI194407','MEM_LUNKY',61.90,0.236,'Daily','Night',7,16,'Dance','Original','Always'
'ENG_21RRY','FI344510','MEM_B6OTS',6.90,0.828,'Daily','Evening',7,1,'Music','Both','Always'
'ENG_X33R8','FI229259','MEM_W4PFP',76.70,0.503,'Weekly','Afternoon',5,20,'Music','Translated','Never'
'ENG_1C4LR','FI190404','MEM_6218F',60.50,0.659,'Occasional','Evening',6,13,'Dance','Both','Sometimes'
'ENG_O1N09','FI551735','MEM_U0JIP',48.90,0.709,'Weekly','Evening',6,9,'Music','Original','Always'
'ENG_2BOJW','FI638664','MEM_W0Y1P',18.70,0.963,'Occasional','Night',1,4,'Chat','Translated','Always'
'ENG_ZFQQ8','FI719509','MEM_O8LPI',80.10,0.937,'Occasional','Evening',0,18,'Chat','Translated','Never'
'ENG_JSTJX','FI213522','MEM_GN7I8',61.40,0.947,'Daily','Morning',0,7,'Gaming','Translated','Always'
'ENG_EZWP0','FI609866','MEM_2ASQ1',50.90,0.743,'Daily','Night',3,10,'Music','Both','Never'
'ENG_TMGME','FI293773','MEM_K2SNQ',76.50,0.772,'Occasional','Evening',2,11,'Dance','Both','Always'
'ENG_EDB4B','FI276878','MEM_MJW67',13.00,0.727,'Monthly','Afternoon',2,15,'Chat','Translated','Always'
'ENG_O605Y','FI153846','MEM_M9ENR',24.00,0.752,'Occasional','Evening',6,17,'Gaming','Original','Sometimes'
'ENG_4KVYV','FI365464','MEM_ERTOP',94.90,0.475,'Weekly','Night',0,15,'Gaming','Translated','Never'
'ENG_TJ7GL','FI523611','MEM_M7557',57.70,0.345,'Monthly','Evening',7,14,'Music','Translated','Always'
'ENG_R3JF3','FI802802','MEM_VXIKO',91.70,0.041,'Daily','Morning',4,14,'Gaming','Original','Never'
'ENG_B9ZMO','FI349241','MEM_3D1Q2',77.80,0.287,'Occasional','Evening',0,19,'Gaming','Original','Sometimes'
'ENG_3HXJ1','FI910008','MEM_M2TSV',7.00,0.635,'Occasional','Night',0,18,'Music','Original','Sometimes'
'ENG_KCPOO','FI267499','MEM_X9C0M',21.70,0.802,'Weekly','Night',3,3,'Chat','Translated','Sometimes'
'ENG_NEJMD','FI107030','MEM_0W90W',27.10,0.149,'Weekly','Evening',0,11,'Chat','Original','Sometimes'
'ENG_OSP6I','FI882422','MEM_MIS0M',93.40,0.188,'Occasional','Evening',1,19,'Chat','Both','Sometimes'
'ENG_TZWBH','FI831731','MEM_ZVCRA',51.60,0.824,'Weekly','Night',0,6,'Gaming','Original','Never'
'ENG_95ZVX','FI340354','MEM_K4N7S',61.70,0.179,'Weekly','Morning',5,13,'Music','Translated','Sometimes'
'ENG_M1PQ8','FI839886','MEM_BUMYT',99.00,0.754,'Monthly','Evening',4,5,'Chat','Translated','Sometimes'
'ENG_TJ6PS','FI917942','MEM_AVZSR',75.90,0.848,'Weekly','Morning',4,20,'Dance','Both','Always'
'ENG_EV46W','FI734586','MEM_VTGNF',79.40,0.455,'Daily','Morning',1,2,'Gaming','Both','Never'
'ENG_EX00I','FI746117','MEM_LZRED',62.20,0.982,'Monthly','Evening',0,15,'Music','Both','Sometimes'
'ENG_K6CPM','FI113465','MEM_37ZE5',65.00,0.738,'Daily','Evening',6,17,'Music','Translated','Sometimes'
'ENG_DO7KH','FI150089','MEM_R0PNE',90.40,0.592,'Occasional','Afternoon',5,18,'Music','Both','Never'
'ENG_RG05O','FI212076','MEM_3TC2C',29.60,0.070,'Monthly','Night',7,14,'Gaming','Translated','Always'
'ENG_HRQ6C','FI194854','MEM_PDRCA',88.80,0.809,'Weekly','Evening',7,15,'Gaming','Both','Never'
'ENG_94NWN','FI754956','MEM_LADX5',59.70,0.267,'Occasional','Night',0,4,'Music','Both','Always'
'ENG_ORVF6','FI507464','MEM_3SI0N',7.10,0.976,'Occasional','Morning',6,17,'Dance','Translated','Never'
'ENG_WAWU8','FI752444','MEM_13LKG',94.70,0.247,'Daily','Night',0,2,'Gaming','Translated','Always'
'ENG_6TMDG','FI173286','MEM_LAOJJ',16.50,0.967,'Weekly','Evening',7,19,'Chat','Original','Always'
'ENG_O0KPU','FI882417','MEM_R53XP',57.30,0.012,'Weekly','Afternoon',4,12,'Chat','Translated','Always'
'ENG_NZCAO','FI382672','MEM_G17UF',20.60,0.170,'Weekly','Evening',3,5,'Chat','Both','Sometimes'
'ENG_C121S','FI469295','MEM_Y1Z8R',68.80,0.376,'Daily','Afternoon',2,20,'Music','Both','Sometimes'
'ENG_WRVHK','FI808097','MEM_WXMNS',94.80,0.241,'Occasional','Night',7,3,'Chat','Translated','Always'
'ENG_FKJSX','FI329081','MEM_RGH9H',18.30,0.611,'Monthly','Night',4,19,'Music','Both','Never'
'ENG_4M2JZ','FI108320','MEM_LRW16',70.30,0.407,'Weekly','Night',5,18,'Music','Both','Always'
'ENG_2Q6ZC','FI187909','MEM_J6KY2',99.00,0.808,'Occasional','Morning',1,13,'Dance','Original','Sometimes'
'ENG_JWEFR','FI793986','MEM_BRMKF',65.30,0.232,'Weekly','Night',5,15,'Gaming','Translated','Always'
'ENG_ZU6V1','FI791783','MEM_4W9ZE',62.40,0.241,'Occasional','Night',4,19,'Dance','Both','Always'
'ENG_1SAJE','FI611820','MEM_9LFHO',85.80,0.272,'Weekly','Night',4,2,'Chat','Translated','Never'
'ENG_TGWGW','FI289066','MEM_VT809',69.10,0.394,'Monthly','Morning',7,11,'Dance','Both','Sometimes'
'ENG_48TAZ','FI198469','MEM_ZGAZK',93.30,0.758,'Occasional','Afternoon',5,10,'Gaming','Both','Sometimes'
'ENG_CEW4D','FI324012','MEM_2IQB2',21.50,0.343,'Weekly','Evening',3,9,'Chat','Translated','Always'
'ENG_E0LVP','FI620074','MEM_864U2',96.40,0.268,'Daily','Night',1,16,'Music','Translated','Always'
'ENG_2IW4W','FI261281','MEM_T4XY8',84.30,0.498,'Occasional','Evening',0,8,'Gaming','Both','Always'
'ENG_R3PLL','FI400189','MEM_BFBN2',53.20,0.655,'Weekly','Night',4,6,'Chat','Translated','Always'
'ENG_F94BK','FI780258','MEM_VZ7BQ',67.00,0.775,'Occasional','Night',1,12,'Gaming','Original','Always'
'ENG_XHV1P','FI198315','MEM_FXZ2W',52.70,0.379,'Daily','Night',7,16,'Dance','Both','Always'
'ENG_ATTSC','FI158251','MEM_C71BK',6.60,0.370,'Occasional','Evening',6,4,'Chat','Translated','Always'
'ENG_O6LI1','FI895981','MEM_23JSG',49.70,0.272,'Monthly','Evening',6,15,'Chat','Both','Always'
'ENG_6FC6E','FI679971','MEM_9QZBG',0.50,0.577,'Monthly','Afternoon',4,17,'Music','Both','Never'
'ENG_JMG2X','FI765510','MEM_BG2I2',87.70,0.191,'Monthly','Evening',5,8,'Gaming','Both','Never'
'ENG_346KZ','FI417905','MEM_99IK9',50.40,0.778,'Daily','Night',3,11,'Chat','Both','Always'
'ENG_EFXP3','FI864909','MEM_0AILU',86.70,0.806,'Daily','Night',3,19,'Chat','Translated','Always'
'ENG_M9PZZ','FI311115','MEM_B3LSG',63.40,0.537,'Weekly','Morning',0,3,'Music','Both','Never'
'ENG_G7HJ1','FI644659','MEM_JU1HK',80.60,0.582,'Monthly','Night',7,12,'Dance','Both','Sometimes'
'ENG_BEWHR','FI506998','MEM_MGFTQ',67.80,0.162,'Occasional','Evening',7,10,'Chat','Original','Never'
'ENG_C52ZM','FI684229','MEM_DJN4L',75.70,0.158,'Occasional','Morning',3,19,'Gaming','Original','Sometimes'
'ENG_6H4NW','FI450727','MEM_WNKIY',38.90,0.660,'Monthly','Evening',2,18,'Gaming','Translated','Sometimes'
'ENG_E7BUZ','FI764134','MEM_1GGEU',37.40,0.245,'Monthly','Afternoon',1,9,'Chat','Original','Never'
'ENG_U15WX','FI574463','MEM_1SCB0',23.20,0.860,'Occasional','Morning',3,19,'Dance','Translated','Never'
'ENG_N9YVT','FI560587','MEM_OLCZ8',83.50,0.034,'Daily','Evening',7,11,'Gaming','Original','Always'
'ENG_9G5GC','FI540528','MEM_DQCIT',97.40,0.899,'Daily','Night',7,11,'Music','Translated','Never'
'ENG_22Y9S','FI376237','MEM_4D1SE',7.80,0.950,'Occasional','Morning',2,17,'Music','Both','Always'
'ENG_WQLTW','FI126179','MEM_BS7Z5',3.70,0.253,'Monthly','Night',1,7,'Gaming','Both','Sometimes'
'ENG_1JAUQ','FI254650','MEM_1AXRV',52.60,0.013,'Weekly','Morning',4,19,'Chat','Original','Always'
'ENG_EANS1','FI973743','MEM_S5MDL',12.20,0.068,'Daily','Morning',4,15,'Music','Original','Always'
'ENG_IOO0Y','FI700136','MEM_ZB5YO',3.40,0.419,'Weekly','Afternoon',3,19,'Chat','Translated','Never'
'ENG_QOJXL','FI840028','MEM_DAG4O',14.30,0.489,'Daily','Night',6,5,'Dance','Both','Never'
'ENG_55QFN','FI271732','MEM_DFJMW',80.50,0.106,'Daily','Evening',7,17,'Chat','Original','Always'
'ENG_BC1ST','FI538236','MEM_S62Y5',96.30,0.891,'Monthly','Afternoon',0,14,'Chat','Original','Sometimes'
'ENG_4VTLV','FI118266','MEM_NCWOP',4.10,0.834,'Weekly','Evening',4,10,'Chat','Original','Sometimes'
'ENG_60TGJ','FI207800','MEM_RCQQ8',79.50,0.783,'Daily','Afternoon',4,4,'Dance','Both','Never'
'ENG_QLBY9','FI504507','MEM_RFXWR',44.90,0.430,'Weekly','Morning',7,2,'Gaming','Both','Always'
'ENG_YRF0V','FI611386','MEM_LRYGZ',9.90,0.740,'Weekly','Evening',1,6,'Chat','Translated','Always'
'ENG_UI38B','FI635385','MEM_3VZD4',86.80,0.389,'Occasional','Morning',7,6,'Music','Original','Sometimes'
'ENG_RR2O2','FI817188','MEM_93RT1',26.60,0.811,'Monthly','Afternoon',7,3,'Chat','Translated','Never'
'ENG_DM9PL','FI232302','MEM_M8TOY',90.70,0.813,'Occasional','Afternoon',0,2,'Dance','Translated','Never'
'ENG_YU065','FI964210','MEM_QSA9J',33.70,0.389,'Monthly','Morning',5,10,'Gaming','Original','Sometimes'
'ENG_WZZIK','FI730935','MEM_7VOXZ',92.50,0.807,'Monthly','Morning',2,11,'Dance','Translated','Always'
'ENG_K34DX','FI657714','MEM_0R580',87.10,0.772,'Daily','Afternoon',7,17,'Gaming','Both','Always'
'ENG_Z27X7','FI840550','MEM_WUTCD',91.20,0.661,'Occasional','Night',0,3,'Dance','Translated','Sometimes'
'ENG_0SUEJ','FI171765','MEM_PV4D1',59.50,0.565,'Daily','Morning',7,6,'Chat','Both','Sometimes'
'ENG_7N1Q8','FI786574','MEM_XLVA5',59.60,0.411,'Daily','Afternoon',1,19,'Music','Original','Never'
'ENG_DI0OQ','FI114715','MEM_88GR6',82.30,0.036,'Monthly','Afternoon',7,4,'Gaming','Translated','Always'
'ENG_RYRDX','FI893092','MEM_WSTN7',78.30,0.176,'Daily','Morning',2,6,'Chat','Original','Sometimes'
'ENG_XK3TZ','FI114602','MEM_C5WFD',96.20,0.841,'Daily','Morning',1,11,'Chat','Both','Never'
'ENG_L9660','FI619768','MEM_30OPO',14.50,0.885,'Daily','Evening',4,3,'Chat','Original','Always'
'ENG_E7NUT','FI122370','MEM_YAPST',52.70,0.912,'Daily','Evening',3,1,'Gaming','Original','Sometimes'
'ENG_3AAIQ','FI742134','MEM_NNH9Q',55.00,0.020,'Occasional','Evening',5,1,'Chat','Translated','Sometimes'
'ENG_TK1UN','FI727102','MEM_NDDVO',92.10,0.251,'Daily','Evening',4,2,'Music','Both','Always'
'ENG_URA7B','FI516606','MEM_JQKM2',28.60,0.952,'Monthly','Morning',0,16,'Dance','Both','Always'
'ENG_QLATR','FI767888','MEM_7AMJP',0.10,0.949,'Daily','Evening',0,14,'Chat','Both','Never'
'ENG_SML21','FI595881','MEM_OGKGZ',22.20,0.401,'Daily','Afternoon',6,2,'Music','Translated','Never'
'ENG_4ZF7O','FI694186','MEM_1VTEA',21.00,0.829,'Monthly','Afternoon',0,16,'Music','Both','Never'
'ENG_6GCBO','FI841898','MEM_0CMZ1',50.50,0.360,'Occasional','Night',1,4,'Music','Translated','Sometimes'
'ENG_WASIS','FI726270','MEM_O8NET',19.10,0.438,'Monthly','Night',2,16,'Chat','Both','Always'
'ENG_KA9GV','FI821537','MEM_BTY0W',82.30,0.788,'Occasional','Afternoon',6,11,'Dance','Original','Never'
'ENG_BYLUB','FI608866','MEM_KOJC1',61.80,0.419,'Monthly','Afternoon',6,18,'Music','Translated','Never'
'ENG_ALDBS','FI765992','MEM_O9CMG',25.30,0.364,'Monthly','Morning',5,13,'Dance','Both','Sometimes'
'ENG_T4AD9','FI733698','MEM_X3CKD',72.80,0.976,'Daily','Night',5,11,'Music','Translated','Sometimes'
'ENG_Q0NTG','FI390999','MEM_Y56L7',41.90,0.114,'Weekly','Morning',2,3,'Music','Translated','Always'
'ENG_KDZWM','FI364902','MEM_4CG3V',29.60,0.028,'Occasional','Evening',6,11,'Dance','Original','Never'
'ENG_KDVLI','FI145138','MEM_AU7MJ',1.00,0.873,'Weekly','Evening',4,14,'Gaming','Both','Sometimes'
'ENG_FNGO4','FI278383','MEM_WOEOE',51.20,0.985,'Occasional','Evening',3,17,'Gaming','Original','Never'
'ENG_D593I','FI225728','MEM_WLVV1',31.40,0.145,'Daily','Morning',5,17,'Chat','Translated','Never'
'ENG_8I0T5','FI197789','MEM_RQGUI',78.30,0.623,'Occasional','Night',0,11,'Music','Original','Sometimes'
'ENG_AG2L7','FI735690','MEM_L6AA5',72.30,0.939,'Monthly','Morning',6,4,'Gaming','Original','Never'
'ENG_U904Q','FI210782','MEM_G0OB3',59.30,0.850,'Daily','Afternoon',3,12,'Dance','Original','Sometimes'
'ENG_HOVJK','FI124928','MEM_SQDEF',86.40,0.023,'Occasional','Evening',1,10,'Gaming','Translated','Never'
'ENG_7FFAV','FI877707','MEM_4114O',52.30,0.416,'Weekly','Morning',1,20,'Dance','Both','Never'
'ENG_A8KMT','FI377962','MEM_11VIH',29.30,0.969,'Weekly','Morning',2,8,'Chat','Both','Always'
'ENG_TXYN3','FI931177','MEM_DWJQN',44.00,0.826,'Monthly','Afternoon',6,10,'Chat','Original','Sometimes'
'ENG_J504E','FI191937','MEM_4WIR7',82.80,0.520,'Monthly','Morning',4,5,'Chat','Original','Sometimes'
'ENG_3X32G','FI151170','MEM_4AEPL',6.90,0.113,'Weekly','Evening',7,19,'Dance','Both','Sometimes'
'ENG_MGG6B','FI483000','MEM_0MHPE',48.00,0.376,'Monthly','Morning',1,11,'Chat','Translated','Always'
'ENG_PBLZR','FI292416','MEM_4QAIT',81.10,0.630,'Monthly','Evening',7,17,'Dance','Both','Never'
'ENG_D7RZE','FI503175','MEM_AVNSB',43.90,0.540,'Monthly','Night',3,3,'Chat','Both','Never'
'ENG_Y6QJQ','FI219566','MEM_YG2UD',23.10,0.629,'Daily','Morning',0,7,'Gaming','Both','Always'
'ENG_XBBWF','FI165326','MEM_BFOR2',89.30,0.135,'Daily','Afternoon',1,17,'Gaming','Translated','Always'
'ENG_FCFVP','FI739353','MEM_I15I8',82.20,0.758,'Monthly','Morning',5,16,'Dance','Both','Never'
'ENG_Y6Y14','FI219577','MEM_KZETK',56.00,0.181,'Weekly','Morning',4,17,'Dance','Translated','Sometimes'
'ENG_U6H7W','FI693004','MEM_UZJSD',44.40,0.839,'Daily','Evening',0,16,'Dance','Original','Never'
'ENG_2QLN9','FI871392','MEM_3L83Y',90.30,0.423,'Occasional','Morning',1,9,'Gaming','Original','Never'
'ENG_GCCI3','FI739102','MEM_3RE2C',18.80,0.719,'Weekly','Evening',3,2,'Music','Translated','Sometimes'
'ENG_41MLA','FI276933','MEM_DWJSZ',88.20,0.977,'Daily','Evening',3,16,'Chat','Both','Never'
'ENG_AXU8G','FI616562','MEM_8JHCW',35.90,0.896,'Weekly','Evening',1,2,'Chat','Translated','Always'
'ENG_VXP3A','FI549785','MEM_5T2YH',28.10,0.845,'Daily','Morning',0,2,'Gaming','Original','Always'
'ENG_V6ETR','FI241078','MEM_524I8',76.60,0.982,'Monthly','Night',5,18,'Dance','Both','Sometimes'
'ENG_50QUI','FI632972','MEM_D89EF',78.50,0.162,'Occasional','Night',0,3,'Chat','Translated','Always'
'ENG_VGY0G','FI591206','MEM_6YCUP',5.40,0.780,'Weekly','Morning',0,13,'Chat','Both','Always'
'ENG_ZB5IA','FI841189','MEM_427ZD',80.20,0.652,'Occasional','Night',5,1,'Music','Original','Sometimes'
'ENG_155KM','FI140911','MEM_6MTHP',90.00,0.949,'Monthly','Morning',7,19,'Music','Original','Always'
'ENG_7PHER','FI857852','MEM_BR7LG',18.60,0.393,'Occasional','Night',3,3,'Gaming','Original','Never'
'ENG_J4311','FI284340','MEM_0EJEY',84.70,0.502,'Monthly','Night',7,1,'Chat','Original','Always'
'ENG_OP2U0','FI155906','MEM_NUDWU',30.60,0.383,'Daily','Evening',3,6,'Music','Translated','Always'
'ENG_LUS3B','FI306306','MEM_JQW0D',23.80,0.206,'Daily','Afternoon',1,15,'Dance','Translated','Always'
'ENG_8XPR3','FI193146','MEM_6OVHT',72.30,0.018,'Weekly','Night',1,15,'Music','Both','Never'
'ENG_Y6XF4','FI157233','MEM_NBJRD',23.60,0.552,'Monthly','Morning',2,18,'Chat','Translated','Always'
'ENG_C24CU','FI603255','MEM_7KGUZ',79.80,0.807,'Weekly','Morning',0,10,'Chat','Original','Always'
'ENG_4ADZL','FI126889','MEM_XATKF',85.80,0.878,'Daily','Evening',1,17,'Dance','Original','Sometimes'
'ENG_C7PHS','FI254886','MEM_GXBSO',98.40,0.326,'Monthly','Night',2,14,'Gaming','Original','Sometimes'
'ENG_08IOX','FI828047','MEM_7MXV3',58.30,0.208,'Daily','Evening',7,1,'Music','Original','Never'
'ENG_O797Y','FI883474','MEM_DTYRN',79.10,0.488,'Weekly','Evening',4,10,'Music','Original','Sometimes'
'ENG_1QN7V','FI917662','MEM_HFFMV',82.00,0.491,'Weekly','Afternoon',6,8,'Dance','Translated','Sometimes'
'ENG_CQC45','FI421613','MEM_Q16VK',79.90,0.611,'Monthly','Afternoon',3,15,'Music','Translated','Always'
'ENG_EB5SA','FI944153','MEM_5R30L',70.60,0.904,'Daily','Morning',3,19,'Gaming','Translated','Never'
'ENG_9RF9T','FI814569','MEM_WHG8O',32.70,0.250,'Monthly','Morning',3,5,'Chat','Both','Always'
'ENG_KTOXZ','FI380301','MEM_2S7FP',47.80,0.922,'Occasional','Morning',6,1,'Chat','Original','Never'
'ENG_EUZ5X','FI134551','MEM_XCFY5',0.90,0.463,'Weekly','Morning',7,16,'Music','Translated','Always'
'ENG_TPDK2','FI292185','MEM_ZNNIS',8.60,0.587,'Weekly','Afternoon',7,19,'Dance','Translated','Sometimes'
'ENG_L0NQ1','FI819727','MEM_T1CPW',94.00,0.823,'Weekly','Evening',4,5,'Music','Original','Sometimes'
'ENG_718JD','FI136951','MEM_NDAZB',68.90,0.510,'Occasional','Morning',5,12,'Chat','Translated','Always'
'ENG_7LI0I','FI255157','MEM_IM67P',0.40,0.779,'Monthly','Morning',7,5,'Chat','Original','Sometimes'
'ENG_OW7BW','FI354931','MEM_SDIVZ',40.10,0.217,'Weekly','Afternoon',7,2,'Chat','Both','Always'
'ENG_7LD1K','FI546167','MEM_EHM2R',86.20,0.558,'Weekly','Morning',1,2,'Gaming','Original','Never'
'ENG_W7Y5P','FI429617','MEM_5CJ1V',47.10,0.738,'Weekly','Evening',2,6,'Chat','Translated','Never'
'ENG_6IMCE','FI905991','MEM_NJ7OY',32.60,0.579,'Monthly','Afternoon',3,20,'Dance','Both','Sometimes'
'ENG_SQMQD','FI821298','MEM_W3OKB',72.70,0.196,'Weekly','Evening',0,15,'Music','Both','Never'
'ENG_FMTJU','FI724078','MEM_1J14T',54.00,0.511,'Weekly','Night',5,7,'Dance','Both','Always'
'ENG_8OJQE','FI313446','MEM_AEU59',29.60,0.081,'Weekly','Morning',5,7,'Dance','Translated','Always'
'ENG_4YXUJ','FI950320','MEM_SAKLA',89.80,0.521,'Occasional','Night',3,4,'Chat','Both','Sometimes'
'ENG_AHB2M','FI108806','MEM_UYQAB',55.00,0.998,'Weekly','Morning',5,7,'Music','Both','Always'
'ENG_G9SZ2','FI689870','MEM_7N6OY',0.40,0.975,'Weekly','Morning',7,8,'Chat','Both','Never'
'ENG_XOTYX','FI626077','MEM_ZQMVM',67.20,0.105,'Daily','Morning',1,11,'Dance','Both','Never'
'ENG_U3GDO','FI212657','MEM_VSEQ3',52.20,0.858,'Monthly','Afternoon',7,3,'Gaming','Translated','Never'
'ENG_34RHK','FI316115','MEM_HQMYO',47.90,0.977,'Daily','Morning',1,18,'Music','Original','Never'
'ENG_G42OT','FI696918','MEM_O6NI5',84.80,0.344,'Weekly','Evening',0,16,'Gaming','Translated','Always'
'ENG_JMP5X','FI727481','MEM_NO089',56.40,0.960,'Occasional','Evening',6,12,'Chat','Both','Always'
'ENG_NP6US','FI872172','MEM_RS0IH',96.90,0.542,'Daily','Afternoon',7,7,'Music','Both','Sometimes'
'ENG_S49TU','FI540113','MEM_R6G09',71.80,0.646,'Monthly','Evening',3,12,'Dance','Translated','Always'
'ENG_8CPV3','FI197188','MEM_TCUJ4',95.00,0.395,'Daily','Morning',1,18,'Gaming','Both','Never'
'ENG_SG1FH','FI180833','MEM_2VE78',67.20,0.582,'Daily','Afternoon',5,7,'Chat','Both','Always'
'ENG_UTH9P','FI362164','MEM_LK1LY',45.90,0.544,'Occasional','Morning',0,15,'Chat','Both','Sometimes'
'ENG_RLJ1D','FI425497','MEM_XNUZ5',13.60,0.356,'Weekly','Morning',1,20,'Dance','Both','Sometimes'
'ENG_EFLIA','FI729869','MEM_Z6M47',67.90,0.482,'Daily','Evening',6,16,'Music','Original','Never'
'ENG_QHWNR','FI419726','MEM_7J469',45.70,0.624,'Occasional','Evening',0,1,'Music','Both','Never'
'ENG_F7ZR6','FI747244','MEM_XU9GW',48.50,0.920,'Weekly','Evening',5,7,'Gaming','Both','Sometimes'
'ENG_DV29G','FI629249','MEM_ZG6GS',94.40,0.434,'Monthly','Morning',7,9,'Chat','Original','Sometimes'
'ENG_1KI1U','FI186937','MEM_BJ1EV',6.60,0.854,'Monthly','Afternoon',4,5,'Gaming','Translated','Never'
'ENG_0Y5KQ','FI143560','MEM_G3ODL',37.40,0.850,'Occasional','Morning',7,6,'Chat','Both','Sometimes'
'ENG_A33QO','FI545172','MEM_RSO9P',28.80,0.661,'Monthly','Night',0,17,'Music','Translated','Always'
'ENG_JRE6I','FI171231','MEM_YQD40',52.70,0.990,'Weekly','Afternoon',5,19,'Chat','Translated','Sometimes'
'ENG_W47F3','FI592325','MEM_AAS2G',28.30,0.435,'Monthly','Morning',5,10,'Gaming','Both','Sometimes'
'ENG_NB8XJ','FI167725','MEM_NZ0DR',79.80,0.912,'Occasional','Afternoon',5,7,'Gaming','Translated','Never'
'ENG_RQGPS','FI597314','MEM_2I8UY',13.20,0.732,'Weekly','Afternoon',5,18,'Music','Translated','Never'
'ENG_IPE6S','FI637031','MEM_SJMSS',97.00,0.915,'Daily','Afternoon',2,3,'Music','Translated','Sometimes'
'ENG_RKAK8','FI585655','MEM_L7ENZ',77.40,0.375,'Monthly','Evening',3,12,'Gaming','Original','Always'
'ENG_8AZVU','FI529842','MEM_QWLSD',91.50,0.829,'Daily','Evening',7,6,'Gaming','Both','Sometimes'
'ENG_7PU7Z','FI502045','MEM_V2V90',23.00,0.761,'Daily','Night',1,6,'Chat','Original','Always'
'ENG_PDC4V','FI167934','MEM_56XNG',49.60,0.783,'Monthly','Afternoon',5,14,'Gaming','Translated','Sometimes'
'ENG_KP1KL','FI921469','MEM_1JCLB',56.10,0.895,'Daily','Evening',4,6,'Chat','Original','Always'
'ENG_6W0P5','FI346276','MEM_CS5HD',62.10,0.377,'Occasional','Morning',2,11,'Gaming','Translated','Sometimes'
'ENG_HDB2G','FI160434','MEM_7N2XZ',56.70,0.507,'Weekly','Night',4,11,'Music','Both','Always'
'ENG_11QZ8','FI580506','MEM_3Z03V',77.50,0.484,'Daily','Morning',3,11,'Gaming','Both','Sometimes'
'ENG_R1OV7','FI920518','MEM_4OZSJ',66.60,0.431,'Occasional','Evening',7,12,'Dance','Original','Always'
'ENG_N0ZA2','FI335418','MEM_3DUWX',37.10,0.762,'Weekly','Afternoon',7,20,'Music','Original','Never'
'ENG_YDRUI','FI974749','MEM_UOX2O',30.80,0.376,'Daily','Afternoon',1,11,'Gaming','Original','Never'
'ENG_Z9ENC','FI840673','MEM_9JCOW',49.70,0.916,'Occasional','Morning',2,18,'Chat','Translated','Sometimes'
'ENG_KHH4Q','FI256232','MEM_7WT3C',25.40,0.125,'Monthly','Night',7,18,'Chat','Translated','Sometimes'
'ENG_3BNQM','FI137553','MEM_W7LDH',11.40,0.524,'Monthly','Afternoon',6,18,'Gaming','Original','Sometimes'
'ENG_W6PKL','FI909171','MEM_WCON5',93.70,0.228,'Monthly','Evening',2,9,'Music','Both','Always'
'ENG_SVUKS','FI975581','MEM_M2KWQ',23.90,0.042,'Daily','Night',0,3,'Gaming','Both','Always'
'ENG_26640','FI676598','MEM_VSYXY',52.70,0.132,'Daily','Morning',3,9,'Dance','Original','Always'
'ENG_TR3UZ','FI922535','MEM_0T80Q',75.30,0.759,'Weekly','Evening',7,5,'Chat','Translated','Sometimes'
'ENG_UXYXA','FI994417','MEM_M6SBD',96.20,0.573,'Daily','Afternoon',7,16,'Dance','Translated','Always'
'ENG_99I85','FI503128','MEM_OMDBU',79.90,0.269,'Occasional','Night',7,15,'Dance','Both','Never'
'ENG_KHGBN','FI601807','MEM_USFQ2',83.60,0.967,'Monthly','Night',2,18,'Gaming','Original','Sometimes'
'ENG_F2I0S','FI599812','MEM_98CT6',13.00,0.476,'Weekly','Night',7,17,'Music','Both','Never'
'ENG_TQDSF','FI201640','MEM_ZMXHC',32.80,0.424,'Occasional','Afternoon',6,5,'Music','Translated','Always'
'ENG_19437','FI961285','MEM_JEBWA',18.90,0.086,'Occasional','Night',7,11,'Gaming','Both','Sometimes'
'ENG_1HWCK','FI706151','MEM_X4VML',2.30,0.619,'Weekly','Night',7,12,'Music','Both','Always'
'ENG_ISWKJ','FI968239','MEM_VEKG0',52.30,0.134,'Daily','Night',6,20,'Gaming','Both','Sometimes'
'ENG_GA5LN','FI455555','MEM_P9F9F',27.30,0.869,'Daily','Night',2,4,'Music','Translated','Never'
'ENG_Z2FGK','FI304686','MEM_FZ1IQ',94.60,0.281,'Daily','Night',4,5,'Gaming','Original','Always'
'ENG_3BBGK','FI258660','MEM_F6JKP',63.40,0.154,'Occasional','Evening',3,5,'Gaming','Original','Never'
'ENG_LNB97','FI867678','MEM_2BVCW',73.70,0.148,'Weekly','Night',2,9,'Chat','Both','Sometimes'
'ENG_Q1A71','FI469102','MEM_NISAP',91.30,0.028,'Daily','Evening',4,10,'Gaming','Translated','Sometimes'
'ENG_QZLYW','FI968046','MEM_1X3GJ',38.20,0.887,'Occasional','Afternoon',6,5,'Music','Original','Sometimes'
'ENG_CLPM7','FI446313','MEM_FIO35',88.10,0.179,'Occasional','Afternoon',3,17,'Dance','Translated','Never'
'ENG_E2COO','FI290993','MEM_80J9U',31.00,0.018,'Weekly','Evening',0,10,'Chat','Both','Never'
'ENG_DT2MT','FI491802','MEM_T646L',2.00,0.066,'Weekly','Afternoon',1,2,'Gaming','Original','Always'
'ENG_1O0N1','FI924290','MEM_S6I4J',4.00,0.917,'Daily','Night',0,13,'Gaming','Original','Always'
'ENG_4SM9Q','FI814567','MEM_KB9IJ',55.60,0.509,'Weekly','Afternoon',4,5,'Gaming','Original','Never'
'ENG_QJC86','FI534166','MEM_JEZ4P',39.60,0.356,'Daily','Night',0,19,'Gaming','Both','Sometimes'
'ENG_GV4ZL','FI928433','MEM_1EYIE',50.30,0.904,'Daily','Night',0,3,'Gaming','Original','Always'
'ENG_J851Y','FI599973','MEM_UE4QH',85.10,0.757,'Monthly','Afternoon',1,19,'Music','Translated','Always'
'ENG_49Z9M','FI895418','MEM_05LJJ',56.00,0.430,'Weekly','Morning',5,18,'Dance','Both','Always'
'ENG_JNJ2K','FI234681','MEM_HNBQ5',39.20,0.171,'Occasional','Morning',0,16,'Chat','Both','Never'
'ENG_TOZ5F','FI448159','MEM_O5CWG',55.30,0.616,'Monthly','Afternoon',3,7,'Music','Both','Never'
'ENG_9RX4K','FI683782','MEM_P4XGJ',21.30,0.667,'Weekly','Morning',6,3,'Chat','Original','Sometimes'
'ENG_N0Z1Z','FI297199','MEM_N9RZ8',70.00,0.078,'Weekly','Night',0,18,'Music','Translated','Always'
'ENG_YITMS','FI462093','MEM_DNPZQ',57.60,0.646,'Monthly','Morning',0,3,'Dance','Translated','Never'
'ENG_NCBFH','FI895778','MEM_NI22J',85.40,0.467,'Weekly','Night',2,11,'Music','Translated','Never'
'ENG_WUF3S','FI583872','MEM_WAHX8',27.30,0.052,'Weekly','Morning',4,3,'Gaming','Both','Never'
'ENG_01WKR','FI749860','MEM_Z1OKN',16.70,0.155,'Occasional','Evening',0,10,'Music','Translated','Never'
'ENG_L7ZMN','FI195342','MEM_KNKR8',22.30,0.831,'Weekly','Afternoon',3,8,'Dance','Original','Sometimes'
'ENG_VZBJI','FI782567','MEM_4ZBNX',91.50,0.168,'Daily','Afternoon',3,12,'Gaming','Original','Never'
'ENG_ECJLN','FI512964','MEM_DSPJ6',69.40,0.480,'Occasional','Morning',0,10,'Gaming','Translated','Always'
'ENG_LJAJY','FI159539','MEM_C3PEO',39.50,0.105,'Daily','Evening',3,11,'Gaming','Original','Never'
'ENG_A4K0X','FI958782','MEM_XDLD6',2.60,0.689,'Daily','Morning',7,14,'Dance','Original','Always'
'ENG_4M716','FI571520','MEM_PT9D0',54.10,0.401,'Weekly','Evening',0,5,'Dance','Translated','Never'
'ENG_IZ83O','FI821348','MEM_0M30J',26.70,0.234,'Daily','Afternoon',4,11,'Chat','Original','Never'
'ENG_390V5','FI189044','MEM_XXT7W',92.30,0.617,'Occasional','Morning',3,10,'Gaming','Translated','Sometimes'
'ENG_JE5XL','FI159151','MEM_NWZ41',89.80,0.572,'Occasional','Afternoon',0,2,'Gaming','Translated','Sometimes'
'ENG_X2YNA','FI113621','MEM_YVOKU',53.10,0.660,'Occasional','Morning',3,19,'Music','Both','Always'
'ENG_8F4O0','FI530250','MEM_3KXHM',12.70,0.566,'Weekly','Evening',4,6,'Chat','Translated','Always'
'ENG_907VP','FI255426','MEM_05B98',56.30,0.591,'Monthly','Morning',1,16,'Gaming','Both','Always'
'ENG_9AVAI','FI711581','MEM_1PDJQ',81.00,0.695,'Daily','Night',4,18,'Gaming','Translated','Always'
'ENG_MRYSO','FI769374','MEM_6Y7NZ',68.90,0.381,'Daily','Night',2,9,'Dance','Original','Sometimes'
'ENG_4WRYE','FI639297','MEM_VRW44',25.50,0.194,'Daily','Morning',0,8,'Chat','Original','Always'
'ENG_QNKIF','FI898969','MEM_6VQEG',8.60,0.451,'Occasional','Evening',7,2,'Music','Original','Sometimes'
'ENG_G55U2','FI390862','MEM_C6J8U',99.70,0.700,'Occasional','Evening',3,3,'Music','Translated','Never'
'ENG_4T5GE','FI286120','MEM_3VSAQ',95.20,0.218,'Weekly','Evening',0,9,'Music','Both','Sometimes'
'ENG_EG93D','FI617249','MEM_26J1P',52.80,0.423,'Monthly','Night',2,10,'Dance','Translated','Sometimes'
'ENG_1ZAB1','FI210790','MEM_B7TU5',52.20,0.704,'Daily','Morning',3,11,'Music','Original','Sometimes'
'ENG_1U6R3','FI182968','MEM_JE3Z1',28.60,0.690,'Monthly','Morning',5,9,'Gaming','Translated','Always'
'ENG_YB2FG','FI517656','MEM_OZ0Q6',36.80,0.082,'Monthly','Morning',6,2,'Gaming','Original','Sometimes'
'ENG_A8VTB','FI610425','MEM_CIZ03',85.40,0.848,'Daily','Night',1,20,'Gaming','Original','Never'
'ENG_09Q6H','FI447180','MEM_GFUQD',9.80,0.895,'Occasional','Evening',3,14,'Dance','Both','Sometimes'
'ENG_F7DFE','FI942291','MEM_RJLMA',99.20,0.983,'Daily','Evening',0,18,'Chat','Original','Sometimes'
'ENG_QIJYV','FI277600','MEM_K7MCO',97.10,0.781,'Weekly','Afternoon',0,12,'Gaming','Both','Sometimes'
'ENG_502CR','FI501741','MEM_SJ5VH',17.70,0.130,'Weekly','Morning',7,14,'Gaming','Both','Sometimes'
'ENG_H1GLL','FI806520','MEM_T9IB3',34.00,0.856,'Occasional','Night',2,6,'Dance','Original','Sometimes'
'ENG_RPU47','FI964831','MEM_DA510',92.60,0.998,'Monthly','Afternoon',2,3,'Music','Translated','Sometimes'
'ENG_A5QBW','FI981637','MEM_N09ID',58.70,0.109,'Daily','Night',5,12,'Music','Translated','Never'
'ENG_3FJBC','FI790782','MEM_B0G6I',76.90,0.835,'Daily','Night',3,19,'Chat','Translated','Always'
'ENG_U0D07','FI795453','MEM_513MO',76.50,0.207,'Daily','Morning',4,1,'Dance','Translated','Always'
'ENG_R36IK','FI297552','MEM_AAFZA',81.70,0.040,'Weekly','Afternoon',2,5,'Dance','Translated','Sometimes'
'ENG_SGNR6','FI378055','MEM_HDS6F',46.70,0.888,'Daily','Night',5,14,'Music','Both','Never'
'ENG_HTDTZ','FI562845','MEM_37Q88',59.40,0.150,'Occasional','Night',3,3,'Gaming','Both','Sometimes'
'ENG_I1CRX','FI695336','MEM_ZZM4K',86.30,0.696,'Daily','Afternoon',3,11,'Music','Both','Sometimes'
'ENG_KB9I9','FI916900','MEM_ADODT',70.60,0.429,'Daily','Evening',5,12,'Gaming','Translated','Sometimes'
'ENG_JE8LD','FI463771','MEM_OE1E0',96.10,0.072,'Occasional','Night',7,5,'Gaming','Both','Sometimes'
'ENG_5OFO6','FI483531','MEM_YXA1K',66.60,0.694,'Daily','Night',0,13,'Gaming','Translated','Sometimes'
'ENG_7UALI','FI990539','MEM_N9QXF',78.50,0.670,'Monthly','Night',1,8,'Music','Original','Always'
'ENG_1G05M','FI248349','MEM_0VB7Q',17.40,0.258,'Weekly','Morning',6,5,'Music','Translated','Never'
'ENG_UH4P7','FI159956','MEM_PF061',83.20,0.996,'Occasional','Morning',4,13,'Chat','Translated','Sometimes'
'ENG_JCSM9','FI765953','MEM_BBDCO',4.40,0.945,'Monthly','Morning',2,5,'Music','Translated','Always'
'ENG_SE4DL','FI357023','MEM_S1FLD',78.00,0.772,'Monthly','Evening',4,6,'Dance','Original','Never'
'ENG_4VKZQ','FI409231','MEM_PK7WE',64.70,0.587,'Weekly','Night',5,16,'Chat','Both','Never'
'ENG_DVL6H','FI225232','MEM_RA8YD',45.60,0.342,'Occasional','Afternoon',0,7,'Chat','Both','Always'
'ENG_5ZUDH','FI163638','MEM_QQNC2',96.60,0.871,'Weekly','Morning',2,13,'Gaming','Original','Sometimes'
'ENG_D0NUN','FI728635','MEM_2WYFT',3.80,0.190,'Occasional','Night',7,8,'Gaming','Both','Sometimes'
'ENG_K74O4','FI108189','MEM_FDBBT',63.40,0.657,'Monthly','Night',1,12,'Dance','Both','Never'
'ENG_3S77D','FI857121','MEM_FNVEB',83.50,0.741,'Weekly','Morning',0,13,'Chat','Translated','Never'
'ENG_HIFIS','FI567015','MEM_X5CUO',7.70,0.036,'Daily','Night',2,3,'Gaming','Both','Always'
'ENG_VGHH1','FI421091','MEM_BN206',61.80,0.574,'Monthly','Evening',5,17,'Gaming','Original','Never'
'ENG_AZZP5','FI105337','MEM_3KMHG',87.90,0.804,'Daily','Evening',6,16,'Chat','Both','Never'
'ENG_5PN6S','FI771697','MEM_2XZP7',16.50,0.893,'Daily','Evening',7,4,'Music','Original','Always'
'ENG_AXG81','FI464721','MEM_VFIMT',13.50,0.441,'Occasional','Night',0,11,'Dance','Original','Never'
'ENG_6X2VU','FI743326','MEM_6CLIW',53.50,0.963,'Daily','Afternoon',6,5,'Dance','Both','Sometimes'
'ENG_BJ1ZD','FI746099','MEM_SHMV5',36.70,0.501,'Monthly','Morning',6,6,'Gaming','Translated','Never'
'ENG_C3OCE','FI255821','MEM_74BB7',44.10,0.656,'Monthly','Morning',5,20,'Dance','Original','Never'
'ENG_NST3I','FI458566','MEM_R0WIK',87.40,0.399,'Daily','Morning',1,2,'Music','Both','Sometimes'
'ENG_S0N8T','FI947614','MEM_D9885',76.10,0.579,'Daily','Morning',0,3,'Gaming','Original','Sometimes'
'ENG_O8HKX','FI779694','MEM_LNL0D',99.80,0.845,'Daily','Night',2,17,'Music','Translated','Never'
'ENG_QD9U1','FI180643','MEM_R79ZU',83.40,0.488,'Weekly','Evening',6,12,'Music','Original','Sometimes'
'ENG_ZFWHK','FI550353','MEM_LZ1ER',48.70,0.962,'Occasional','Afternoon',1,16,'Chat','Both','Sometimes'
'ENG_CHTFJ','FI200094','MEM_WUU1T',64.60,0.385,'Monthly','Night',7,10,'Gaming','Translated','Always'
'ENG_OZFJI','FI647648','MEM_PSOU2',89.40,0.473,'Occasional','Evening',5,1,'Music','Both','Sometimes'
'ENG_7IH1G','FI401427','MEM_TXFQ6',43.00,0.411,'Daily','Night',1,8,'Dance','Both','Never'
'ENG_FJIGM','FI712472','MEM_ICB8N',25.40,0.526,'Weekly','Evening',7,20,'Gaming','Original','Sometimes'
'ENG_JV01B','FI714065','MEM_GHYHL',85.50,0.746,'Monthly','Evening',4,15,'Chat','Original','Always'
'ENG_NRSFU','FI321753','MEM_UO6X8',90.50,0.542,'Occasional','Morning',6,11,'Chat','Translated','Never'
'ENG_IXXHV','FI279511','MEM_2JL5N',10.20,0.738,'Daily','Evening',6,14,'Music','Both','Sometimes'
'ENG_MUK03','FI916622','MEM_KHSJM',92.20,0.340,'Weekly','Night',2,6,'Chat','Both','Always'
'ENG_MIHZJ','FI146556','MEM_UX11O',58.60,0.767,'Weekly','Night',1,8,'Chat','Both','Always'
'ENG_YPXT8','FI394314','MEM_Q9H80',62.70,0.098,'Weekly','Morning',6,17,'Music','Translated','Never'
'ENG_SGCMZ','FI891745','MEM_ULL1I',53.70,0.547,'Daily','Evening',6,11,'Gaming','Translated','Sometimes'
'ENG_AQ3X3','FI808783','MEM_2A3Z1',47.40,0.207,'Daily','Morning',1,9,'Chat','Both','Sometimes'
'ENG_D410N','FI350612','MEM_2H6WJ',9.90,0.705,'Monthly','Afternoon',1,8,'Dance','Original','Never'
'ENG_WYX2Q','FI597175','MEM_QJDG1',21.00,0.978,'Weekly','Morning',0,12,'Chat','Original','Sometimes'
'ENG_FYJ9T','FI242589','MEM_H7H1Y',10.00,0.445,'Weekly','Morning',5,19,'Dance','Original','Always'
'ENG_ZZMSS','FI917962','MEM_0T1ID',31.00,0.838,'Weekly','Night',3,2,'Chat','Original','Never'
'ENG_TB2V8','FI583463','MEM_W8TGS',14.30,0.036,'Occasional','Evening',5,12,'Chat','Original','Never'
'ENG_D6S9H','FI989317','MEM_0C4H4',51.80,0.553,'Weekly','Morning',1,1,'Dance','Original','Sometimes'
'ENG_3Z0N7','FI846827','MEM_KL1F0',18.30,0.105,'Occasional','Morning',6,9,'Music','Original','Always'
'ENG_58M5M','FI206862','MEM_VVEVM',59.00,0.728,'Monthly','Morning',4,11,'Music','Original','Never'
'ENG_BZ3P1','FI805675','MEM_TXXAU',70.20,0.844,'Occasional','Morning',1,7,'Chat','Translated','Sometimes'
'ENG_3XNAU','FI216192','MEM_KLG9G',55.50,0.022,'Monthly','Morning',2,13,'Music','Original','Sometimes'
'ENG_GWA3K','FI943938','MEM_QSHIR',16.40,0.503,'Weekly','Morning',1,14,'Dance','Translated','Always'
'ENG_6YD3K','FI680080','MEM_VSEMS',75.30,0.172,'Daily','Evening',3,6,'Gaming','Translated','Always'
'ENG_6MXW4','FI823788','MEM_1L7ID',46.90,0.627,'Occasional','Evening',5,6,'Gaming','Translated','Always'
'ENG_ESZ1N','FI803652','MEM_TLDHB',92.60,0.392,'Weekly','Night',0,1,'Gaming','Translated','Never'
'ENG_9PK55','FI294585','MEM_0OHPX',89.80,0.301,'Weekly','Evening',3,15,'Chat','Original','Never'
'ENG_FYSK0','FI412708','MEM_F5LVW',8.60,0.901,'Weekly','Night',4,5,'Gaming','Original','Always'
'ENG_LBISU','FI914494','MEM_MN1FA',75.20,0.669,'Monthly','Afternoon',5,7,'Dance','Both','Never'
'ENG_18TL6','FI978351','MEM_XGXGT',92.20,0.237,'Monthly','Morning',0,14,'Dance','Original','Sometimes'
'ENG_DWPH6','FI138146','MEM_2APMA',70.20,0.241,'Daily','Evening',0,11,'Dance','Translated','Never'
'ENG_VQBF5','FI135381','MEM_HCZI4',25.90,0.101,'Occasional','Afternoon',3,18,'Dance','Translated','Sometimes'
'ENG_9U50Q','FI499929','MEM_N2JBG',5.60,0.593,'Daily','Evening',3,15,'Gaming','Translated','Never'
'ENG_LW7TP','FI380207','MEM_FIIXN',66.40,0.152,'Occasional','Night',0,16,'Dance','Original','Never'
'ENG_0G5LW','FI542594','MEM_7AWGP',23.00,0.136,'Daily','Afternoon',2,10,'Gaming','Translated','Never'
'ENG_19EUA','FI756290','MEM_2S1S9',11.50,0.061,'Weekly','Morning',1,13,'Chat','Both','Sometimes'
'ENG_894WR','FI547918','MEM_1UOHA',9.90,0.493,'Weekly','Night',0,4,'Dance','Translated','Always'
'ENG_T1CHR','FI598234','MEM_DCAJ6',18.10,0.097,'Monthly','Evening',0,18,'Dance','Translated','Sometimes'
'ENG_SOG49','FI792777','MEM_4CXL1',86.20,0.025,'Occasional','Evening',0,14,'Gaming','Translated','Never'
'ENG_D9BWO','FI746799','MEM_MX2JT',54.80,0.767,'Occasional','Morning',3,4,'Chat','Translated','Always'
'ENG_JUB5F','FI686616','MEM_V9FI8',1.20,0.054,'Occasional','Night',3,2,'Music','Translated','Never'
'ENG_4JNV8','FI474213','MEM_VYCRM',91.60,0.976,'Monthly','Afternoon',4,4,'Gaming','Both','Always'
'ENG_RLBQF','FI703771','MEM_97O6T',89.40,0.367,'Occasional','Evening',6,19,'Dance','Both','Sometimes'
'ENG_O2BT2','FI599298','MEM_5MXGV',89.60,0.982,'Daily','Night',2,18,'Music','Original','Never'
'ENG_HNQZS','FI362231','MEM_S1J21',8.10,0.914,'Occasional','Night',0,1,'Dance','Original','Sometimes'
'ENG_I61WB','FI931506','MEM_0X7IU',27.30,0.188,'Daily','Afternoon',2,8,'Chat','Original','Sometimes'
'ENG_FTS42','FI302212','MEM_FQO1F',24.60,0.227,'Daily','Evening',5,15,'Music','Both','Always'
'ENG_3YQGY','FI772847','MEM_AWW2G',98.60,0.406,'Monthly','Evening',5,10,'Music','Translated','Never'
'ENG_ZW9FY','FI446142','MEM_1UTWD',20.50,0.843,'Weekly','Afternoon',5,18,'Gaming','Both','Sometimes'
'ENG_F6D3F','FI706881','MEM_BGIRJ',53.50,0.994,'Weekly','Afternoon',2,3,'Gaming','Original','Never'
'ENG_WJ72Q','FI432208','MEM_34KWP',67.00,0.143,'Daily','Evening',7,5,'Chat','Translated','Sometimes'
'ENG_QM7HS','FI969913','MEM_7J0QQ',91.70,0.347,'Occasional','Night',3,3,'Dance','Original','Never'
'ENG_MWTHI','FI624541','MEM_G5UAI',56.90,0.815,'Weekly','Evening',5,4,'Dance','Translated','Sometimes'
'ENG_VXWJZ','FI387549','MEM_IR786',88.90,0.920,'Monthly','Night',7,10,'Dance','Both','Never'
'ENG_ES1VQ','FI329926','MEM_0FX90',22.50,0.579,'Daily','Morning',5,19,'Chat','Both','Sometimes'
'ENG_RNCBC','FI557851','MEM_39FWF',98.90,0.453,'Weekly','Afternoon',5,4,'Dance','Translated','Never'
'ENG_Z22ET','FI994821','MEM_MBDWZ',59.00,0.147,'Weekly','Evening',2,2,'Chat','Original','Never'
'ENG_AY6BN','FI300292','MEM_A8OOG',95.80,0.803,'Monthly','Night',4,1,'Dance','Translated','Never'
'ENG_W2E55','FI656944','MEM_20OS8',2.80,0.430,'Weekly','Evening',5,19,'Dance','Original','Always'
'ENG_ZY3P3','FI611433','MEM_Q0LYH',96.00,0.550,'Weekly','Night',0,15,'Gaming','Translated','Never'
'ENG_B4HJH','FI290284','MEM_Z4ME3',89.10,0.208,'Monthly','Afternoon',2,7,'Dance','Translated','Always'
'ENG_CU9GR','FI669642','MEM_63PHR',89.80,0.773,'Weekly','Night',2,2,'Dance','Both','Always'
'ENG_AGPJM','FI927755','MEM_LTCUI',21.90,0.159,'Occasional','Night',6,8,'Music','Original','Sometimes'
'ENG_QBXAB','FI631693','MEM_L0AVZ',20.40,0.057,'Occasional','Night',5,3,'Dance','Original','Always'
'ENG_8KEDF','FI130694','MEM_0GUHY',8.30,0.237,'Monthly','Night',5,1,'Chat','Both','Always'
'ENG_ZLM5Z','FI194889','MEM_K12RW',10.30,0.475,'Weekly','Morning',1,16,'Dance','Both','Always'
'ENG_ZK3VW','FI244939','MEM_KH4AD',66.60,0.850,'Occasional','Afternoon',2,8,'Chat','Both','Always'
'ENG_BDVME','FI887898','MEM_YBGAC',71.70,0.243,'Occasional','Afternoon',0,13,'Chat','Translated','Always'
'ENG_EKBGX','FI281510','MEM_JL63E',87.90,0.229,'Monthly','Afternoon',2,1,'Dance','Both','Always'
'ENG_XBN5K','FI734329','MEM_1DQ7E',77.90,0.150,'Monthly','Evening',6,8,'Gaming','Both','Always'
'ENG_ILU5A','FI585253','MEM_3SH1S',55.20,0.957,'Daily','Night',1,1,'Music','Translated','Always'
'ENG_S5OIG','FI348635','MEM_CF803',98.10,0.670,'Monthly','Evening',1,3,'Chat','Both','Sometimes'
'ENG_5AFW7','FI484732','MEM_YQM7G',72.00,0.661,'Monthly','Evening',3,17,'Dance','Both','Sometimes'
'ENG_0K2B3','FI609521','MEM_QT5BF',10.30,0.577,'Occasional','Evening',4,13,'Music','Both','Always'
'ENG_J2K1B','FI417125','MEM_6EBMM',21.10,0.753,'Daily','Morning',6,3,'Dance','Original','Sometimes'
'ENG_0I2TL','FI838295','MEM_T0SE6',6.50,0.902,'Weekly','Night',4,13,'Dance','Original','Sometimes'
'ENG_ZHQ4V','FI335416','MEM_YRDB2',89.80,0.996,'Weekly','Afternoon',4,15,'Chat','Translated','Sometimes'
'ENG_Q5VZI','FI548772','MEM_MQ4YU',64.10,0.148,'Occasional','Night',1,7,'Gaming','Both','Sometimes'
'ENG_0LBZU','FI464133','MEM_0I6FF',41.00,0.983,'Weekly','Morning',7,18,'Chat','Both','Always'
'ENG_836SR','FI782423','MEM_L46M2',70.00,0.745,'Weekly','Evening',6,4,'Gaming','Original','Never'
'ENG_VUVX3','FI920082','MEM_8N16W',42.10,0.841,'Daily','Night',7,16,'Music','Translated','Sometimes'
'ENG_EBIQM','FI519122','MEM_Q9LRU',31.30,0.221,'Occasional','Night',5,10,'Dance','Original','Sometimes'
'ENG_X8P75','FI295027','MEM_OQDGI',33.70,0.867,'Daily','Night',7,18,'Music','Translated','Always'
'ENG_BLM3J','FI367618','MEM_O5Z3H',54.90,0.668,'Monthly','Evening',0,18,'Chat','Both','Always'
'ENG_8WGKE','FI661350','MEM_UPHLI',94.60,0.937,'Daily','Night',0,4,'Chat','Translated','Always'
'ENG_BAA52','FI492252','MEM_O3P7T',94.30,0.474,'Monthly','Evening',5,3,'Chat','Both','Never'
'ENG_DLQQ2','FI993978','MEM_UI8RD',44.70,0.180,'Monthly','Afternoon',6,4,'Chat','Original','Never'
'ENG_2OV36','FI289078','MEM_6WQ7D',92.60,0.416,'Monthly','Night',4,2,'Chat','Both','Always'
'ENG_PCH13','FI736123','MEM_29SL4',40.80,0.303,'Monthly','Night',2,15,'Chat','Both','Sometimes'
'ENG_M1072','FI317549','MEM_GP41P',81.40,0.447,'Weekly','Evening',5,15,'Gaming','Both','Sometimes'
'ENG_7YP72','FI122575','MEM_V7DWZ',17.40,0.407,'Daily','Morning',6,16,'Gaming','Original','Sometimes'
'ENG_JARZV','FI852901','MEM_RDGON',80.00,0.578,'Daily','Evening',2,12,'Chat','Translated','Always'
'ENG_3SOO7','FI606113','MEM_D237I',49.70,0.921,'Weekly','Afternoon',7,12,'Dance','Both','Never'
'ENG_5ISKG','FI488096','MEM_RUOGB',81.90,0.360,'Weekly','Morning',2,7,'Chat','Both','Sometimes'
'ENG_YA794','FI625048','MEM_8O7XU',84.20,0.144,'Weekly','Night',2,9,'Dance','Original','Always'
'ENG_LL7NR','FI352726','MEM_24D6A',23.10,0.209,'Weekly','Afternoon',1,2,'Chat','Original','Never'
'ENG_835NU','FI345338','MEM_JOHW4',54.50,0.651,'Weekly','Afternoon',4,17,'Dance','Original','Sometimes'
'ENG_IGJ6X','FI829371','MEM_30Z3P',69.50,0.044,'Weekly','Afternoon',4,15,'Dance','Original','Always'
'ENG_K6FED','FI807584','MEM_J14C6',49.60,0.853,'Daily','Evening',3,1,'Dance','Translated','Sometimes'
'ENG_H5S60','FI805365','MEM_90EG3',74.90,0.376,'Daily','Night',5,17,'Music','Both','Never'
'ENG_KSB5C','FI208494','MEM_DU3P8',80.90,0.691,'Weekly','Afternoon',1,11,'Music','Original','Never'
'ENG_TSRF5','FI945441','MEM_74CL4',35.90,0.668,'Monthly','Night',5,6,'Music','Translated','Sometimes'
'ENG_ECMDM','FI497197','MEM_17DEF',80.80,0.939,'Weekly','Afternoon',4,18,'Chat','Both','Never'
'ENG_VBBYI','FI325448','MEM_CVUD5',72.70,0.329,'Monthly','Afternoon',1,10,'Gaming','Translated','Sometimes'
'ENG_9RY7E','FI499957','MEM_YTQ34',14.00,0.299,'Daily','Evening',1,18,'Dance','Translated','Always'
'ENG_1JIAK','FI912302','MEM_1ROPQ',93.40,0.504,'Monthly','Afternoon',7,8,'Gaming','Both','Never'
'ENG_1QJ9Y','FI681528','MEM_RUL7W',43.00,0.099,'Occasional','Afternoon',1,10,'Gaming','Original','Never'
'ENG_DKJJH','FI306550','MEM_YIM3O',34.70,0.628,'Occasional','Afternoon',7,16,'Dance','Both','Never'
'ENG_LG0AW','FI694350','MEM_T29WK',52.50,0.614,'Daily','Afternoon',5,6,'Music','Translated','Sometimes'
'ENG_ISN29','FI989036','MEM_B3ZTI',93.40,0.313,'Weekly','Morning',7,9,'Gaming','Both','Sometimes'
'ENG_RXOVU','FI332411','MEM_ZL5A8',34.40,0.582,'Monthly','Night',6,13,'Chat','Both','Never'
'ENG_Q2XCO','FI130255','MEM_T3KBC',94.30,0.114,'Monthly','Evening',6,14,'Chat','Translated','Sometimes'
'ENG_ZLWGP','FI826255','MEM_47YBG',60.40,0.314,'Occasional','Afternoon',7,10,'Dance','Translated','Never'
'ENG_FGHRQ','FI129548','MEM_CDBGD',21.60,0.756,'Daily','Afternoon',3,13,'Gaming','Original','Sometimes'
'ENG_3KL4M','FI278572','MEM_3AB5I',34.30,0.531,'Weekly','Night',4,15,'Music','Both','Always'
'ENG_N2Z5Y','FI782113','MEM_W6QPF',89.10,0.501,'Weekly','Evening',0,8,'Chat','Translated','Always'
'ENG_GATOH','FI105371','MEM_CTQXY',87.10,0.804,'Daily','Morning',4,7,'Dance','Original','Always'
'ENG_OBPVE','FI479847','MEM_1KYDH',86.90,0.098,'Daily','Afternoon',5,11,'Music','Both','Never'
'ENG_PJA33','FI115574','MEM_VHUDU',27.10,0.625,'Daily','Morning',1,8,'Music','Both','Always'
'ENG_YB21Y','FI341783','MEM_DMZK0',31.50,0.788,'Monthly','Night',0,10,'Music','Translated','Never'
'ENG_CJAHO','FI293719','MEM_B08Z3',18.70,0.504,'Monthly','Night',1,19,'Gaming','Original','Always'
'ENG_IXUQS','FI718993','MEM_PPL7R',77.40,0.098,'Occasional','Night',5,20,'Music','Original','Never'
'ENG_GWJUB','FI397120','MEM_2N2IK',96.60,0.113,'Weekly','Morning',2,6,'Gaming','Translated','Always'
'ENG_STYGR','FI404456','MEM_FS4DI',26.00,0.703,'Weekly','Afternoon',0,11,'Chat','Original','Sometimes'
'ENG_F3C6G','FI570714','MEM_WGTVJ',64.70,0.738,'Weekly','Evening',4,3,'Dance','Original','Never'
'ENG_W96R9','FI696661','MEM_A852N',29.80,0.897,'Daily','Morning',2,4,'Dance','Translated','Sometimes'
'ENG_ECE5A','FI435289','MEM_15KIG',51.00,0.741,'Monthly','Morning',5,9,'Chat','Translated','Never'
'ENG_MXKZP','FI337408','MEM_MM8UY',97.00,0.202,'Daily','Morning',6,1,'Gaming','Original','Sometimes'
'ENG_EMVS5','FI133074','MEM_HSTO3',78.60,0.313,'Occasional','Night',7,9,'Music','Both','Always'
'ENG_FQNTY','FI245254','MEM_YKYOD',95.50,0.121,'Occasional','Night',7,10,'Gaming','Original','Always'
'ENG_LSTF3','FI890992','MEM_OH1X6',23.50,0.905,'Occasional','Evening',2,8,'Music','Both','Sometimes'
'ENG_R9QIQ','FI460011','MEM_6G0O7',20.20,0.868,'Weekly','Afternoon',5,18,'Dance','Both','Sometimes'
'ENG_5C0BF','FI896242','MEM_3QV51',26.40,0.706,'Monthly','Morning',2,11,'Chat','Translated','Always'
'ENG_CCE65','FI820047','MEM_413SU',95.80,0.143,'Weekly','Evening',0,1,'Dance','Both','Always'
'ENG_3BGRQ','FI330231','MEM_CZCSE',15.20,0.180,'Daily','Morning',7,17,'Music','Original','Never'
'ENG_BJEML','FI709548','MEM_DUPQA',26.60,0.597,'Monthly','Evening',3,5,'Dance','Both','Always'
'ENG_BQOXW','FI496866','MEM_6YHNU',18.00,0.094,'Daily','Evening',2,11,'Chat','Both','Sometimes'
'ENG_3I484','FI262820','MEM_HXNW4',13.40,0.860,'Monthly','Night',7,9,'Music','Original','Sometimes'
'ENG_LJEEU','FI916820','MEM_L2JOZ',23.80,0.777,'Occasional','Morning',6,4,'Music','Translated','Never'
'ENG_IALPW','FI273054','MEM_U5B67',65.30,0.157,'Occasional','Morning',5,7,'Chat','Translated','Sometimes'
'ENG_GLZ67','FI594444','MEM_EFAX9',75.90,0.543,'Monthly','Morning',2,7,'Music','Original','Never'
'ENG_JYIYL','FI234862','MEM_JRI5M',9.60,0.749,'Monthly','Night',4,4,'Gaming','Original','Never'
'ENG_OZZY4','FI771224','MEM_ATFQ8',14.80,0.954,'Weekly','Evening',5,2,'Dance','Both','Never'
'ENG_851LT','FI759323','MEM_WJMT6',21.70,0.727,'Weekly','Morning',0,18,'Dance','Original','Always'
'ENG_TLSBB','FI631038','MEM_2NRF4',62.40,0.884,'Weekly','Evening',5,14,'Music','Original','Sometimes'
'ENG_BZMQX','FI300542','MEM_S50RV',59.00,0.925,'Occasional','Afternoon',0,14,'Chat','Original','Always'
'ENG_2CCIM','FI240846','MEM_RYVEH',10.60,0.329,'Occasional','Morning',7,8,'Dance','Both','Never'
'ENG_MTOB2','FI934163','MEM_NKXGO',30.80,0.180,'Occasional','Morning',1,6,'Gaming','Translated','Sometimes'
'ENG_6K3V3','FI783329','MEM_24SYG',56.80,0.150,'Monthly','Afternoon',5,4,'Gaming','Both','Always'
'ENG_49IFZ','FI797688','MEM_7RDA7',82.30,0.078,'Monthly','Evening',2,6,'Gaming','Both','Sometimes'
'ENG_8SYOL','FI114549','MEM_5PEQQ',49.10,0.370,'Monthly','Evening',2,13,'Gaming','Both','Sometimes'
'ENG_AXPJ2','FI608160','MEM_1EOM4',17.60,0.050,'Weekly','Night',3,10,'Music','Both','Sometimes'
'ENG_DJBN7','FI237674','MEM_MI4ZO',3.00,0.325,'Daily','Morning',4,4,'Chat','Both','Never'
'ENG_89YES','FI799728','MEM_BXP25',97.20,0.494,'Occasional','Night',3,18,'Music','Original','Always'
'ENG_DARX2','FI743457','MEM_BJQLY',94.40,0.465,'Daily','Afternoon',1,16,'Gaming','Original','Always'
'ENG_MRG3P','FI818771','MEM_4VR2E',99.20,0.074,'Daily','Evening',0,11,'Gaming','Both','Sometimes'
'ENG_2P2IH','FI924215','MEM_GN9CZ',59.80,0.301,'Weekly','Afternoon',3,4,'Chat','Original','Always'
'ENG_2ST2T','FI785262','MEM_KVFU6',90.40,0.096,'Weekly','Morning',4,6,'Dance','Translated','Always'
'ENG_O7HYH','FI302074','MEM_2WI61',3.70,0.698,'Weekly','Evening',0,12,'Dance','Both','Never'
'ENG_ZKNRR','FI903335','MEM_VED0O',81.00,0.822,'Weekly','Morning',6,11,'Gaming','Translated','Sometimes'
'ENG_QQM94','FI897380','MEM_2193O',36.60,0.854,'Weekly','Night',0,16,'Chat','Both','Never'
'ENG_HNRTC','FI681480','MEM_8EXO0',27.00,0.400,'Occasional','Morning',7,11,'Gaming','Translated','Sometimes'
'ENG_0BQRJ','FI120818','MEM_TQCUD',22.00,0.842,'Monthly','Night',6,8,'Gaming','Original','Always'
'ENG_9ENLA','FI202757','MEM_DM3WU',43.60,0.061,'Occasional','Afternoon',1,8,'Gaming','Original','Always'
'ENG_QANNG','FI700094','MEM_G6E5O',54.20,0.075,'Monthly','Morning',0,10,'Music','Original','Always'
'ENG_TABHX','FI250731','MEM_W7Y4C',29.60,0.917,'Monthly','Evening',0,9,'Gaming','Translated','Never'
'ENG_OXPR2','FI807108','MEM_5RU09',5.10,0.340,'Daily','Night',5,9,'Dance','Translated','Sometimes'
'ENG_DR3EC','FI136030','MEM_DKTX5',79.80,0.053,'Occasional','Evening',4,17,'Gaming','Original','Always'
'ENG_KJN0H','FI718498','MEM_4DIC2',93.20,0.335,'Monthly','Evening',5,9,'Dance','Both','Always'
'ENG_7BUG7','FI657654','MEM_YLJQU',33.30,0.558,'Occasional','Evening',4,6,'Gaming','Translated','Sometimes'
'ENG_E3YJY','FI322254','MEM_6CQTF',2.80,0.149,'Daily','Night',6,17,'Gaming','Both','Never'
'ENG_7EG90','FI954596','MEM_ZZJ2T',91.00,0.476,'Monthly','Morning',6,17,'Chat','Translated','Never'
'ENG_U1CYK','FI447345','MEM_C4PVC',39.60,0.563,'Occasional','Morning',4,17,'Music','Original','Never'
'ENG_CE0BS','FI685773','MEM_7W0F3',34.40,0.970,'Daily','Night',7,6,'Dance','Both','Never'
'ENG_N0P3U','FI223922','MEM_LZ1SR',17.40,0.894,'Weekly','Morning',2,2,'Chat','Translated','Never'
'ENG_63WE7','FI896926','MEM_L5SZQ',6.40,0.320,'Weekly','Morning',4,9,'Gaming','Translated','Never'
'ENG_VCPTR','FI484145','MEM_XAWEM',7.90,0.698,'Occasional','Evening',5,10,'Chat','Translated','Never'
'ENG_PZR40','FI226011','MEM_BK0TS',19.10,0.479,'Monthly','Evening',1,10,'Music','Original','Never'
'ENG_RDEIH','FI706455','MEM_MGC87',35.40,0.223,'Monthly','Morning',1,5,'Chat','Both','Never'
'ENG_2XDGJ','FI850227','MEM_HDHP0',13.00,0.604,'Daily','Evening',1,8,'Music','Translated','Never'
'ENG_WECL5','FI480430','MEM_7R5SQ',27.00,0.474,'Monthly','Night',7,18,'Music','Translated','Never'
'ENG_LGQIE','FI233480','MEM_UAKWX',60.30,0.136,'Occasional','Evening',5,1,'Gaming','Both','Sometimes'
'ENG_3AJ7A','FI179390','MEM_G576V',65.50,0.745,'Daily','Morning',3,20,'Dance','Both','Never'
'ENG_HKVI5','FI287661','MEM_386Y0',33.10,0.754,'Weekly','Afternoon',5,6,'Dance','Original','Always'
'ENG_8QFP1','FI762272','MEM_TI9CE',91.60,0.299,'Weekly','Afternoon',2,3,'Chat','Original','Never'
'ENG_XY2GM','FI552441','MEM_GQEDZ',34.30,0.841,'Weekly','Evening',2,19,'Gaming','Both','Sometimes'
'ENG_EZ3I6','FI971398','MEM_HQ9NU',26.90,0.614,'Daily','Night',4,1,'Gaming','Both','Always'
'ENG_ALLKL','FI964146','MEM_W2XZ6',25.20,0.015,'Monthly','Morning',1,10,'Dance','Both','Always'
'ENG_AXB8L','FI163635','MEM_QOHHU',14.30,0.870,'Daily','Evening',6,2,'Chat','Translated','Always'
'ENG_KSF8N','FI131144','MEM_BLABN',19.40,0.801,'Daily','Morning',4,12,'Dance','Translated','Sometimes'
'ENG_1B0JE','FI688909','MEM_598TZ',86.30,0.992,'Monthly','Evening',1,1,'Gaming','Original','Never'
'ENG_66QC4','FI103499','MEM_AD2FX',23.10,0.057,'Daily','Morning',6,20,'Gaming','Translated','Always'
'ENG_EO5L2','FI282804','MEM_1RF4L',31.80,0.366,'Daily','Morning',7,16,'Dance','Original','Always'
'ENG_QUWIG','FI456209','MEM_ELK4X',94.70,0.507,'Monthly','Afternoon',7,2,'Music','Translated','Always'
'ENG_WGOU5','FI301031','MEM_DBHK7',11.00,0.402,'Weekly','Morning',3,13,'Dance','Translated','Always'
'ENG_6SB82','FI674733','MEM_LDHND',98.60,0.794,'Daily','Evening',7,12,'Gaming','Original','Sometimes'
'ENG_KH3B9','FI686926','MEM_ROGM4',57.10,0.445,'Occasional','Afternoon',1,3,'Chat','Translated','Always'
'ENG_K24J1','FI190711','MEM_V9A1Q',67.00,0.858,'Weekly','Evening',5,12,'Music','Translated','Sometimes'
'ENG_RW080','FI720477','MEM_TTVYE',80.20,0.918,'Occasional','Night',6,18,'Dance','Original','Always'
'ENG_JLIST','FI941568','MEM_2IX8C',99.00,0.498,'Occasional','Evening',3,10,'Chat','Both','Sometimes'
'ENG_7RR7Q','FI653396','MEM_L0QWM',75.50,0.815,'Daily','Afternoon',6,8,'Gaming','Both','Sometimes'
'ENG_97WP1','FI719947','MEM_AQM9F',2.60,0.407,'Monthly','Night',4,16,'Chat','Both','Always'
'ENG_399SF','FI775314','MEM_1A218',41.10,0.749,'Daily','Afternoon',6,20,'Chat','Original','Never'
'ENG_70OO0','FI816598','MEM_J8KS3',53.10,0.139,'Weekly','Evening',5,1,'Dance','Translated','Never'
'ENG_QPFSR','FI238221','MEM_43W1W',49.40,0.112,'Daily','Night',7,10,'Dance','Original','Sometimes'
'ENG_0ZN5V','FI530290','MEM_ASJ0J',25.20,0.862,'Monthly','Morning',2,14,'Dance','Original','Always'
'ENG_G9ZSG','FI752288','MEM_KFQOE',29.00,0.945,'Daily','Night',4,17,'Music','Translated','Never'
'ENG_QG6I8','FI747597','MEM_OZW1C',39.10,0.206,'Monthly','Morning',5,19,'Chat','Translated','Never'
'ENG_QX4ZR','FI456861','MEM_86083',18.90,0.314,'Monthly','Evening',6,17,'Music','Both','Sometimes'
'ENG_0SCEK','FI244393','MEM_XCJH7',48.40,0.081,'Daily','Morning',4,1,'Dance','Both','Always'
'ENG_7USRO','FI173138','MEM_YNJZR',84.70,0.675,'Weekly','Evening',6,4,'Chat','Translated','Always'
'ENG_3EU9F','FI172311','MEM_V9X5S',29.10,0.469,'Occasional','Morning',0,20,'Music','Translated','Never'
'ENG_LRRYJ','FI594391','MEM_9F3NA',71.70,0.119,'Daily','Afternoon',0,10,'Music','Original','Sometimes'
'ENG_AIBI7','FI827227','MEM_BNCVS',3.50,0.681,'Weekly','Evening',1,20,'Chat','Original','Always'
'ENG_260CD','FI463594','MEM_VLT3W',15.90,0.086,'Occasional','Evening',3,20,'Chat','Original','Sometimes'
'ENG_2BM3A','FI242662','MEM_2LA5B',8.30,0.395,'Weekly','Morning',4,2,'Dance','Original','Always'
'ENG_ESH1E','FI677560','MEM_YDZM1',80.20,0.903,'Occasional','Night',0,8,'Music','Original','Never'
'ENG_XO59S','FI279865','MEM_MC5IR',24.00,0.922,'Daily','Evening',4,14,'Dance','Original','Always'
'ENG_O6QFQ','FI772705','MEM_PAJAF',23.80,0.155,'Weekly','Afternoon',2,12,'Music','Original','Never'
'ENG_COBBP','FI510556','MEM_5H6ZC',24.30,0.090,'Weekly','Evening',3,3,'Chat','Translated','Never'
'ENG_7EYWM','FI557873','MEM_BXKEM',53.50,0.029,'Weekly','Afternoon',5,11,'Chat','Original','Sometimes'
'ENG_5F52W','FI553807','MEM_1M13K',18.00,0.432,'Monthly','Evening',7,1,'Music','Translated','Never'
'ENG_2NDEW','FI484673','MEM_ACI6K',57.80,0.497,'Monthly','Evening',1,5,'Chat','Original','Never'
'ENG_I54UX','FI621404','MEM_VYQZB',71.30,0.556,'Monthly','Night',6,19,'Music','Original','Never'
'ENG_MVR9I','FI791591','MEM_2F8MT',30.60,0.426,'Weekly','Morning',4,11,'Gaming','Original','Sometimes'
'ENG_KLI8R','FI308642','MEM_MTWN2',95.10,0.550,'Daily','Night',5,17,'Dance','Both','Never'
'ENG_OXFMZ','FI698862','MEM_H7FDZ',64.90,0.964,'Monthly','Afternoon',5,11,'Gaming','Original','Sometimes'
'ENG_N00OK','FI967118','MEM_3VKG2',4.30,0.721,'Monthly','Morning',2,11,'Music','Both','Never'
'ENG_G1GZC','FI854693','MEM_DFFYZ',52.30,0.073,'Occasional','Afternoon',1,13,'Dance','Translated','Never'
'ENG_UO51J','FI851062','MEM_3T1OT',5.00,0.162,'Daily','Night',3,16,'Music','Original','Sometimes'
'ENG_JBOCQ','FI500124','MEM_Z77YJ',59.70,0.327,'Monthly','Evening',4,3,'Music','Original','Never'
'ENG_BHKT9','FI160157','MEM_ZBK1D',21.00,0.481,'Monthly','Night',6,12,'Gaming','Original','Sometimes'
'ENG_9KPNO','FI485065','MEM_H8ROC',49.40,0.174,'Daily','Evening',0,15,'Gaming','Both','Always'
'ENG_G4VXZ','FI186917','MEM_JZNRI',61.30,0.193,'Monthly','Night',4,1,'Music','Translated','Always'
'ENG_HYFJK','FI269339','MEM_U8VVH',14.90,0.089,'Occasional','Afternoon',5,3,'Dance','Both','Always'
'ENG_EGG6O','FI385804','MEM_6OVKN',47.20,0.648,'Occasional','Afternoon',1,1,'Chat','Translated','Never'
'ENG_GSA80','FI439404','MEM_O2GO6',62.70,0.721,'Weekly','Afternoon',2,17,'Dance','Translated','Always'
'ENG_4ZIVU','FI951449','MEM_8HEA0',79.00,0.646,'Weekly','Evening',3,20,'Chat','Original','Always'
'ENG_NZNAN','FI535581','MEM_ETLXP',20.60,0.659,'Weekly','Afternoon',5,7,'Music','Original','Always'
'ENG_1BBNK','FI984143','MEM_9O19B',76.00,0.649,'Weekly','Afternoon',2,14,'Music','Both','Never'
'ENG_N29UE','FI272288','MEM_5TN93',26.10,0.508,'Occasional','Morning',4,16,'Music','Both','Never'
'ENG_CNXCZ','FI311658','MEM_76366',79.50,0.033,'Daily','Morning',4,16,'Gaming','Original','Never'
'ENG_3GJU5','FI316504','MEM_3JZK1',58.80,0.974,'Daily','Night',3,3,'Chat','Translated','Never'
'ENG_ZRSBF','FI508683','MEM_86Q89',53.90,0.829,'Monthly','Morning',4,14,'Gaming','Translated','Never'
'ENG_M8GG1','FI672811','MEM_ZPZXY',82.80,0.069,'Monthly','Evening',3,18,'Gaming','Both','Sometimes'
'ENG_CQUWZ','FI458567','MEM_OT1LP',46.00,0.296,'Daily','Night',7,10,'Music','Original','Never'
'ENG_6VRQE','FI811893','MEM_0HVB7',35.10,0.480,'Weekly','Afternoon',7,18,'Gaming','Original','Always'
'ENG_CJ1M6','FI725063','MEM_YGL3Z',31.60,0.051,'Monthly','Night',3,13,'Dance','Original','Never'
'ENG_QHTM1','FI895687','MEM_6Y3SV',14.50,0.608,'Occasional','Morning',3,13,'Gaming','Original','Always'
'ENG_7EUVC','FI334122','MEM_R791N',50.60,0.433,'Occasional','Night',5,17,'Music','Original','Always'
'ENG_C11RX','FI988164','MEM_BEL47',30.00,0.264,'Weekly','Evening',4,2,'Chat','Both','Always'
'ENG_AY7PG','FI726481','MEM_8W0T9',65.70,0.295,'Daily','Morning',2,19,'Chat','Original','Sometimes'
'ENG_X4IZE','FI818810','MEM_AWMY4',41.50,0.796,'Daily','Afternoon',3,2,'Dance','Translated','Always'
'ENG_H4112','FI108232','MEM_KCYM3',91.10,0.100,'Weekly','Evening',7,4,'Music','Both','Always'
'ENG_2Z7EE','FI484165','MEM_AR49B',30.40,0.916,'Daily','Evening',5,5,'Chat','Original','Sometimes'
'ENG_YMJAU','FI419204','MEM_3E7XZ',91.30,0.151,'Occasional','Afternoon',0,18,'Gaming','Both','Sometimes'
'ENG_RFZEP','FI514020','MEM_9S6RO',2.20,0.281,'Occasional','Morning',6,9,'Gaming','Both','Always'
'ENG_ZPCZM','FI960528','MEM_JF52P',29.90,0.927,'Monthly','Morning',0,7,'Chat','Original','Never'
'ENG_RBWK7','FI919181','MEM_6XL4Y',62.00,0.661,'Occasional','Evening',1,18,'Gaming','Translated','Never'
'ENG_F2OP7','FI160022','MEM_KYS3I',18.90,0.875,'Daily','Night',3,8,'Gaming','Translated','Always'
'ENG_PAUC6','FI693108','MEM_8HRH7',43.90,0.961,'Daily','Morning',3,8,'Music','Translated','Sometimes'
'ENG_BRUUQ','FI326172','MEM_I2NXQ',36.80,0.972,'Daily','Evening',4,7,'Gaming','Both','Always'
'ENG_8GZTS','FI815636','MEM_X1GV9',99.90,0.472,'Monthly','Morning',0,10,'Gaming','Both','Never'
'ENG_T1R5F','FI186352','MEM_EABVR',24.70,0.485,'Occasional','Afternoon',5,8,'Gaming','Translated','Never'
'ENG_ZRYA5','FI505735','MEM_MUTY2',41.00,0.103,'Occasional','Evening',2,14,'Dance','Translated','Never'
'ENG_SIIGO','FI896927','MEM_YW0VK',40.10,0.860,'Occasional','Evening',1,19,'Dance','Both','Never'
'ENG_P7J44','FI836561','MEM_PZQFD',41.70,0.147,'Weekly','Afternoon',2,6,'Dance','Both','Sometimes'
'ENG_9U3S7','FI593069','MEM_KDM6K',32.80,0.209,'Weekly','Night',5,12,'Dance','Translated','Never'
'ENG_EJFY7','FI868517','MEM_D89BT',27.20,0.331,'Monthly','Morning',1,5,'Dance','Original','Sometimes'
'ENG_N7WPM','FI271740','MEM_XGYGC',76.00,0.051,'Monthly','Morning',4,14,'Chat','Original','Always'
'ENG_G03OF','FI222306','MEM_00EKB',80.30,0.851,'Weekly','Night',4,2,'Music','Both','Sometimes'
'ENG_0KKDH','FI234349','MEM_0VEN9',77.40,0.006,'Monthly','Morning',1,17,'Music','Original','Sometimes'
'ENG_2O1CC','FI480263','MEM_6L5W0',18.50,0.873,'Monthly','Morning',7,5,'Dance','Both','Always'
'ENG_1G086','FI851743','MEM_VKD7T',32.20,0.254,'Occasional','Evening',1,16,'Music','Translated','Always'
'ENG_V7QGP','FI742325','MEM_E1YOP',93.60,0.627,'Monthly','Night',6,12,'Gaming','Translated','Never'
'ENG_EG7WB','FI475676','MEM_X8D8A',0.80,0.659,'Monthly','Morning',5,12,'Music','Original','Always'
'ENG_VW7J0','FI340311','MEM_MKTA3',26.70,0.483,'Daily','Night',4,19,'Dance','Original','Sometimes'
'ENG_UE2LO','FI809000','MEM_YM4JW',12.40,0.510,'Daily','Evening',7,2,'Music','Original','Sometimes'
'ENG_YV99Q','FI985569','MEM_C2Z2H',38.40,0.190,'Daily','Afternoon',2,11,'Gaming','Translated','Sometimes'
'ENG_SYRHG','FI635999','MEM_HHJNZ',60.10,0.952,'Daily','Afternoon',0,5,'Music','Both','Never'
'ENG_RUJHY','FI210055','MEM_NWTBF',74.40,0.694,'Monthly','Morning',1,20,'Dance','Translated','Always'
'ENG_LD1GY','FI171578','MEM_PKW1S',55.90,0.834,'Daily','Night',6,7,'Music','Original','Never'
'ENG_XDXIQ','FI542699','MEM_FHC65',72.40,0.522,'Monthly','Night',5,2,'Dance','Both','Never'
'ENG_6OCWZ','FI832024','MEM_X1NRR',5.60,0.091,'Occasional','Morning',0,17,'Dance','Translated','Sometimes'
'ENG_GJ60S','FI191949','MEM_X4UDP',93.70,0.219,'Monthly','Evening',3,9,'Music','Original','Sometimes'
'ENG_TUN99','FI953188','MEM_8682M',44.30,0.046,'Monthly','Afternoon',6,8,'Dance','Both','Sometimes'
'ENG_EPZW8','FI225958','MEM_WR9RH',96.00,0.976,'Daily','Evening',6,20,'Gaming','Translated','Always'
'ENG_49ME8','FI988404','MEM_GZGBF',46.70,0.285,'Weekly','Evening',1,8,'Dance','Both','Never'
'ENG_K1TL3','FI286530','MEM_Q7IXN',25.50,0.639,'Weekly','Morning',0,4,'Music','Translated','Never'
'ENG_35VVD','FI431444','MEM_ZOMQ3',37.70,0.913,'Daily','Afternoon',4,15,'Gaming','Both','Never'
'ENG_0PZV9','FI646989','MEM_NNO2E',56.80,0.808,'Weekly','Night',4,12,'Chat','Both','Always'
'ENG_HNZ3U','FI400564','MEM_0XQ2P',71.40,0.421,'Monthly','Afternoon',2,1,'Gaming','Original','Sometimes'
'ENG_XUE5Z','FI925326','MEM_GC64C',44.20,0.811,'Occasional','Morning',5,3,'Music','Translated','Sometimes'
'ENG_QHMJ7','FI739667','MEM_XYBK2',69.30,0.976,'Daily','Evening',0,17,'Dance','Both','Always'
'ENG_QK0ON','FI869067','MEM_3TJKU',73.20,0.844,'Monthly','Morning',1,9,'Chat','Both','Sometimes'
'ENG_00WRJ','FI311295','MEM_M4BDP',79.10,0.658,'Occasional','Afternoon',2,18,'Chat','Both','Sometimes'
'ENG_14CUI','FI171245','MEM_XUOD5',83.70,0.526,'Monthly','Afternoon',1,18,'Gaming','Original','Always'
'ENG_5UOQT','FI761145','MEM_CCIYF',59.40,0.745,'Occasional','Evening',0,8,'Chat','Translated','Sometimes'
'ENG_QKCAI','FI157335','MEM_EKEGK',51.00,0.814,'Weekly','Evening',2,1,'Chat','Translated','Always'
'ENG_WV7QN','FI424272','MEM_X4I0C',19.50,0.408,'Monthly','Morning',0,19,'Dance','Both','Never'
'ENG_8JH7Z','FI362421','MEM_1QDUA',20.50,0.919,'Occasional','Afternoon',6,20,'Gaming','Translated','Never'
'ENG_HGNGA','FI540265','MEM_12JRS',83.80,0.941,'Monthly','Morning',6,11,'Dance','Both','Never'
'ENG_75C07','FI652877','MEM_BZH3O',71.90,0.633,'Monthly','Evening',5,6,'Music','Original','Sometimes'
'ENG_JR4YB','FI187197','MEM_SA7X8',40.90,0.155,'Daily','Night',7,5,'Gaming','Both','Always'
'ENG_QQ4P4','FI739329','MEM_4CTOD',9.10,0.449,'Monthly','Evening',1,3,'Music','Original','Sometimes'
'ENG_ZIHSF','FI669820','MEM_Y6KM0',73.50,0.900,'Occasional','Afternoon',2,4,'Gaming','Original','Never'
'ENG_UV91W','FI626426','MEM_MP9JY',54.80,0.861,'Daily','Morning',6,13,'Gaming','Both','Sometimes'
'ENG_MW2MK','FI254911','MEM_WZFO4',83.40,0.195,'Daily','Morning',5,6,'Music','Original','Sometimes'
'ENG_VZ4Q7','FI906090','MEM_6Z29K',53.40,0.601,'Daily','Evening',6,13,'Music','Translated','Sometimes'
'ENG_3Y5G3','FI929692','MEM_7Y2E2',26.70,0.717,'Weekly','Morning',4,12,'Dance','Translated','Never'
'ENG_ZW2M5','FI571660','MEM_RQ257',67.40,0.918,'Weekly','Night',2,8,'Dance','Both','Always'
'ENG_FTG6J','FI104028','MEM_5K3VZ',71.00,0.619,'Weekly','Evening',1,12,'Dance','Translated','Never'
'ENG_1VSJW','FI236064','MEM_FRL3F',34.90,0.656,'Weekly','Evening',3,10,'Chat','Original','Always'
'ENG_9M3C8','FI972568','MEM_AO1F8',48.20,0.626,'Weekly','Afternoon',6,13,'Dance','Translated','Never'
'ENG_FAX4N','FI466596','MEM_436FP',28.00,0.480,'Daily','Morning',3,13,'Dance','Both','Sometimes'
'ENG_KWU97','FI518624','MEM_8YFEF',43.00,0.803,'Monthly','Night',2,20,'Gaming','Original','Always'
'ENG_UOFAW','FI760685','MEM_AF04G',54.40,0.399,'Daily','Afternoon',1,5,'Music','Original','Sometimes'
'ENG_C50OC','FI777164','MEM_W5DFO',40.40,0.790,'Daily','Morning',5,7,'Music','Translated','Sometimes'
'ENG_YCWGF','FI125333','MEM_JG3BJ',85.20,0.264,'Occasional','Morning',0,7,'Chat','Original','Sometimes'
'ENG_EZ17I','FI785906','MEM_J5WO1',31.70,0.426,'Occasional','Morning',2,4,'Music','Both','Sometimes'
'ENG_8VNEC','FI238956','MEM_JVALP',43.70,0.074,'Monthly','Night',4,1,'Chat','Both','Never'
'ENG_8OG2D','FI155146','MEM_190C4',17.60,0.468,'Occasional','Morning',1,10,'Chat','Original','Sometimes'
'ENG_LSQYR','FI831087','MEM_D64N5',79.70,0.507,'Weekly','Afternoon',1,2,'Chat','Translated','Sometimes'
'ENG_U0Z8V','FI638800','MEM_RKVEF',90.80,0.075,'Monthly','Morning',1,19,'Chat','Original','Never'
'ENG_6ZA1J','FI244555','MEM_OCWJ5',26.20,0.615,'Monthly','Night',4,9,'Chat','Original','Sometimes'
'ENG_GEKRR','FI811544','MEM_QC93D',78.30,0.039,'Monthly','Morning',0,12,'Chat','Both','Sometimes'
'ENG_XMYXJ','FI976559','MEM_TNS8A',93.30,0.987,'Occasional','Afternoon',3,8,'Gaming','Both','Always'
'ENG_89G4P','FI220527','MEM_966JK',37.20,0.837,'Daily','Afternoon',3,4,'Chat','Original','Sometimes'
'ENG_ZVQE5','FI302341','MEM_EV1RL',64.90,0.006,'Monthly','Night',0,2,'Gaming','Translated','Always'
'ENG_ATER6','FI654760','MEM_P56T0',79.40,0.869,'Occasional','Evening',2,4,'Gaming','Both','Sometimes'
'ENG_TRZ5M','FI467837','MEM_T8FUS',82.90,0.984,'Occasional','Afternoon',2,18,'Chat','Original','Always'
'ENG_8QG2Y','FI243677','MEM_RATYZ',82.20,0.609,'Occasional','Morning',2,2,'Gaming','Original','Never'
'ENG_VTRF0','FI348414','MEM_QPIZR',72.10,0.881,'Occasional','Night',4,2,'Gaming','Translated','Never'
'ENG_Z9Z02','FI906134','MEM_S224Z',55.00,0.409,'Weekly','Night',1,2,'Music','Original','Always'
'ENG_ZRNU2','FI453691','MEM_RGVBG',98.30,0.662,'Occasional','Afternoon',6,2,'Gaming','Original','Always'
'ENG_MXX6Z','FI877476','MEM_3NTNI',61.60,0.464,'Monthly','Afternoon',0,6,'Gaming','Original','Sometimes'
'ENG_FUAUI','FI332467','MEM_L9JCI',14.70,0.618,'Monthly','Morning',6,14,'Gaming','Both','Always'
'ENG_THT2L','FI501792','MEM_TQ8OB',21.00,0.152,'Occasional','Morning',7,1,'Gaming','Both','Always'
'ENG_JRIO5','FI710685','MEM_1E41H',77.60,0.452,'Occasional','Night',7,16,'Chat','Translated','Sometimes'
'ENG_V6MTO','FI790909','MEM_VIEJQ',22.80,0.753,'Weekly','Night',7,5,'Gaming','Original','Never'
'ENG_DJ5W7','FI469866','MEM_YWKL3',72.00,0.316,'Monthly','Evening',0,13,'Gaming','Translated','Always'
'ENG_JSVBK','FI799703','MEM_CRUV8',3.90,0.560,'Occasional','Evening',2,10,'Dance','Both','Always'
'ENG_8P76A','FI351316','MEM_Z1QFD',19.70,0.976,'Monthly','Morning',5,7,'Dance','Original','Sometimes'
'ENG_1FCVB','FI592348','MEM_6WBO3',59.20,0.719,'Monthly','Night',4,7,'Dance','Translated','Never'
'ENG_7XO5R','FI691989','MEM_VCILQ',63.10,0.096,'Occasional','Evening',4,1,'Chat','Translated','Always'
'ENG_OO9IY','FI698426','MEM_LJF9R',44.70,0.637,'Occasional','Night',2,1,'Gaming','Original','Never'
'ENG_AABEU','FI155273','MEM_YIQKW',24.90,0.674,'Weekly','Evening',0,11,'Gaming','Both','Sometimes'
'ENG_U7F66','FI319575','MEM_JPWW3',28.40,0.009,'Weekly','Afternoon',6,10,'Dance','Translated','Always'
'ENG_RNU15','FI619356','MEM_ANBGN',17.00,0.477,'Weekly','Evening',3,8,'Music','Original','Never'
'ENG_NFCYR','FI464385','MEM_SXRJ1',78.00,0.741,'Occasional','Night',3,13,'Dance','Translated','Sometimes'
'ENG_LVPGA','FI462975','MEM_D7IO0',87.00,0.957,'Occasional','Afternoon',7,12,'Chat','Original','Sometimes'
'ENG_SLDJG','FI166088','MEM_96R0F',32.30,0.773,'Occasional','Night',4,1,'Dance','Translated','Always'
'ENG_5TWLC','FI318544','MEM_YMTAM',40.60,0.663,'Monthly','Morning',6,2,'Dance','Original','Sometimes'
'ENG_TZ5B2','FI985494','MEM_JOC42',89.80,0.438,'Daily','Night',1,15,'Dance','Both','Always'
'ENG_KFII3','FI645349','MEM_KFTZV',77.80,0.755,'Weekly','Evening',2,9,'Chat','Original','Sometimes'
'ENG_VN08D','FI121796','MEM_ARR3J',37.90,0.717,'Daily','Morning',3,13,'Chat','Original','Never'
'ENG_WQ2NI','FI518857','MEM_ECF8V',5.00,0.906,'Monthly','Evening',5,14,'Chat','Original','Always'
'ENG_IHZ7Z','FI506598','MEM_4EWR4',90.20,0.034,'Daily','Evening',5,18,'Dance','Translated','Sometimes'
'ENG_0U5EP','FI288502','MEM_H8FTO',1.70,0.535,'Occasional','Afternoon',1,1,'Gaming','Translated','Sometimes'
'ENG_RY6Z5','FI947732','MEM_1OO27',16.30,0.111,'Weekly','Night',7,19,'Gaming','Original','Sometimes'
'ENG_S2CXE','FI380090','MEM_FPHIM',18.50,0.751,'Monthly','Afternoon',4,16,'Music','Original','Never'
'ENG_0KNU5','FI803051','MEM_49A2K',26.20,0.926,'Monthly','Morning',2,12,'Dance','Translated','Sometimes'
'ENG_BIQN9','FI228786','MEM_RI81L',11.00,0.868,'Weekly','Afternoon',7,18,'Music','Original','Never'
'ENG_589UP','FI223358','MEM_GEDWS',58.70,0.769,'Occasional','Afternoon',0,3,'Dance','Original','Sometimes'
'ENG_F4WN4','FI943676','MEM_5EOF0',72.30,0.394,'Daily','Afternoon',4,20,'Chat','Both','Never'
'ENG_NA21O','FI939846','MEM_E9LOO',50.10,0.030,'Daily','Night',3,15,'Music','Both','Sometimes'
'ENG_C68ZY','FI146365','MEM_XEAXT',96.20,0.413,'Monthly','Afternoon',1,17,'Gaming','Both','Never'
'ENG_2R1LF','FI483791','MEM_IQTMG',31.50,0.330,'Weekly','Morning',6,9,'Dance','Translated','Always'
'ENG_ZXZ72','FI156436','MEM_151NO',88.70,0.252,'Weekly','Afternoon',3,1,'Music','Translated','Always'
'ENG_X5CCI','FI790741','MEM_8K3IC',41.30,0.328,'Daily','Afternoon',4,13,'Dance','Translated','Always'
'ENG_JNQ9T','FI983323','MEM_MMFTK',81.20,0.650,'Monthly','Night',0,18,'Dance','Translated','Sometimes'
'ENG_12V1R','FI168325','MEM_C1ZC0',99.80,0.996,'Monthly','Afternoon',2,2,'Dance','Translated','Never'
'ENG_S8T1A','FI289974','MEM_XPIAE',1.60,0.904,'Weekly','Afternoon',2,13,'Dance','Both','Always'
'ENG_FOPBL','FI361002','MEM_79LAK',60.20,0.553,'Weekly','Morning',5,19,'Dance','Both','Sometimes'
'ENG_NVWLT','FI681010','MEM_S30C5',84.00,0.492,'Occasional','Night',7,14,'Dance','Both','Always'
'ENG_IC75T','FI367569','MEM_UGKHQ',32.10,0.677,'Monthly','Afternoon',2,17,'Gaming','Translated','Never'
'ENG_YK43S','FI912031','MEM_CIZJP',34.30,0.644,'Daily','Evening',7,4,'Music','Translated','Sometimes'
'ENG_70V20','FI718748','MEM_MZFN7',26.20,0.057,'Daily','Night',6,13,'Gaming','Original','Never'
'ENG_SQ78J','FI781487','MEM_J2X4G',5.20,0.431,'Monthly','Morning',1,6,'Dance','Original','Sometimes'
'ENG_BF1JB','FI574698','MEM_OTCWZ',51.20,0.585,'Occasional','Morning',7,20,'Chat','Both','Sometimes'
'ENG_HEOS7','FI536557','MEM_GDIFN',70.30,0.192,'Monthly','Night',0,17,'Chat','Translated','Always'
'ENG_159N3','FI212083','MEM_4F21Q',90.50,0.702,'Occasional','Morning',7,4,'Gaming','Translated','Sometimes'
'ENG_1YSWX','FI596449','MEM_FTXVT',97.90,0.348,'Monthly','Night',7,12,'Gaming','Translated','Always'
'ENG_PJOQP','FI845212','MEM_9OKE6',56.30,0.104,'Occasional','Evening',0,5,'Gaming','Translated','Sometimes'
'ENG_UZZ7F','FI156407','MEM_CWQDT',35.40,0.980,'Occasional','Afternoon',3,16,'Dance','Both','Never'
'ENG_Q3E8G','FI368219','MEM_04NY0',83.20,0.903,'Weekly','Morning',3,7,'Gaming','Both','Never'
'ENG_YJI23','FI598768','MEM_N4FRX',9.90,0.858,'Weekly','Evening',1,13,'Chat','Translated','Sometimes'
'ENG_LDR4B','FI747396','MEM_QGGC4',3.40,0.465,'Weekly','Morning',1,3,'Gaming','Translated','Never'
'ENG_1XDO7','FI534823','MEM_L1VOU',24.50,0.749,'Monthly','Afternoon',0,1,'Music','Both','Always'
'ENG_EXXEY','FI760428','MEM_XIO22',98.80,0.540,'Monthly','Morning',5,7,'Gaming','Both','Never'
'ENG_IHC54','FI629718','MEM_579LQ',93.40,0.262,'Occasional','Night',1,6,'Dance','Translated','Never'
'ENG_FUM5F','FI834760','MEM_K7DJZ',15.50,0.782,'Daily','Afternoon',0,18,'Gaming','Both','Sometimes'
'ENG_HHO64','FI878647','MEM_4CED0',82.00,0.384,'Monthly','Night',5,8,'Dance','Both','Always'
'ENG_CJL5M','FI706610','MEM_YUDSJ',10.80,0.318,'Occasional','Night',0,7,'Dance','Both','Always'
'ENG_BVBRO','FI829924','MEM_DBS32',62.10,0.469,'Monthly','Evening',6,12,'Music','Original','Always'
'ENG_MV3VJ','FI649720','MEM_0CYJW',87.50,0.064,'Occasional','Afternoon',6,13,'Gaming','Translated','Sometimes'
'ENG_5FLXB','FI633911','MEM_8UBHJ',3.30,0.964,'Monthly','Evening',3,18,'Chat','Original','Sometimes'
'ENG_B9H41','FI973298','MEM_P19JP',36.80,0.511,'Weekly','Night',0,13,'Dance','Translated','Never'
'ENG_61NP8','FI800597','MEM_NXKV9',19.50,0.038,'Monthly','Afternoon',3,3,'Dance','Original','Never'
'ENG_2RCKP','FI543736','MEM_Q2LCI',32.30,0.477,'Occasional','Morning',2,11,'Gaming','Both','Never'
'ENG_8LJ4B','FI352399','MEM_GYE7M',56.70,0.863,'Occasional','Evening',0,12,'Chat','Both','Sometimes'
'ENG_294BK','FI383462','MEM_V7EEJ',9.10,0.229,'Weekly','Evening',2,14,'Gaming','Original','Sometimes'
'ENG_OU5QA','FI313148','MEM_ZEP42',92.40,0.523,'Weekly','Night',2,3,'Chat','Both','Sometimes'
'ENG_VOS3V','FI770033','MEM_FXS60',98.60,0.195,'Occasional','Afternoon',6,8,'Chat','Both','Sometimes'
'ENG_DN8OW','FI844825','MEM_SBDP0',62.80,0.376,'Daily','Evening',3,3,'Chat','Original','Always'
'ENG_NPLY0','FI973179','MEM_GDT67',94.60,0.712,'Daily','Night',1,17,'Gaming','Translated','Never'
'ENG_BPG9R','FI678834','MEM_S6YW0',83.40,0.180,'Occasional','Night',5,3,'Chat','Both','Never'
'ENG_29GOD','FI620048','MEM_82O09',74.80,0.551,'Weekly','Afternoon',6,2,'Music','Both','Sometimes'
'ENG_V3DDJ','FI345532','MEM_RE0X0',99.70,0.195,'Daily','Night',2,10,'Music','Original','Always'
'ENG_5ATXG','FI560470','MEM_9URGV',78.80,0.153,'Occasional','Afternoon',6,17,'Dance','Original','Never'
'ENG_3HPRD','FI767538','MEM_EOIPO',37.30,0.252,'Daily','Evening',0,6,'Gaming','Translated','Never'
'ENG_LQSZG','FI169902','MEM_RMSBK',64.60,0.845,'Daily','Evening',7,14,'Dance','Both','Never'
'ENG_LGET5','FI105590','MEM_KZRYS',25.50,0.443,'Occasional','Evening',5,8,'Chat','Both','Always'
'ENG_2KYYR','FI170717','MEM_5P9K2',2.60,0.808,'Occasional','Night',4,13,'Music','Translated','Sometimes'
'ENG_ZYEY9','FI812302','MEM_JHCBM',71.20,0.829,'Occasional','Morning',7,3,'Music','Translated','Sometimes'
'ENG_GI9D4','FI466120','MEM_O0D91',79.90,0.417,'Weekly','Afternoon',5,20,'Chat','Both','Always'
'ENG_2OQ71','FI623932','MEM_U2HRV',23.50,0.708,'Daily','Night',3,18,'Music','Translated','Sometimes'
'ENG_VOFDB','FI923377','MEM_0NQ5L',69.70,0.874,'Monthly','Morning',1,4,'Gaming','Both','Sometimes'
'ENG_9ECQO','FI665697','MEM_GO1R5',14.50,0.529,'Occasional','Morning',6,17,'Dance','Both','Always'
'ENG_ABTFO','FI586419','MEM_1MJBJ',48.50,0.187,'Weekly','Night',3,15,'Chat','Translated','Never'
'ENG_SJN06','FI909288','MEM_S9ABQ',72.70,0.415,'Occasional','Afternoon',0,9,'Chat','Translated','Always'
'ENG_308EJ','FI933234','MEM_35QMY',89.40,0.069,'Occasional','Afternoon',7,2,'Chat','Both','Sometimes'
'ENG_F79TW','FI963478','MEM_ZVEZO',13.80,0.637,'Daily','Evening',3,10,'Music','Both','Sometimes'
'ENG_V4VXU','FI674292','MEM_FWM7G',29.20,0.950,'Daily','Evening',1,19,'Dance','Both','Sometimes'
'ENG_F99MW','FI997284','MEM_TWSX3',36.30,0.548,'Occasional','Evening',2,3,'Music','Translated','Always'
'ENG_NK2CK','FI562955','MEM_PJ0RO',38.20,0.487,'Weekly','Evening',6,16,'Gaming','Both','Always'
'ENG_LFW6Z','FI252829','MEM_3DDMP',78.80,0.583,'Weekly','Afternoon',5,3,'Gaming','Both','Sometimes'
'ENG_7RTVE','FI492002','MEM_0E42M',54.60,0.426,'Weekly','Night',5,15,'Music','Both','Sometimes'
'ENG_UFTCU','FI626751','MEM_AMO5K',27.70,0.457,'Monthly','Morning',1,11,'Gaming','Original','Sometimes'
'ENG_0UFQ7','FI234433','MEM_SVHMB',25.70,0.073,'Monthly','Morning',2,18,'Gaming','Translated','Never'
'ENG_ZXV93','FI279775','MEM_B9GXM',51.10,0.106,'Daily','Morning',4,16,'Gaming','Both','Never'
'ENG_4EA3O','FI285779','MEM_76DWB',53.80,0.519,'Weekly','Night',2,3,'Gaming','Original','Never'
'ENG_O6FHQ','FI682466','MEM_CESU1',80.50,0.225,'Weekly','Morning',3,17,'Gaming','Translated','Sometimes'
'ENG_32Z22','FI821791','MEM_KJG3R',31.00,0.580,'Weekly','Morning',3,16,'Gaming','Both','Never'
'ENG_J5M0C','FI618176','MEM_BRWT7',93.20,0.611,'Occasional','Morning',3,7,'Gaming','Original','Never'
'ENG_TJO12','FI502484','MEM_ID5GK',67.40,0.834,'Occasional','Afternoon',2,17,'Gaming','Translated','Always'
'ENG_DMKDL','FI406457','MEM_ZOTW1',23.60,0.774,'Weekly','Evening',4,9,'Gaming','Original','Always'
'ENG_K2OSJ','FI998472','MEM_U22MQ',14.40,0.469,'Occasional','Morning',3,11,'Dance','Original','Sometimes'
'ENG_MDNVV','FI432931','MEM_HXQIY',82.80,0.081,'Weekly','Night',7,16,'Music','Translated','Sometimes'
'ENG_NA92V','FI490055','MEM_71VAM',96.30,0.112,'Occasional','Morning',5,2,'Gaming','Translated','Always'
'ENG_2YOLG','FI627727','MEM_V0UVV',58.90,0.513,'Monthly','Evening',1,11,'Gaming','Translated','Always'
'ENG_9UAHT','FI322389','MEM_UAUPD',56.10,0.871,'Weekly','Morning',2,10,'Chat','Original','Sometimes'
'ENG_BCJRY','FI875032','MEM_RLD8K',37.80,0.719,'Occasional','Evening',0,20,'Gaming','Original','Sometimes'
'ENG_LIA3E','FI248068','MEM_QVT2B',29.20,0.543,'Occasional','Evening',1,13,'Music','Translated','Always'
'ENG_I2NXA','FI824038','MEM_JE75K',71.30,0.786,'Weekly','Afternoon',7,10,'Dance','Both','Sometimes'
'ENG_NYYPF','FI234942','MEM_4OARH',31.80,0.992,'Monthly','Afternoon',2,2,'Gaming','Both','Always'
'ENG_YSVN3','FI574834','MEM_M4L9Z',38.90,0.707,'Daily','Morning',7,6,'Music','Original','Never'
'ENG_EIWUL','FI346965','MEM_CI3IB',93.40,0.548,'Occasional','Evening',3,20,'Dance','Original','Never'
'ENG_SY33B','FI553508','MEM_X6BF3',67.60,0.478,'Monthly','Afternoon',2,2,'Gaming','Translated','Always'
'ENG_5W2WA','FI315414','MEM_87N1G',88.00,0.365,'Daily','Morning',5,1,'Chat','Original','Sometimes'
'ENG_CA45L','FI949906','MEM_RHT5M',53.50,0.801,'Monthly','Morning',3,11,'Music','Translated','Sometimes'
'ENG_JY50P','FI644192','MEM_76DRJ',71.60,0.951,'Weekly','Night',4,10,'Gaming','Translated','Sometimes'
'ENG_QZU42','FI145420','MEM_Q2DOF',64.40,0.839,'Daily','Morning',6,7,'Gaming','Both','Always'
'ENG_7OL4V','FI301845','MEM_IUI7K',47.30,0.713,'Daily','Night',0,13,'Music','Both','Never'
'ENG_7K6ZE','FI768741','MEM_KMBFZ',11.50,0.929,'Weekly','Morning',4,6,'Music','Original','Always'
'ENG_WHD8S','FI920818','MEM_E8G7I',44.30,0.468,'Occasional','Afternoon',4,13,'Dance','Translated','Always'
'ENG_P2H8R','FI591650','MEM_QBB3B',61.80,0.098,'Monthly','Evening',2,9,'Gaming','Translated','Sometimes'
'ENG_T0N6J','FI303585','MEM_W1TL6',86.60,0.248,'Monthly','Afternoon',5,10,'Dance','Both','Always'
'ENG_3R6TZ','FI629689','MEM_S62W4',53.30,0.384,'Occasional','Morning',0,7,'Dance','Both','Always'
'ENG_2SW7V','FI410111','MEM_DDCXW',7.40,0.254,'Daily','Morning',5,3,'Music','Translated','Always'
'ENG_Y8APG','FI596417','MEM_5XXTB',37.80,0.300,'Occasional','Evening',7,19,'Dance','Both','Never'
'ENG_WFV0A','FI297345','MEM_XAU77',26.50,0.174,'Daily','Night',5,13,'Dance','Translated','Always'
'ENG_5PCLQ','FI736007','MEM_PQBGH',36.60,0.995,'Monthly','Morning',2,2,'Music','Translated','Always'
'ENG_57L72','FI310098','MEM_KHJM8',84.40,0.354,'Occasional','Afternoon',1,18,'Music','Translated','Never'
'ENG_I5CRK','FI876675','MEM_RGPQ1',81.40,0.679,'Weekly','Night',5,4,'Music','Both','Never'
'ENG_4DILW','FI503604','MEM_5U594',8.70,0.115,'Occasional','Afternoon',2,13,'Chat','Original','Always'
'ENG_Y5TUQ','FI306275','MEM_1IEIS',66.20,0.348,'Monthly','Afternoon',4,14,'Music','Translated','Sometimes'
'ENG_2XPEG','FI117404','MEM_FJZ8D',60.20,0.745,'Weekly','Afternoon',3,13,'Music','Original','Sometimes'
'ENG_0VIV6','FI267859','MEM_ATOG5',19.90,0.080,'Occasional','Night',5,17,'Gaming','Both','Never'
'ENG_I6D0G','FI528755','MEM_UJLS9',41.90,0.668,'Monthly','Afternoon',6,9,'Chat','Translated','Never'
'ENG_J5MVE','FI565602','MEM_YP5GG',80.60,0.846,'Occasional','Morning',2,3,'Music','Original','Sometimes'
'ENG_JAKBS','FI222444','MEM_TIX55',32.90,0.934,'Monthly','Morning',5,19,'Dance','Translated','Always'
'ENG_DARMI','FI731475','MEM_S34W3',33.20,0.120,'Daily','Afternoon',1,6,'Dance','Both','Never'
'ENG_3MLK9','FI370994','MEM_6VTDF',71.00,0.320,'Occasional','Afternoon',3,12,'Music','Original','Sometimes'
'ENG_BGZF3','FI451943','MEM_8H7NJ',36.90,0.612,'Daily','Evening',6,8,'Gaming','Translated','Never'
'ENG_CSDMG','FI521939','MEM_DG4Z6',91.80,0.481,'Monthly','Afternoon',2,8,'Dance','Both','Always'
'ENG_J4WHW','FI249750','MEM_I6SH2',82.30,0.811,'Occasional','Night',7,12,'Music','Original','Sometimes'
'ENG_RUHC7','FI851625','MEM_9H7IP',43.30,0.606,'Monthly','Morning',2,18,'Music','Original','Always'
'ENG_KCHOD','FI635345','MEM_7X5UI',4.60,0.919,'Weekly','Evening',4,15,'Chat','Original','Never'
'ENG_RY210','FI355532','MEM_A1NTG',0.70,0.730,'Monthly','Evening',4,11,'Music','Original','Never'
'ENG_0O96N','FI709085','MEM_M6GEE',36.50,0.322,'Occasional','Evening',0,12,'Gaming','Original','Never'
'ENG_050R1','FI266909','MEM_71DR5',8.50,0.624,'Daily','Afternoon',5,14,'Dance','Original','Always'
'ENG_CMSDM','FI212927','MEM_F9DOT',64.30,0.361,'Monthly','Morning',5,18,'Gaming','Original','Always'
'ENG_CCGFM','FI367774','MEM_XHU2T',12.70,0.784,'Monthly','Morning',5,15,'Music','Translated','Never'
'ENG_4PNG9','FI200271','MEM_B3GQO',37.70,0.334,'Occasional','Evening',1,3,'Chat','Both','Sometimes'
'ENG_H20VI','FI951050','MEM_XBB04',28.90,0.625,'Monthly','Morning',5,11,'Music','Both','Never'
'ENG_ZE2ST','FI505310','MEM_C6H8Q',16.50,0.600,'Daily','Morning',2,14,'Music','Both','Always'
'ENG_RDGFA','FI344059','MEM_ZY1Z4',61.50,0.423,'Weekly','Afternoon',7,16,'Music','Translated','Always'
'ENG_BAMRC','FI380415','MEM_19GSB',52.10,0.122,'Monthly','Night',4,18,'Gaming','Original','Never'
'ENG_N118S','FI992654','MEM_MEBSS',47.00,0.502,'Daily','Morning',1,11,'Gaming','Translated','Always'
'ENG_E2DIF','FI929045','MEM_4Q6KH',16.50,0.438,'Occasional','Morning',7,6,'Gaming','Translated','Never'
'ENG_T8B1L','FI551625','MEM_TBTXJ',39.00,0.783,'Occasional','Afternoon',7,18,'Gaming','Original','Never'
'ENG_ITTCX','FI522347','MEM_W1H8J',18.90,0.707,'Occasional','Afternoon',1,13,'Chat','Both','Never'
'ENG_0F7DB','FI292644','MEM_UMG7O',79.60,0.893,'Weekly','Morning',4,17,'Chat','Original','Always'
'ENG_I5LVB','FI491668','MEM_0EXUI',49.90,0.984,'Monthly','Morning',7,16,'Dance','Translated','Sometimes'
'ENG_8I0JY','FI564793','MEM_PYAKT',48.10,0.401,'Occasional','Morning',2,15,'Gaming','Translated','Always'
'ENG_HSDF7','FI171281','MEM_UYG2T',86.70,0.866,'Weekly','Night',7,9,'Chat','Original','Sometimes'
'ENG_SS86D','FI232854','MEM_YM8LX',92.60,0.929,'Weekly','Night',1,4,'Chat','Original','Sometimes'
'ENG_6XD24','FI680842','MEM_LDWI2',47.30,0.396,'Occasional','Evening',2,15,'Chat','Original','Never'
'ENG_BSQ55','FI214235','MEM_8OKFU',51.50,0.997,'Monthly','Night',5,9,'Music','Both','Never'
'ENG_XDZVT','FI857500','MEM_3CE27',72.50,0.533,'Daily','Night',2,2,'Music','Original','Always'
'ENG_W924B','FI295563','MEM_LPDXF',78.60,0.660,'Weekly','Afternoon',7,3,'Music','Translated','Sometimes'
'ENG_KRZ1Q','FI559255','MEM_991GF',31.60,0.248,'Daily','Morning',2,9,'Dance','Both','Sometimes'
'ENG_S76J8','FI758549','MEM_IPULY',41.20,0.071,'Weekly','Evening',5,1,'Chat','Both','Sometimes'
'ENG_NYU5A','FI503874','MEM_Q583Q',66.90,0.903,'Occasional','Afternoon',4,7,'Chat','Translated','Sometimes'
'ENG_4PYMQ','FI970404','MEM_WHMEH',46.50,0.374,'Occasional','Morning',7,15,'Gaming','Translated','Never'
'ENG_LMV3P','FI651989','MEM_6CFX4',39.30,0.746,'Daily','Evening',4,19,'Gaming','Translated','Sometimes'
'ENG_2UIHN','FI625384','MEM_3U86U',30.60,0.182,'Monthly','Evening',7,8,'Gaming','Both','Always'
'ENG_BOV7Z','FI286525','MEM_1YRLA',23.20,0.741,'Monthly','Afternoon',1,11,'Music','Translated','Sometimes'
'ENG_1Q85V','FI968673','MEM_M35KR',25.30,0.069,'Daily','Night',1,9,'Chat','Both','Always'
'ENG_S45W6','FI236236','MEM_GLCHY',96.10,0.848,'Occasional','Afternoon',3,2,'Gaming','Original','Never'
'ENG_MV2NU','FI142199','MEM_6LRTG',95.70,0.142,'Occasional','Evening',1,17,'Chat','Translated','Sometimes'
'ENG_ITYBN','FI630870','MEM_16QUJ',15.60,0.379,'Daily','Morning',3,19,'Dance','Original','Never'
'ENG_XQA49','FI152269','MEM_BTMFD',31.00,0.092,'Occasional','Evening',5,19,'Dance','Original','Sometimes'
'ENG_E3YWO','FI672183','MEM_E6MFN',42.00,0.447,'Daily','Evening',4,1,'Dance','Both','Sometimes'
'ENG_SBDXV','FI443469','MEM_0GZ5I',54.90,0.777,'Monthly','Evening',7,9,'Dance','Translated','Never'
'ENG_54OB1','FI445692','MEM_39ZD2',37.90,0.717,'Daily','Afternoon',5,13,'Dance','Original','Never'
'ENG_DCDNH','FI770230','MEM_IX15Q',16.20,0.266,'Monthly','Night',3,8,'Music','Original','Always'
'ENG_Z6V9M','FI671271','MEM_G39BL',53.70,0.593,'Occasional','Afternoon',3,16,'Chat','Original','Always'
'ENG_1XWSB','FI352155','MEM_09SUV',7.20,0.656,'Daily','Afternoon',3,8,'Music','Original','Never'
'ENG_SVRRR','FI128695','MEM_2HB4S',84.30,0.577,'Daily','Afternoon',5,4,'Gaming','Translated','Sometimes'
'ENG_J9URT','FI548878','MEM_8F7PC',59.30,0.935,'Monthly','Morning',2,11,'Dance','Both','Always'
'ENG_QNNR0','FI568029','MEM_89ZO1',11.50,0.943,'Weekly','Afternoon',1,20,'Chat','Translated','Always'
'ENG_NEYMV','FI893574','MEM_X39EY',60.10,0.405,'Daily','Afternoon',1,5,'Chat','Original','Sometimes'
'ENG_5758M','FI371309','MEM_JCT8I',1.70,0.490,'Occasional','Night',1,18,'Gaming','Original','Always'
'ENG_K53KS','FI707316','MEM_MNM3A',72.40,0.592,'Weekly','Night',7,3,'Dance','Both','Always'
'ENG_RPO9K','FI492968','MEM_EF7RI',61.10,0.804,'Weekly','Morning',5,11,'Chat','Translated','Sometimes'
'ENG_3KSYK','FI927068','MEM_IJKL7',20.30,0.641,'Weekly','Night',4,14,'Dance','Translated','Never'
'ENG_8BTAR','FI283220','MEM_TMGWO',74.00,0.154,'Occasional','Evening',6,13,'Music','Translated','Never'
'ENG_NU7V9','FI105197','MEM_XWCQT',81.20,0.020,'Monthly','Afternoon',0,6,'Dance','Both','Never'
'ENG_3MP5D','FI323844','MEM_7P9RH',57.00,0.152,'Monthly','Night',0,19,'Music','Both','Always'
'ENG_I1IQO','FI255625','MEM_UD9ML',52.00,0.426,'Occasional','Night',1,20,'Chat','Both','Sometimes'
'ENG_TSTDJ','FI765371','MEM_TSXHS',41.80,0.986,'Weekly','Morning',5,3,'Gaming','Both','Always'
'ENG_K5LL3','FI896920','MEM_3KUMJ',9.00,0.188,'Monthly','Evening',2,3,'Gaming','Both','Always'
'ENG_2JLQN','FI817861','MEM_3XDYO',71.60,0.424,'Occasional','Evening',6,19,'Gaming','Translated','Sometimes'
'ENG_UQO1N','FI456369','MEM_QZZTZ',24.40,0.059,'Daily','Morning',1,9,'Dance','Translated','Always'
'ENG_ZSX4X','FI614200','MEM_2ZMED',37.80,0.633,'Monthly','Evening',2,3,'Dance','Original','Never'
'ENG_X1MWB','FI160608','MEM_EYBOL',16.50,0.851,'Weekly','Morning',1,20,'Music','Both','Always'
'ENG_162CE','FI355624','MEM_QBRG3',4.80,0.487,'Weekly','Evening',3,16,'Chat','Translated','Never'
'ENG_GC3B1','FI350602','MEM_OH9OJ',9.40,0.145,'Occasional','Night',1,18,'Gaming','Original','Sometimes'
'ENG_XKL8R','FI324907','MEM_N4WFR',31.00,0.580,'Monthly','Afternoon',0,1,'Chat','Translated','Never'
'ENG_NZSE4','FI597536','MEM_CON97',78.00,0.946,'Monthly','Evening',4,6,'Chat','Translated','Sometimes'
'ENG_XENXA','FI345178','MEM_NJKGN',98.00,0.234,'Monthly','Night',7,19,'Gaming','Translated','Sometimes'
'ENG_7UKIL','FI125264','MEM_K6AGA',71.10,0.069,'Weekly','Morning',2,9,'Gaming','Both','Never'
'ENG_3JOKI','FI867402','MEM_PWOWL',96.80,0.808,'Weekly','Evening',2,16,'Chat','Original','Sometimes'
'ENG_B3EYX','FI775828','MEM_AST0W',18.20,0.499,'Monthly','Afternoon',7,6,'Gaming','Both','Always'
'ENG_15D4I','FI440849','MEM_RYV54',70.70,0.355,'Weekly','Morning',4,15,'Music','Original','Sometimes'
'ENG_DYM8N','FI717349','MEM_R0XED',31.10,0.464,'Monthly','Afternoon',5,1,'Gaming','Original','Never'
'ENG_14GJH','FI123289','MEM_OTW14',99.80,0.916,'Occasional','Afternoon',0,6,'Music','Both','Always'
'ENG_EVTSE','FI439720','MEM_P9IAQ',12.80,0.589,'Daily','Evening',2,12,'Gaming','Both','Always'
'ENG_9YA9O','FI809131','MEM_HOMZF',55.50,0.980,'Occasional','Night',0,3,'Music','Both','Sometimes'
'ENG_RB09G','FI800592','MEM_SB58S',93.80,0.911,'Daily','Evening',0,3,'Chat','Translated','Sometimes'
'ENG_Z3XY5','FI285134','MEM_RP10Z',8.30,0.973,'Weekly','Night',0,9,'Chat','Translated','Never'
'ENG_FUW5E','FI676696','MEM_A4TUJ',87.50,0.625,'Daily','Afternoon',4,4,'Chat','Original','Never'
'ENG_NNGI9','FI813892','MEM_ZR3Y0',32.80,0.434,'Occasional','Afternoon',4,9,'Dance','Both','Always'
'ENG_QALVL','FI686539','MEM_SRS1N',31.40,0.465,'Daily','Night',2,1,'Dance','Translated','Sometimes'
'ENG_RV9MV','FI239067','MEM_95ILE',37.10,0.358,'Occasional','Night',6,17,'Chat','Original','Always'
'ENG_9Z3P7','FI729544','MEM_NAVX1',74.00,0.470,'Weekly','Night',3,4,'Chat','Original','Sometimes'
'ENG_3N13P','FI603842','MEM_Q2FPA',90.90,0.741,'Daily','Morning',5,6,'Music','Original','Sometimes'
'ENG_4OQAR','FI339513','MEM_YUEJL',66.80,0.876,'Occasional','Afternoon',7,2,'Music','Translated','Never'
'ENG_CAN7M','FI812106','MEM_2IMMV',3.00,0.766,'Monthly','Afternoon',0,3,'Dance','Translated','Never'
'ENG_ZR112','FI958823','MEM_0ZFY0',78.60,0.524,'Monthly','Morning',1,7,'Dance','Both','Sometimes'
'ENG_PEAYW','FI310993','MEM_V8J6Q',28.40,0.388,'Daily','Afternoon',3,3,'Gaming','Translated','Never'
'ENG_GLLU2','FI495119','MEM_49IBN',11.20,0.407,'Daily','Morning',2,10,'Music','Original','Always'
'ENG_W6D9T','FI511348','MEM_E34CE',37.90,0.543,'Daily','Night',0,11,'Chat','Both','Sometimes'
'ENG_K88AB','FI136234','MEM_717QW',3.40,0.504,'Weekly','Night',3,14,'Gaming','Original','Sometimes'
'ENG_N3GK2','FI513339','MEM_EOJ3O',76.00,0.378,'Daily','Afternoon',3,18,'Dance','Translated','Always'
'ENG_QR042','FI468321','MEM_DO0BT',53.20,0.295,'Daily','Evening',5,1,'Music','Translated','Never'
'ENG_27RM9','FI991729','MEM_LW1T8',23.60,0.689,'Monthly','Evening',2,17,'Dance','Both','Never'
'ENG_0VMEB','FI631189','MEM_RMJNV',81.20,0.984,'Daily','Afternoon',1,11,'Dance','Translated','Never'
'ENG_39PED','FI659858','MEM_2W7Y3',33.40,0.129,'Monthly','Evening',6,3,'Gaming','Original','Sometimes'
'ENG_JBXZR','FI661592','MEM_CM7CT',25.80,0.436,'Monthly','Night',2,14,'Dance','Translated','Never'
'ENG_6QAN7','FI494009','MEM_P7SWM',6.90,0.319,'Occasional','Morning',4,8,'Gaming','Translated','Never'
'ENG_T76F8','FI851185','MEM_KT0QF',99.20,0.985,'Monthly','Evening',2,18,'Music','Both','Never'
'ENG_S8NE7','FI550732','MEM_DEUAV',67.50,0.115,'Weekly','Evening',7,6,'Dance','Original','Never'
'ENG_MRE8M','FI405909','MEM_WT6LA',9.20,0.902,'Weekly','Morning',7,3,'Gaming','Translated','Never'
'ENG_1N3RY','FI168255','MEM_RL03H',73.60,0.196,'Monthly','Morning',7,1,'Dance','Both','Always'
'ENG_BGCNP','FI609087','MEM_ZXIOC',45.70,0.731,'Weekly','Evening',2,1,'Dance','Original','Always'
'ENG_346KS','FI881722','MEM_57BHZ',59.70,0.344,'Monthly','Afternoon',3,10,'Music','Both','Never'
'ENG_UT92A','FI556648','MEM_N5JA8',55.10,0.944,'Weekly','Afternoon',4,10,'Dance','Translated','Sometimes'
