'MEM_QCM5T','FAN55719','Free',194,6265.46,'Occasional','Credit Card'
'MEM_KGCEJ','FAN75581','Basic',798,9993.63,'Weekly','Mobile Payment'
'MEM_P91DJ','FAN27370','Diamond',36,6280.49,'Occasional','PayPal'
'MEM_HVZ7O','FAN83813','Basic',987,8837.60,'Occasional','PayPal'
'MEM_A4G6Q','FAN15741','Premium',24,8457.61,'Monthly','Credit Card'
'MEM_Z2WHS','FAN62295','Premium',93,4302.88,'Monthly','Credit Card'
'MEM_8QIK4','FAN29489','Free',526,1023.87,'Weekly','PayPal'
'MEM_GSSNJ','FAN35728','Premium',65,7568.85,'Daily','Crypto'
'MEM_A5CZH','FAN68495','Basic',441,2030.34,'Monthly','Mobile Payment'
'MEM_0X7U9','FAN62925','Diamond',1010,2408.25,'Daily','Credit Card'
'MEM_SRXZJ','FAN80655','Premium',1051,1517.74,'Occasional','Credit Card'
'MEM_91964','FAN40145','Basic',784,6174.65,'Daily','Mobile Payment'
'MEM_2QN8I','FAN53081','Premium',223,638.59,'Weekly','Crypto'
'MEM_WIR89','FAN92710','Basic',1058,4865.59,'Daily','PayPal'
'MEM_2RY22','FAN40600','Premium',443,9604.38,'Weekly','Mobile Payment'
'MEM_3S0NI','FAN74419','Basic',560,7161.96,'Daily','Crypto'
'MEM_5AEZO','FAN95411','Free',401,714.95,'Weekly','Mobile Payment'
'MEM_3CLFB','FAN93868','Free',278,4923.74,'Daily','Crypto'
'MEM_9B7QH','FAN10883','Diamond',458,1198.11,'Occasional','Crypto'
'MEM_AVDOU','FAN11814','Free',1022,1090.16,'Daily','Crypto'
'MEM_LVYIC','FAN61694','Diamond',715,9430.03,'Daily','Crypto'
'MEM_SM7RS','FAN22199','Free',54,5213.26,'Weekly','Crypto'
'MEM_IOK7W','FAN97144','Diamond',639,9055.27,'Daily','Crypto'
'MEM_DEKRI','FAN63295','Basic',959,9069.53,'Monthly','Crypto'
'MEM_E5OXG','FAN27947','Basic',988,2118.00,'Weekly','Mobile Payment'
'MEM_61HS7','FAN25846','Basic',720,5902.28,'Monthly','Credit Card'
'MEM_SEFSY','FAN96275','Premium',907,7726.79,'Monthly','Crypto'
'MEM_BMZHM','FAN76827','Free',870,98.12,'Monthly','Crypto'
'MEM_FRUQ9','FAN94632','Diamond',1060,700.51,'Daily','Mobile Payment'
'MEM_J3ZR6','FAN72269','Basic',1048,3028.92,'Monthly','PayPal'
'MEM_UOHAG','FAN38633','Basic',353,2392.85,'Monthly','Crypto'
'MEM_ARWK0','FAN57951','Diamond',672,7317.39,'Monthly','Mobile Payment'
'MEM_CU6V6','FAN63369','Basic',979,3240.46,'Monthly','PayPal'
'MEM_5GJDF','FAN31260','Premium',565,4925.02,'Monthly','Mobile Payment'
'MEM_ITS17','FAN82662','Basic',915,8861.01,'Monthly','Crypto'
'MEM_93U3Q','FAN90919','Diamond',691,8333.27,'Daily','Mobile Payment'
'MEM_WTKH9','FAN10128','Basic',767,626.15,'Monthly','Mobile Payment'
'MEM_OKNIN','FAN31387','Free',1037,7512.02,'Occasional','Crypto'
'MEM_2DO2E','FAN57279','Basic',540,5731.64,'Daily','Mobile Payment'
'MEM_LV57U','FAN67149','Basic',863,9396.21,'Occasional','PayPal'
'MEM_D6KJV','FAN95061','Basic',295,7525.70,'Weekly','Crypto'
'MEM_0XXDB','FAN64574','Free',200,7766.51,'Daily','Credit Card'
'MEM_NJ2G4','FAN47528','Basic',100,6087.16,'Monthly','Crypto'
'MEM_ITCON','FAN75572','Free',761,8154.00,'Weekly','Crypto'
'MEM_GQH1Q','FAN88974','Premium',154,9335.98,'Weekly','Credit Card'
'MEM_JYLLF','FAN84044','Free',502,2368.08,'Occasional','PayPal'
'MEM_YU84T','FAN15060','Basic',745,1104.15,'Monthly','Mobile Payment'
'MEM_FJA88','FAN39217','Free',962,3604.15,'Weekly','Credit Card'
'MEM_PCPHZ','FAN32364','Premium',931,3096.78,'Occasional','Mobile Payment'
'MEM_M77B1','FAN18869','Basic',1079,4216.49,'Daily','Mobile Payment'
'MEM_IMRI7','FAN61478','Premium',392,235.68,'Occasional','Mobile Payment'
'MEM_24S5W','FAN97362','Free',463,7669.55,'Weekly','Mobile Payment'
'MEM_40LHJ','FAN11513','Diamond',51,524.93,'Daily','Mobile Payment'
'MEM_J5NML','FAN65205','Free',536,5064.84,'Occasional','Crypto'
'MEM_RXXR5','FAN12990','Basic',569,4732.11,'Monthly','Credit Card'
'MEM_0WGXU','FAN30640','Basic',861,3984.17,'Occasional','Mobile Payment'
'MEM_NDGHM','FAN18028','Basic',686,3428.15,'Occasional','Mobile Payment'
'MEM_MLURU','FAN20528','Free',952,3371.31,'Daily','Credit Card'
'MEM_31RUB','FAN34547','Basic',971,4024.57,'Monthly','PayPal'
'MEM_EHDYR','FAN49135','Free',1052,5818.13,'Occasional','PayPal'
'MEM_LW0IK','FAN83202','Premium',490,5428.50,'Occasional','Credit Card'
'MEM_P5UK1','FAN69253','Diamond',970,8194.87,'Daily','Crypto'
'MEM_JESI4','FAN55502','Basic',620,936.06,'Weekly','PayPal'
'MEM_YXFLA','FAN73754','Diamond',118,1070.50,'Monthly','Crypto'
'MEM_ADF3T','FAN88267','Premium',778,7780.46,'Occasional','PayPal'
'MEM_VKB0A','FAN29171','Diamond',632,1021.67,'Weekly','Mobile Payment'
'MEM_O0A53','FAN13737','Diamond',127,830.29,'Monthly','PayPal'
'MEM_CV8WB','FAN54300','Basic',49,7931.82,'Occasional','Credit Card'
'MEM_CYFP4','FAN53397','Free',329,4974.73,'Weekly','Crypto'
'MEM_E94U9','FAN98240','Premium',1049,3509.92,'Monthly','PayPal'
'MEM_V9E0D','FAN18739','Premium',972,8178.15,'Occasional','Mobile Payment'
'MEM_W82Y8','FAN23000','Free',474,9636.58,'Weekly','Credit Card'
'MEM_MNW7G','FAN61722','Basic',763,6589.73,'Occasional','Credit Card'
'MEM_98G1I','FAN78998','Premium',719,1832.79,'Daily','Credit Card'
'MEM_VKFTE','FAN74990','Free',590,7330.80,'Daily','PayPal'
'MEM_STI3Y','FAN48672','Free',752,6413.48,'Monthly','Mobile Payment'
'MEM_40IHZ','FAN30317','Free',795,1245.44,'Weekly','Crypto'
'MEM_TYBAQ','FAN70201','Free',1013,1997.83,'Monthly','PayPal'
'MEM_2B5UY','FAN30821','Premium',765,4448.01,'Occasional','Crypto'
'MEM_XNTP3','FAN79066','Premium',212,9678.18,'Occasional','Mobile Payment'
'MEM_JPA8T','FAN60267','Diamond',276,119.60,'Weekly','Mobile Payment'
'MEM_29NPO','FAN92950','Free',875,1188.51,'Monthly','PayPal'
'MEM_SG7EQ','FAN27471','Diamond',1076,1368.25,'Occasional','Mobile Payment'
'MEM_BLX4S','FAN39392','Basic',368,8543.03,'Monthly','PayPal'
'MEM_MZ65Z','FAN64335','Premium',852,1229.54,'Weekly','Mobile Payment'
'MEM_UW8KH','FAN54152','Premium',455,2877.72,'Daily','Mobile Payment'
'MEM_SLCXO','FAN66669','Free',1059,4309.35,'Monthly','PayPal'
'MEM_M1T9N','FAN39654','Premium',46,7393.32,'Weekly','Crypto'
'MEM_8GOBS','FAN65940','Diamond',938,1449.99,'Occasional','PayPal'
'MEM_ZDFO7','FAN99138','Free',65,4611.67,'Monthly','Crypto'
'MEM_G4SOL','FAN60116','Premium',801,689.30,'Monthly','PayPal'
'MEM_HSLDR','FAN14120','Free',30,7617.22,'Daily','Mobile Payment'
'MEM_BOUV6','FAN85907','Premium',28,2459.56,'Weekly','Mobile Payment'
'MEM_7A2C4','FAN54614','Premium',173,2780.28,'Monthly','Crypto'
'MEM_V5K3I','FAN77839','Diamond',372,9016.98,'Weekly','Credit Card'
'MEM_BUDLK','FAN25433','Basic',85,3024.77,'Monthly','PayPal'
'MEM_2XNJE','FAN73844','Premium',572,3500.78,'Occasional','Mobile Payment'
'MEM_8G3IA','FAN20933','Basic',752,6553.29,'Occasional','Credit Card'
'MEM_DBFMW','FAN94878','Basic',38,5002.91,'Monthly','Crypto'
'MEM_29MZR','FAN59239','Premium',374,1375.17,'Monthly','PayPal'
'MEM_W4RI0','FAN52965','Diamond',64,6341.90,'Monthly','Mobile Payment'
'MEM_D3ODD','FAN68724','Premium',752,4753.50,'Occasional','Credit Card'
'MEM_OPMFL','FAN83322','Diamond',41,9476.68,'Daily','Mobile Payment'
'MEM_CKF7L','FAN48463','Free',151,9431.06,'Occasional','Crypto'
'MEM_8T3XU','FAN92002','Premium',125,4205.77,'Occasional','Mobile Payment'
'MEM_CWLMB','FAN90578','Basic',909,6573.95,'Occasional','Credit Card'
'MEM_K4W9L','FAN62002','Diamond',158,1064.89,'Monthly','Mobile Payment'
'MEM_40OP4','FAN68412','Free',266,3581.62,'Monthly','Crypto'
'MEM_9PEJK','FAN52764','Free',989,3139.10,'Daily','Mobile Payment'
'MEM_0H76A','FAN87165','Basic',119,7986.78,'Occasional','PayPal'
'MEM_GSGXD','FAN65506','Free',1086,72.44,'Occasional','Mobile Payment'
'MEM_UP0P9','FAN74029','Basic',932,6587.11,'Daily','Credit Card'
'MEM_QDZDV','FAN48581','Premium',448,5039.59,'Weekly','Mobile Payment'
'MEM_WLCJN','FAN34980','Free',708,2210.11,'Monthly','Crypto'
'MEM_YNPD9','FAN11165','Free',472,9374.35,'Daily','PayPal'
'MEM_906IJ','FAN78257','Basic',975,5982.09,'Weekly','Credit Card'
'MEM_7C4QA','FAN29344','Diamond',583,7769.76,'Monthly','Crypto'
'MEM_LUNKY','FAN26628','Premium',69,136.63,'Daily','Mobile Payment'
'MEM_B6OTS','FAN78158','Free',847,6425.22,'Daily','PayPal'
'MEM_W4PFP','FAN44512','Free',877,3689.88,'Monthly','Crypto'
'MEM_6218F','FAN99204','Premium',694,9791.34,'Occasional','Credit Card'
'MEM_U0JIP','FAN74667','Basic',186,543.04,'Weekly','Mobile Payment'
'MEM_W0Y1P','FAN95698','Diamond',867,894.98,'Monthly','Crypto'
'MEM_O8LPI','FAN85911','Diamond',779,4178.34,'Weekly','Mobile Payment'
'MEM_GN7I8','FAN83617','Basic',637,2046.34,'Monthly','Mobile Payment'
'MEM_2ASQ1','FAN45550','Free',125,6871.87,'Monthly','Credit Card'
'MEM_K2SNQ','FAN19959','Basic',850,9337.30,'Weekly','PayPal'
'MEM_MJW67','FAN21907','Free',170,5532.10,'Weekly','Credit Card'
'MEM_M9ENR','FAN87673','Diamond',208,8962.36,'Occasional','PayPal'
'MEM_ERTOP','FAN74949','Diamond',1077,5208.10,'Monthly','Mobile Payment'
'MEM_M7557','FAN87095','Premium',192,7495.58,'Occasional','PayPal'
'MEM_VXIKO','FAN11017','Premium',328,3800.59,'Daily','PayPal'
'MEM_3D1Q2','FAN74920','Premium',36,1718.97,'Daily','Mobile Payment'
'MEM_M2TSV','FAN48929','Diamond',271,7890.52,'Monthly','PayPal'
'MEM_X9C0M','FAN95019','Diamond',503,4826.42,'Occasional','Credit Card'
'MEM_0W90W','FAN52828','Diamond',331,4250.77,'Weekly','PayPal'
'MEM_MIS0M','FAN18494','Premium',22,6550.08,'Daily','Credit Card'
'MEM_ZVCRA','FAN47193','Free',77,7804.51,'Daily','PayPal'
'MEM_K4N7S','FAN22114','Diamond',337,4876.91,'Daily','Credit Card'
'MEM_BUMYT','FAN24484','Basic',664,1012.92,'Daily','Credit Card'
'MEM_AVZSR','FAN50885','Basic',12,3417.95,'Monthly','PayPal'
'MEM_VTGNF','FAN42347','Basic',672,9178.36,'Daily','PayPal'
'MEM_LZRED','FAN40911','Free',861,4097.10,'Occasional','Crypto'
'MEM_37ZE5','FAN91532','Diamond',876,6109.69,'Daily','Crypto'
'MEM_R0PNE','FAN64809','Premium',891,4479.90,'Daily','Credit Card'
'MEM_3TC2C','FAN50125','Basic',926,2135.96,'Occasional','Crypto'
'MEM_PDRCA','FAN97747','Free',728,2646.74,'Daily','Crypto'
'MEM_LADX5','FAN71465','Basic',357,5622.39,'Occasional','Mobile Payment'
'MEM_3SI0N','FAN83731','Premium',774,4831.09,'Daily','PayPal'
'MEM_13LKG','FAN64828','Premium',768,7908.40,'Monthly','Credit Card'
'MEM_LAOJJ','FAN67534','Diamond',746,8680.36,'Monthly','Crypto'
'MEM_R53XP','FAN15377','Basic',1086,8174.75,'Weekly','Crypto'
'MEM_G17UF','FAN83699','Premium',1062,8160.86,'Daily','PayPal'
'MEM_Y1Z8R','FAN80921','Premium',623,1295.55,'Occasional','PayPal'
'MEM_WXMNS','FAN35508','Basic',568,6436.20,'Daily','Mobile Payment'
'MEM_RGH9H','FAN95688','Diamond',835,3220.31,'Weekly','PayPal'
'MEM_LRW16','FAN75584','Free',274,4272.65,'Occasional','Crypto'
'MEM_J6KY2','FAN54744','Premium',1084,4260.88,'Weekly','Mobile Payment'
'MEM_BRMKF','FAN60658','Basic',746,4118.70,'Daily','Crypto'
'MEM_4W9ZE','FAN39176','Premium',2,2720.51,'Daily','Mobile Payment'
'MEM_9LFHO','FAN39666','Free',0,7221.69,'Occasional','Mobile Payment'
'MEM_VT809','FAN95020','Basic',565,71.55,'Monthly','Crypto'
'MEM_ZGAZK','FAN37580','Diamond',12,1515.65,'Monthly','PayPal'
'MEM_2IQB2','FAN30730','Basic',886,3211.92,'Daily','PayPal'
'MEM_864U2','FAN74742','Basic',727,5240.01,'Weekly','Mobile Payment'
'MEM_T4XY8','FAN23036','Basic',948,3453.53,'Weekly','PayPal'
'MEM_BFBN2','FAN31516','Free',524,8276.21,'Daily','Crypto'
'MEM_VZ7BQ','FAN36554','Free',906,6619.95,'Daily','PayPal'
'MEM_FXZ2W','FAN36585','Free',452,5348.68,'Occasional','Credit Card'
'MEM_C71BK','FAN28319','Basic',283,1088.90,'Occasional','PayPal'
'MEM_23JSG','FAN75882','Premium',110,4690.31,'Daily','Mobile Payment'
'MEM_9QZBG','FAN25645','Premium',464,8584.89,'Weekly','Credit Card'
'MEM_BG2I2','FAN73766','Premium',110,4927.10,'Daily','Credit Card'
'MEM_99IK9','FAN31107','Diamond',692,9729.53,'Weekly','Credit Card'
'MEM_0AILU','FAN17688','Premium',897,748.21,'Weekly','Crypto'
'MEM_B3LSG','FAN67611','Basic',789,6431.56,'Daily','Credit Card'
'MEM_JU1HK','FAN61292','Diamond',435,5455.74,'Monthly','PayPal'
'MEM_MGFTQ','FAN30667','Basic',260,5027.65,'Daily','Crypto'
'MEM_DJN4L','FAN54179','Basic',611,7584.74,'Weekly','Mobile Payment'
'MEM_WNKIY','FAN56478','Free',609,9791.23,'Occasional','Credit Card'
'MEM_1GGEU','FAN69063','Free',962,5937.39,'Daily','Credit Card'
'MEM_1SCB0','FAN32533','Diamond',745,2017.63,'Daily','Mobile Payment'
'MEM_OLCZ8','FAN96552','Premium',424,6229.10,'Occasional','Crypto'
'MEM_DQCIT','FAN70300','Diamond',814,5052.85,'Occasional','Credit Card'
'MEM_4D1SE','FAN89804','Basic',770,9255.11,'Weekly','PayPal'
'MEM_BS7Z5','FAN39820','Premium',148,7837.46,'Monthly','Crypto'
'MEM_1AXRV','FAN51595','Diamond',741,1229.02,'Daily','PayPal'
'MEM_S5MDL','FAN67199','Basic',229,5982.63,'Monthly','Mobile Payment'
'MEM_ZB5YO','FAN76011','Diamond',631,6620.69,'Occasional','PayPal'
'MEM_DAG4O','FAN52265','Free',445,8655.41,'Daily','Credit Card'
'MEM_DFJMW','FAN19660','Premium',767,8158.61,'Daily','Credit Card'
'MEM_S62Y5','FAN51983','Free',496,5502.73,'Occasional','PayPal'
'MEM_NCWOP','FAN85859','Premium',637,1135.00,'Monthly','Credit Card'
'MEM_RCQQ8','FAN81595','Basic',539,2778.10,'Daily','Credit Card'
'MEM_RFXWR','FAN57709','Diamond',381,8120.99,'Monthly','Mobile Payment'
'MEM_LRYGZ','FAN43623','Free',422,4364.20,'Occasional','Crypto'
'MEM_3VZD4','FAN92660','Premium',821,3419.93,'Daily','PayPal'
'MEM_93RT1','FAN87089','Premium',10,6199.40,'Daily','PayPal'
'MEM_M8TOY','FAN54745','Diamond',959,2342.44,'Occasional','Credit Card'
'MEM_QSA9J','FAN82382','Free',304,1778.44,'Monthly','PayPal'
'MEM_7VOXZ','FAN20026','Diamond',488,8890.60,'Weekly','PayPal'
'MEM_0R580','FAN43636','Basic',980,2480.44,'Occasional','Crypto'
'MEM_WUTCD','FAN35516','Premium',170,6366.37,'Monthly','Crypto'
'MEM_PV4D1','FAN16859','Basic',674,2399.94,'Occasional','Crypto'
'MEM_XLVA5','FAN95652','Basic',763,764.53,'Monthly','Crypto'
'MEM_88GR6','FAN56290','Diamond',726,6455.43,'Occasional','PayPal'
'MEM_WSTN7','FAN50574','Basic',80,231.06,'Daily','Credit Card'
'MEM_C5WFD','FAN66439','Diamond',182,3721.77,'Occasional','Mobile Payment'
'MEM_30OPO','FAN90595','Premium',894,1851.55,'Daily','Mobile Payment'
'MEM_YAPST','FAN22044','Free',428,1133.30,'Occasional','Mobile Payment'
'MEM_NNH9Q','FAN91117','Diamond',346,1163.07,'Daily','Credit Card'
'MEM_NDDVO','FAN65032','Basic',636,460.76,'Monthly','Crypto'
'MEM_JQKM2','FAN72133','Free',1079,5248.80,'Occasional','Crypto'
'MEM_7AMJP','FAN95332','Diamond',398,4456.55,'Occasional','PayPal'
'MEM_OGKGZ','FAN62738','Free',282,4499.80,'Daily','Mobile Payment'
'MEM_1VTEA','FAN80036','Premium',546,1419.86,'Monthly','Credit Card'
'MEM_0CMZ1','FAN48827','Diamond',725,769.63,'Daily','Mobile Payment'
'MEM_O8NET','FAN82422','Free',304,2519.28,'Occasional','Mobile Payment'
'MEM_BTY0W','FAN41870','Basic',538,7329.28,'Occasional','Crypto'
'MEM_KOJC1','FAN19622','Free',812,3626.25,'Occasional','Mobile Payment'
'MEM_O9CMG','FAN85486','Free',721,9557.26,'Weekly','Credit Card'
'MEM_X3CKD','FAN18934','Diamond',923,1429.85,'Occasional','PayPal'
'MEM_Y56L7','FAN87546','Basic',49,9374.98,'Weekly','Crypto'
'MEM_4CG3V','FAN66736','Basic',416,5992.08,'Daily','Credit Card'
'MEM_AU7MJ','FAN50535','Premium',823,1905.51,'Monthly','Credit Card'
'MEM_WOEOE','FAN58200','Premium',904,6808.11,'Monthly','Crypto'
'MEM_WLVV1','FAN96729','Premium',289,6601.33,'Daily','PayPal'
'MEM_RQGUI','FAN51043','Basic',130,4408.66,'Monthly','Mobile Payment'
'MEM_L6AA5','FAN57424','Premium',82,4186.66,'Weekly','Crypto'
'MEM_G0OB3','FAN97959','Premium',1087,2740.02,'Daily','Crypto'
'MEM_SQDEF','FAN60009','Basic',975,2567.97,'Weekly','Mobile Payment'
'MEM_4114O','FAN43023','Premium',966,9614.53,'Monthly','PayPal'
'MEM_11VIH','FAN99758','Diamond',406,7973.45,'Monthly','Mobile Payment'
'MEM_DWJQN','FAN40822','Free',854,6806.21,'Weekly','Mobile Payment'
'MEM_4WIR7','FAN57509','Free',89,3457.86,'Daily','PayPal'
'MEM_4AEPL','FAN94994','Free',53,782.31,'Weekly','Credit Card'
'MEM_0MHPE','FAN80025','Diamond',665,7977.62,'Monthly','PayPal'
'MEM_4QAIT','FAN63237','Premium',201,8537.01,'Weekly','PayPal'
'MEM_AVNSB','FAN37801','Basic',866,8566.89,'Weekly','PayPal'
'MEM_YG2UD','FAN66908','Diamond',864,9825.75,'Monthly','Crypto'
'MEM_BFOR2','FAN29932','Basic',488,32.04,'Occasional','Mobile Payment'
'MEM_I15I8','FAN35133','Basic',103,2398.36,'Daily','PayPal'
'MEM_KZETK','FAN21729','Free',653,1533.63,'Weekly','Mobile Payment'
'MEM_UZJSD','FAN98596','Basic',877,2987.13,'Daily','Credit Card'
'MEM_3L83Y','FAN78257','Free',242,4874.19,'Daily','Crypto'
'MEM_3RE2C','FAN66674','Basic',26,1121.05,'Monthly','Mobile Payment'
'MEM_DWJSZ','FAN21010','Basic',919,7252.11,'Occasional','Mobile Payment'
'MEM_8JHCW','FAN28410','Diamond',231,7258.09,'Daily','Credit Card'
'MEM_5T2YH','FAN97769','Premium',574,1580.03,'Weekly','Mobile Payment'
'MEM_524I8','FAN71103','Premium',1010,350.57,'Monthly','Crypto'
'MEM_D89EF','FAN53386','Diamond',339,3886.23,'Weekly','Mobile Payment'
'MEM_6YCUP','FAN58315','Basic',661,4248.35,'Daily','Mobile Payment'
'MEM_427ZD','FAN41961','Diamond',61,4051.85,'Weekly','Crypto'
'MEM_6MTHP','FAN21549','Free',650,5030.36,'Monthly','Credit Card'
'MEM_BR7LG','FAN10285','Free',346,3515.98,'Weekly','PayPal'
'MEM_0EJEY','FAN35557','Basic',722,8563.10,'Monthly','PayPal'
'MEM_NUDWU','FAN45985','Free',294,5334.12,'Monthly','Crypto'
'MEM_JQW0D','FAN94057','Premium',486,4822.83,'Occasional','PayPal'
'MEM_6OVHT','FAN81973','Diamond',179,8638.48,'Monthly','PayPal'
'MEM_NBJRD','FAN96659','Premium',359,8521.55,'Weekly','Mobile Payment'
'MEM_7KGUZ','FAN18861','Basic',233,578.15,'Occasional','Credit Card'
'MEM_XATKF','FAN97030','Basic',399,302.39,'Daily','Mobile Payment'
'MEM_GXBSO','FAN24858','Diamond',334,6145.87,'Weekly','PayPal'
'MEM_7MXV3','FAN33142','Free',701,217.65,'Monthly','Credit Card'
'MEM_DTYRN','FAN65297','Diamond',932,4587.17,'Monthly','Mobile Payment'
'MEM_HFFMV','FAN26700','Premium',34,5638.56,'Daily','Credit Card'
'MEM_Q16VK','FAN91888','Free',313,2428.02,'Monthly','Mobile Payment'
'MEM_5R30L','FAN49500','Basic',432,3809.28,'Occasional','Credit Card'
'MEM_WHG8O','FAN29780','Premium',11,3839.20,'Monthly','Crypto'
'MEM_2S7FP','FAN58256','Free',413,3707.79,'Monthly','PayPal'
'MEM_XCFY5','FAN84498','Free',974,6060.79,'Weekly','Mobile Payment'
'MEM_ZNNIS','FAN71610','Basic',480,7542.19,'Weekly','PayPal'
'MEM_T1CPW','FAN68178','Diamond',481,8680.24,'Weekly','Crypto'
'MEM_NDAZB','FAN19943','Basic',960,6012.12,'Weekly','Crypto'
'MEM_IM67P','FAN75238','Diamond',172,8946.61,'Weekly','Mobile Payment'
'MEM_SDIVZ','FAN69921','Free',774,4354.87,'Occasional','Credit Card'
'MEM_EHM2R','FAN18757','Free',587,7332.15,'Weekly','Mobile Payment'
'MEM_5CJ1V','FAN99442','Diamond',581,2955.79,'Daily','Mobile Payment'
'MEM_NJ7OY','FAN26602','Diamond',559,3923.31,'Occasional','Mobile Payment'
'MEM_W3OKB','FAN52031','Diamond',553,6322.74,'Occasional','PayPal'
'MEM_1J14T','FAN91005','Free',528,6680.06,'Daily','PayPal'
'MEM_AEU59','FAN82769','Diamond',380,9547.95,'Monthly','Mobile Payment'
'MEM_SAKLA','FAN77890','Diamond',199,7865.28,'Occasional','Credit Card'
'MEM_UYQAB','FAN80470','Basic',1073,6919.17,'Weekly','Crypto'
'MEM_7N6OY','FAN35127','Basic',137,3768.03,'Monthly','Credit Card'
'MEM_ZQMVM','FAN92515','Premium',627,4544.92,'Daily','PayPal'
'MEM_VSEQ3','FAN47778','Free',935,7333.68,'Daily','PayPal'
'MEM_HQMYO','FAN52659','Diamond',20,6733.58,'Occasional','PayPal'
'MEM_O6NI5','FAN43113','Premium',822,686.20,'Weekly','Mobile Payment'
'MEM_NO089','FAN79367','Diamond',887,4165.67,'Weekly','Credit Card'
'MEM_RS0IH','FAN90471','Free',75,3397.25,'Monthly','PayPal'
'MEM_R6G09','FAN14195','Basic',250,1402.76,'Monthly','Crypto'
'MEM_TCUJ4','FAN99237','Premium',26,7923.72,'Monthly','Credit Card'
'MEM_2VE78','FAN82528','Free',60,5786.85,'Occasional','PayPal'
'MEM_LK1LY','FAN14881','Diamond',539,1602.37,'Weekly','Mobile Payment'
'MEM_XNUZ5','FAN82978','Free',25,9843.50,'Monthly','Credit Card'
'MEM_Z6M47','FAN72090','Diamond',59,4207.73,'Daily','Mobile Payment'
'MEM_7J469','FAN83789','Free',231,7969.14,'Occasional','Credit Card'
'MEM_XU9GW','FAN99028','Basic',1091,7432.49,'Weekly','Mobile Payment'
'MEM_ZG6GS','FAN54606','Free',471,6203.15,'Weekly','Crypto'
'MEM_BJ1EV','FAN50354','Basic',546,8375.06,'Weekly','PayPal'
'MEM_G3ODL','FAN67088','Basic',299,9421.04,'Weekly','Credit Card'
'MEM_RSO9P','FAN96945','Free',1074,6460.30,'Weekly','PayPal'
'MEM_YQD40','FAN17288','Diamond',940,3242.75,'Monthly','Crypto'
'MEM_AAS2G','FAN48372','Free',87,7130.11,'Occasional','Crypto'
'MEM_NZ0DR','FAN60140','Free',1020,6704.63,'Daily','PayPal'
'MEM_2I8UY','FAN35779','Basic',564,8739.52,'Occasional','Credit Card'
'MEM_SJMSS','FAN16771','Free',837,9026.06,'Daily','Credit Card'
'MEM_L7ENZ','FAN81946','Free',178,1245.33,'Monthly','Credit Card'
'MEM_QWLSD','FAN23512','Premium',1036,3749.05,'Monthly','Credit Card'
'MEM_V2V90','FAN59836','Free',386,5934.68,'Weekly','PayPal'
'MEM_56XNG','FAN91825','Premium',619,3263.69,'Monthly','PayPal'
'MEM_1JCLB','FAN42609','Free',990,9969.08,'Occasional','Mobile Payment'
'MEM_CS5HD','FAN93503','Basic',439,6209.09,'Monthly','Credit Card'
'MEM_7N2XZ','FAN30425','Premium',49,8691.35,'Daily','Mobile Payment'
'MEM_3Z03V','FAN48271','Free',499,604.47,'Monthly','PayPal'
'MEM_4OZSJ','FAN93050','Basic',103,3245.87,'Occasional','PayPal'
'MEM_3DUWX','FAN68935','Free',63,8951.42,'Weekly','PayPal'
'MEM_UOX2O','FAN83881','Basic',296,9913.39,'Monthly','Mobile Payment'
'MEM_9JCOW','FAN13015','Diamond',150,9689.11,'Occasional','Credit Card'
'MEM_7WT3C','FAN60004','Diamond',362,1533.91,'Monthly','Mobile Payment'
'MEM_W7LDH','FAN63865','Basic',212,5638.83,'Occasional','Mobile Payment'
'MEM_WCON5','FAN40079','Free',74,579.23,'Daily','Credit Card'
'MEM_M2KWQ','FAN53523','Premium',788,1484.74,'Monthly','Mobile Payment'
'MEM_VSYXY','FAN96662','Diamond',312,2314.58,'Monthly','Mobile Payment'
'MEM_0T80Q','FAN76882','Diamond',84,5053.98,'Daily','PayPal'
'MEM_M6SBD','FAN83471','Basic',287,8642.99,'Monthly','PayPal'
'MEM_OMDBU','FAN29842','Free',1013,7959.67,'Daily','Credit Card'
'MEM_USFQ2','FAN21772','Diamond',156,6808.46,'Weekly','PayPal'
'MEM_98CT6','FAN18807','Free',659,3389.53,'Monthly','PayPal'
'MEM_ZMXHC','FAN25291','Basic',929,7708.66,'Weekly','Credit Card'
'MEM_JEBWA','FAN33137','Premium',87,4939.04,'Daily','Credit Card'
'MEM_X4VML','FAN15406','Free',603,2015.17,'Weekly','Credit Card'
'MEM_VEKG0','FAN60937','Diamond',650,287.83,'Weekly','Credit Card'
'MEM_P9F9F','FAN50390','Premium',51,1464.13,'Weekly','Mobile Payment'
'MEM_FZ1IQ','FAN13606','Free',540,220.30,'Daily','PayPal'
'MEM_F6JKP','FAN13132','Diamond',99,2262.77,'Monthly','Crypto'
'MEM_2BVCW','FAN35296','Premium',569,7536.72,'Occasional','Credit Card'
'MEM_NISAP','FAN19910','Basic',1035,7907.15,'Daily','Mobile Payment'
'MEM_1X3GJ','FAN80828','Premium',391,2428.46,'Daily','Mobile Payment'
'MEM_FIO35','FAN16939','Premium',401,2154.42,'Monthly','Mobile Payment'
'MEM_80J9U','FAN62624','Premium',351,6124.38,'Occasional','Mobile Payment'
'MEM_T646L','FAN41795','Basic',904,3930.97,'Monthly','Credit Card'
'MEM_S6I4J','FAN72027','Basic',1081,4295.87,'Daily','PayPal'
'MEM_KB9IJ','FAN15234','Diamond',644,6572.94,'Daily','Credit Card'
'MEM_JEZ4P','FAN59382','Basic',515,4947.82,'Monthly','Mobile Payment'
'MEM_1EYIE','FAN86779','Free',204,7531.86,'Occasional','Crypto'
'MEM_UE4QH','FAN20114','Premium',234,9209.95,'Occasional','PayPal'
'MEM_05LJJ','FAN55862','Premium',840,2285.48,'Monthly','Credit Card'
'MEM_HNBQ5','FAN86491','Basic',273,3165.04,'Occasional','Mobile Payment'
'MEM_O5CWG','FAN45302','Premium',509,9266.07,'Monthly','Credit Card'
'MEM_P4XGJ','FAN48680','Premium',449,3854.32,'Daily','Mobile Payment'
'MEM_N9RZ8','FAN59003','Diamond',1073,8270.82,'Occasional','Mobile Payment'
'MEM_DNPZQ','FAN68056','Free',202,8373.51,'Daily','Crypto'
'MEM_NI22J','FAN72654','Basic',858,8003.34,'Occasional','Crypto'
'MEM_WAHX8','FAN92319','Premium',297,1301.63,'Monthly','Credit Card'
'MEM_Z1OKN','FAN59292','Basic',485,5325.81,'Weekly','Mobile Payment'
'MEM_KNKR8','FAN52396','Basic',629,3288.62,'Monthly','Crypto'
'MEM_4ZBNX','FAN77281','Free',915,8905.59,'Weekly','Credit Card'
'MEM_DSPJ6','FAN92664','Basic',153,8632.10,'Daily','PayPal'
'MEM_C3PEO','FAN14771','Basic',254,4370.06,'Monthly','Credit Card'
'MEM_XDLD6','FAN52764','Diamond',1039,9288.75,'Daily','Crypto'
'MEM_PT9D0','FAN46511','Free',823,4284.83,'Weekly','Crypto'
'MEM_0M30J','FAN75857','Basic',603,3912.39,'Daily','Credit Card'
'MEM_XXT7W','FAN68490','Diamond',310,3994.39,'Monthly','PayPal'
'MEM_NWZ41','FAN25938','Premium',197,9320.58,'Daily','Mobile Payment'
'MEM_YVOKU','FAN71325','Premium',467,3449.38,'Weekly','Crypto'
'MEM_3KXHM','FAN37148','Basic',492,9472.18,'Daily','Crypto'
'MEM_05B98','FAN13589','Basic',270,7458.51,'Monthly','Crypto'
'MEM_1PDJQ','FAN63701','Premium',982,9538.85,'Occasional','PayPal'
'MEM_6Y7NZ','FAN27525','Basic',701,506.73,'Occasional','Credit Card'
'MEM_VRW44','FAN37831','Free',863,3533.04,'Daily','Mobile Payment'
'MEM_6VQEG','FAN40067','Basic',1047,3460.72,'Daily','PayPal'
'MEM_C6J8U','FAN47373','Premium',785,9243.95,'Weekly','Credit Card'
'MEM_3VSAQ','FAN77502','Premium',932,9454.05,'Monthly','Mobile Payment'
'MEM_26J1P','FAN20492','Diamond',934,9529.11,'Daily','PayPal'
'MEM_B7TU5','FAN84950','Diamond',1045,4616.58,'Weekly','Crypto'
'MEM_JE3Z1','FAN19601','Basic',223,783.79,'Monthly','Crypto'
'MEM_OZ0Q6','FAN86769','Free',886,1257.63,'Daily','PayPal'
'MEM_CIZ03','FAN16039','Diamond',812,855.50,'Daily','Crypto'
'MEM_GFUQD','FAN26461','Basic',475,6155.30,'Daily','PayPal'
'MEM_RJLMA','FAN21947','Premium',955,8755.05,'Occasional','Credit Card'
'MEM_K7MCO','FAN78275','Premium',317,7189.55,'Daily','Credit Card'
'MEM_SJ5VH','FAN19615','Premium',995,3660.72,'Daily','PayPal'
'MEM_T9IB3','FAN29188','Premium',650,1365.70,'Daily','Crypto'
'MEM_DA510','FAN26518','Premium',385,392.17,'Daily','Mobile Payment'
'MEM_N09ID','FAN90611','Premium',283,4667.11,'Monthly','Crypto'
'MEM_B0G6I','FAN71506','Diamond',215,5803.91,'Monthly','Mobile Payment'
'MEM_513MO','FAN62881','Premium',759,2607.96,'Monthly','PayPal'
'MEM_AAFZA','FAN75641','Basic',438,8476.07,'Daily','Crypto'
'MEM_HDS6F','FAN33031','Basic',587,6850.93,'Daily','Mobile Payment'
'MEM_37Q88','FAN70287','Basic',257,1050.38,'Weekly','PayPal'
'MEM_ZZM4K','FAN72428','Basic',249,7167.94,'Monthly','PayPal'
'MEM_ADODT','FAN72920','Premium',632,7631.63,'Monthly','Credit Card'
'MEM_OE1E0','FAN70955','Free',578,2545.14,'Monthly','PayPal'
'MEM_YXA1K','FAN72503','Diamond',491,2539.80,'Monthly','Crypto'
'MEM_N9QXF','FAN12995','Diamond',130,1460.03,'Occasional','PayPal'
'MEM_0VB7Q','FAN55534','Free',758,9094.34,'Occasional','Crypto'
'MEM_PF061','FAN68239','Basic',757,3929.31,'Daily','Mobile Payment'
'MEM_BBDCO','FAN91361','Basic',719,2590.59,'Occasional','PayPal'
'MEM_S1FLD','FAN76308','Diamond',4,60.01,'Weekly','PayPal'
'MEM_PK7WE','FAN87176','Free',426,8075.08,'Monthly','Credit Card'
'MEM_RA8YD','FAN15503','Premium',481,314.98,'Weekly','Crypto'
'MEM_QQNC2','FAN32968','Free',53,1491.83,'Daily','Credit Card'
'MEM_2WYFT','FAN31338','Diamond',256,8035.84,'Weekly','Mobile Payment'
'MEM_FDBBT','FAN52453','Diamond',22,9728.83,'Monthly','Crypto'
'MEM_FNVEB','FAN20313','Premium',9,2297.32,'Occasional','Mobile Payment'
'MEM_X5CUO','FAN90296','Basic',434,7221.74,'Weekly','Mobile Payment'
'MEM_BN206','FAN14940','Free',815,9260.84,'Occasional','PayPal'
'MEM_3KMHG','FAN50407','Premium',460,3601.32,'Monthly','Crypto'
'MEM_2XZP7','FAN57853','Free',300,2358.54,'Weekly','Crypto'
'MEM_VFIMT','FAN16451','Premium',534,7010.32,'Weekly','Credit Card'
'MEM_6CLIW','FAN84830','Diamond',689,5838.30,'Daily','Mobile Payment'
'MEM_SHMV5','FAN31791','Diamond',999,8415.38,'Daily','Credit Card'
'MEM_74BB7','FAN24955','Basic',435,2336.87,'Occasional','Credit Card'
'MEM_R0WIK','FAN51596','Premium',580,6332.61,'Daily','Credit Card'
'MEM_D9885','FAN11146','Premium',665,3243.92,'Daily','Mobile Payment'
'MEM_LNL0D','FAN41780','Basic',135,9127.65,'Daily','Mobile Payment'
'MEM_R79ZU','FAN39056','Free',726,6905.33,'Weekly','Credit Card'
'MEM_LZ1ER','FAN71454','Basic',305,3811.07,'Occasional','Mobile Payment'
'MEM_WUU1T','FAN46490','Premium',40,7164.47,'Occasional','Credit Card'
'MEM_PSOU2','FAN66647','Free',213,515.86,'Monthly','Mobile Payment'
'MEM_TXFQ6','FAN48245','Diamond',471,3523.42,'Monthly','Mobile Payment'
'MEM_ICB8N','FAN18680','Diamond',930,173.59,'Weekly','Credit Card'
'MEM_GHYHL','FAN32036','Diamond',582,7626.80,'Monthly','Crypto'
'MEM_UO6X8','FAN31145','Diamond',525,5500.01,'Monthly','Mobile Payment'
'MEM_2JL5N','FAN62219','Premium',896,7207.76,'Daily','Mobile Payment'
'MEM_KHSJM','FAN79893','Free',88,8280.97,'Occasional','Credit Card'
'MEM_UX11O','FAN12019','Diamond',419,3451.17,'Occasional','Credit Card'
'MEM_Q9H80','FAN52561','Premium',374,4067.77,'Daily','Crypto'
'MEM_ULL1I','FAN78978','Premium',806,3327.06,'Monthly','Mobile Payment'
'MEM_2A3Z1','FAN46294','Basic',452,1426.65,'Weekly','Crypto'
'MEM_2H6WJ','FAN83693','Basic',805,3343.51,'Monthly','PayPal'
'MEM_QJDG1','FAN99586','Diamond',847,6983.27,'Monthly','PayPal'
'MEM_H7H1Y','FAN45050','Premium',375,2063.36,'Daily','Crypto'
'MEM_0T1ID','FAN18409','Diamond',331,8011.47,'Daily','Credit Card'
'MEM_W8TGS','FAN61959','Free',791,7726.56,'Weekly','Credit Card'
'MEM_0C4H4','FAN56226','Diamond',167,6752.80,'Daily','Mobile Payment'
'MEM_KL1F0','FAN46793','Free',1011,7779.79,'Monthly','Crypto'
'MEM_VVEVM','FAN33400','Diamond',927,543.67,'Weekly','Crypto'
'MEM_TXXAU','FAN26144','Free',199,3601.20,'Occasional','PayPal'
'MEM_KLG9G','FAN93122','Diamond',643,1690.43,'Occasional','Mobile Payment'
'MEM_QSHIR','FAN42251','Premium',621,2619.39,'Weekly','PayPal'
'MEM_VSEMS','FAN57310','Premium',266,1568.68,'Weekly','Credit Card'
'MEM_1L7ID','FAN69948','Free',172,4426.64,'Daily','PayPal'
'MEM_TLDHB','FAN43783','Premium',75,332.51,'Monthly','PayPal'
'MEM_0OHPX','FAN42912','Basic',689,7735.83,'Monthly','Mobile Payment'
'MEM_F5LVW','FAN73390','Diamond',584,9909.94,'Monthly','Crypto'
'MEM_MN1FA','FAN32780','Premium',144,4283.82,'Monthly','PayPal'
'MEM_XGXGT','FAN62512','Diamond',172,6449.62,'Monthly','Mobile Payment'
'MEM_2APMA','FAN55637','Free',449,5999.54,'Monthly','PayPal'
'MEM_HCZI4','FAN65654','Diamond',1082,9184.07,'Weekly','Crypto'
'MEM_N2JBG','FAN97268','Basic',471,1260.79,'Occasional','Crypto'
'MEM_FIIXN','FAN54368','Basic',306,4620.53,'Weekly','Credit Card'
'MEM_7AWGP','FAN88364','Basic',314,2445.41,'Daily','Crypto'
'MEM_2S1S9','FAN66453','Premium',307,8315.44,'Weekly','PayPal'
'MEM_1UOHA','FAN77192','Premium',89,7252.01,'Daily','Mobile Payment'
'MEM_DCAJ6','FAN16419','Basic',367,6684.43,'Weekly','Mobile Payment'
'MEM_4CXL1','FAN95693','Premium',483,4830.49,'Occasional','Mobile Payment'
'MEM_MX2JT','FAN16099','Premium',972,5373.85,'Weekly','Mobile Payment'
'MEM_V9FI8','FAN81362','Diamond',707,2648.14,'Daily','Credit Card'
'MEM_VYCRM','FAN49662','Premium',950,3232.34,'Weekly','Mobile Payment'
'MEM_97O6T','FAN50070','Premium',302,310.67,'Monthly','PayPal'
'MEM_5MXGV','FAN23150','Diamond',878,7679.14,'Monthly','Credit Card'
'MEM_S1J21','FAN39354','Diamond',746,8735.34,'Occasional','PayPal'
'MEM_0X7IU','FAN18828','Free',171,2335.72,'Occasional','Crypto'
'MEM_FQO1F','FAN36625','Premium',995,7157.78,'Occasional','PayPal'
'MEM_AWW2G','FAN83296','Premium',407,2448.95,'Occasional','Mobile Payment'
'MEM_1UTWD','FAN10589','Basic',1016,8273.76,'Daily','Mobile Payment'
'MEM_BGIRJ','FAN65328','Premium',410,6285.78,'Monthly','PayPal'
'MEM_34KWP','FAN19582','Diamond',940,815.26,'Daily','Crypto'
'MEM_7J0QQ','FAN31519','Premium',31,6376.56,'Occasional','Crypto'
'MEM_G5UAI','FAN81938','Diamond',1002,8419.54,'Weekly','Crypto'
'MEM_IR786','FAN32439','Free',1057,9598.82,'Occasional','Mobile Payment'
'MEM_0FX90','FAN11912','Premium',607,3107.39,'Weekly','Credit Card'
'MEM_39FWF','FAN14792','Free',510,1798.10,'Daily','Mobile Payment'
'MEM_MBDWZ','FAN15022','Diamond',472,464.80,'Monthly','PayPal'
'MEM_A8OOG','FAN98429','Diamond',726,8478.03,'Occasional','Credit Card'
'MEM_20OS8','FAN59685','Diamond',829,1699.26,'Weekly','PayPal'
'MEM_Q0LYH','FAN55709','Diamond',105,7200.51,'Weekly','Credit Card'
'MEM_Z4ME3','FAN38210','Premium',24,2153.08,'Occasional','PayPal'
'MEM_63PHR','FAN71266','Free',946,564.73,'Weekly','Credit Card'
'MEM_LTCUI','FAN84491','Premium',651,7540.11,'Occasional','Mobile Payment'
'MEM_L0AVZ','FAN75279','Basic',871,9275.46,'Occasional','PayPal'
'MEM_0GUHY','FAN56102','Premium',999,9710.41,'Weekly','PayPal'
'MEM_K12RW','FAN93790','Free',924,2801.49,'Occasional','Credit Card'
'MEM_KH4AD','FAN97822','Premium',341,1594.46,'Occasional','Mobile Payment'
'MEM_YBGAC','FAN64901','Free',793,7954.41,'Monthly','Credit Card'
'MEM_JL63E','FAN78361','Premium',761,6971.70,'Occasional','Credit Card'
'MEM_1DQ7E','FAN62865','Diamond',791,7158.39,'Occasional','Mobile Payment'
'MEM_3SH1S','FAN28994','Premium',773,7697.36,'Weekly','Mobile Payment'
'MEM_CF803','FAN84711','Premium',1081,6283.49,'Monthly','Crypto'
'MEM_YQM7G','FAN81042','Diamond',657,3530.30,'Monthly','PayPal'
'MEM_QT5BF','FAN26606','Diamond',656,9544.34,'Weekly','Mobile Payment'
'MEM_6EBMM','FAN40623','Diamond',86,5043.50,'Occasional','Crypto'
'MEM_T0SE6','FAN77733','Basic',823,1001.96,'Weekly','Credit Card'
'MEM_YRDB2','FAN61043','Free',782,8577.16,'Occasional','Credit Card'
'MEM_MQ4YU','FAN31743','Basic',835,5575.57,'Monthly','Credit Card'
'MEM_0I6FF','FAN94879','Basic',425,3138.72,'Occasional','Crypto'
'MEM_L46M2','FAN14706','Premium',425,2201.72,'Daily','PayPal'
'MEM_8N16W','FAN31035','Basic',222,4337.49,'Occasional','PayPal'
'MEM_Q9LRU','FAN33043','Premium',735,7134.88,'Daily','Mobile Payment'
'MEM_OQDGI','FAN59828','Basic',35,3792.78,'Daily','Credit Card'
'MEM_O5Z3H','FAN58787','Basic',1007,6357.35,'Monthly','PayPal'
'MEM_UPHLI','FAN19879','Basic',830,2025.91,'Daily','Credit Card'
'MEM_O3P7T','FAN83422','Free',252,8040.78,'Occasional','Mobile Payment'
'MEM_UI8RD','FAN25756','Free',543,3148.63,'Occasional','PayPal'
'MEM_6WQ7D','FAN12839','Premium',11,1887.81,'Monthly','PayPal'
'MEM_29SL4','FAN26243','Free',393,4444.53,'Monthly','Credit Card'
'MEM_GP41P','FAN40648','Diamond',397,1231.84,'Occasional','Credit Card'
'MEM_V7DWZ','FAN10940','Premium',329,469.93,'Daily','Crypto'
'MEM_RDGON','FAN24070','Diamond',910,3130.34,'Weekly','Credit Card'
'MEM_D237I','FAN82778','Premium',706,3817.28,'Weekly','Crypto'
'MEM_RUOGB','FAN10829','Diamond',20,5314.03,'Monthly','Crypto'
'MEM_8O7XU','FAN29186','Free',932,7953.94,'Monthly','PayPal'
'MEM_24D6A','FAN49894','Basic',305,3023.94,'Weekly','PayPal'
'MEM_JOHW4','FAN53636','Free',720,3661.30,'Weekly','Crypto'
'MEM_30Z3P','FAN15275','Free',586,5655.02,'Daily','Mobile Payment'
'MEM_J14C6','FAN48842','Diamond',99,1587.35,'Monthly','Credit Card'
'MEM_90EG3','FAN53059','Premium',534,9050.74,'Daily','Mobile Payment'
'MEM_DU3P8','FAN84246','Premium',539,4405.29,'Daily','PayPal'
'MEM_74CL4','FAN77429','Free',768,2808.71,'Daily','PayPal'
'MEM_17DEF','FAN92236','Premium',830,2414.01,'Monthly','Mobile Payment'
'MEM_CVUD5','FAN55344','Basic',1003,8592.70,'Daily','Credit Card'
'MEM_YTQ34','FAN41526','Diamond',814,7427.97,'Occasional','Crypto'
'MEM_1ROPQ','FAN86926','Premium',301,7812.19,'Weekly','Crypto'
'MEM_RUL7W','FAN17508','Diamond',966,9842.20,'Daily','PayPal'
'MEM_YIM3O','FAN35476','Premium',1018,6939.57,'Occasional','Credit Card'
'MEM_T29WK','FAN73215','Diamond',400,433.88,'Daily','Credit Card'
'MEM_B3ZTI','FAN59661','Premium',20,5791.63,'Occasional','PayPal'
'MEM_ZL5A8','FAN77484','Basic',954,9016.46,'Daily','Mobile Payment'
'MEM_T3KBC','FAN52596','Free',1020,7203.01,'Occasional','Crypto'
'MEM_47YBG','FAN20038','Basic',984,2645.26,'Occasional','Crypto'
'MEM_CDBGD','FAN11245','Premium',140,5685.56,'Occasional','Mobile Payment'
'MEM_3AB5I','FAN51434','Premium',943,1705.19,'Occasional','PayPal'
'MEM_W6QPF','FAN28815','Free',841,8800.60,'Daily','Credit Card'
'MEM_CTQXY','FAN93102','Diamond',30,5897.26,'Daily','Credit Card'
'MEM_1KYDH','FAN60100','Free',762,7186.21,'Occasional','Crypto'
'MEM_VHUDU','FAN24947','Diamond',984,857.60,'Weekly','PayPal'
'MEM_DMZK0','FAN50987','Free',277,5748.09,'Weekly','Mobile Payment'
'MEM_B08Z3','FAN65555','Diamond',901,9830.23,'Occasional','Credit Card'
'MEM_PPL7R','FAN48091','Free',976,4800.51,'Occasional','Crypto'
'MEM_2N2IK','FAN43688','Premium',1014,8464.57,'Monthly','Mobile Payment'
'MEM_FS4DI','FAN11828','Premium',368,6485.11,'Weekly','Credit Card'
'MEM_WGTVJ','FAN13244','Free',714,8559.52,'Daily','Credit Card'
'MEM_A852N','FAN38422','Premium',701,7623.03,'Daily','Mobile Payment'
'MEM_15KIG','FAN38817','Basic',545,3213.63,'Occasional','Mobile Payment'
'MEM_MM8UY','FAN37673','Basic',56,6639.55,'Monthly','PayPal'
'MEM_HSTO3','FAN45471','Basic',630,4692.95,'Weekly','Credit Card'
'MEM_YKYOD','FAN23540','Premium',574,4022.14,'Weekly','Mobile Payment'
'MEM_OH1X6','FAN71571','Free',235,8143.69,'Weekly','Credit Card'
'MEM_6G0O7','FAN93873','Premium',1081,9408.97,'Monthly','Credit Card'
'MEM_3QV51','FAN79821','Premium',11,8754.21,'Daily','PayPal'
'MEM_413SU','FAN39396','Premium',412,8303.57,'Daily','Credit Card'
'MEM_CZCSE','FAN58237','Premium',92,3335.16,'Weekly','Credit Card'
'MEM_DUPQA','FAN30969','Diamond',577,8115.11,'Daily','Credit Card'
'MEM_6YHNU','FAN51528','Free',546,130.62,'Occasional','Mobile Payment'
'MEM_HXNW4','FAN49097','Diamond',1004,2274.38,'Daily','Crypto'
'MEM_L2JOZ','FAN21110','Free',510,2545.66,'Daily','Crypto'
'MEM_U5B67','FAN63374','Premium',515,8636.22,'Occasional','Credit Card'
'MEM_EFAX9','FAN49743','Basic',1075,4934.34,'Daily','PayPal'
'MEM_JRI5M','FAN50593','Diamond',580,3544.11,'Monthly','Mobile Payment'
'MEM_ATFQ8','FAN40238','Premium',81,6193.30,'Monthly','Credit Card'
'MEM_WJMT6','FAN62529','Premium',111,5739.96,'Weekly','PayPal'
'MEM_2NRF4','FAN15441','Diamond',96,2165.43,'Monthly','Mobile Payment'
'MEM_S50RV','FAN33474','Diamond',306,9617.44,'Occasional','Crypto'
'MEM_RYVEH','FAN49561','Premium',991,6641.03,'Weekly','Mobile Payment'
'MEM_NKXGO','FAN30294','Premium',1072,798.46,'Weekly','Mobile Payment'
'MEM_24SYG','FAN45678','Basic',759,8169.82,'Daily','PayPal'
'MEM_7RDA7','FAN71096','Basic',179,4675.87,'Monthly','Credit Card'
'MEM_5PEQQ','FAN68122','Free',245,5386.43,'Occasional','Crypto'
'MEM_1EOM4','FAN43001','Premium',234,8167.19,'Monthly','PayPal'
'MEM_MI4ZO','FAN81435','Diamond',947,9547.50,'Weekly','Credit Card'
'MEM_BXP25','FAN47641','Premium',345,9978.85,'Occasional','Crypto'
'MEM_BJQLY','FAN83623','Free',945,2043.47,'Occasional','PayPal'
'MEM_4VR2E','FAN29950','Premium',1004,5127.82,'Daily','Credit Card'
'MEM_GN9CZ','FAN30810','Premium',297,5221.15,'Monthly','Mobile Payment'
'MEM_KVFU6','FAN44809','Basic',48,8908.13,'Daily','PayPal'
'MEM_2WI61','FAN90074','Diamond',534,912.80,'Monthly','Credit Card'
'MEM_VED0O','FAN99565','Basic',457,4078.13,'Weekly','Crypto'
'MEM_2193O','FAN54274','Premium',570,7426.81,'Daily','Crypto'
'MEM_8EXO0','FAN47209','Basic',657,7292.55,'Daily','Credit Card'
'MEM_TQCUD','FAN55565','Premium',121,453.86,'Occasional','PayPal'
'MEM_DM3WU','FAN76359','Diamond',66,4863.14,'Occasional','Crypto'
'MEM_G6E5O','FAN69908','Diamond',847,107.70,'Daily','Crypto'
'MEM_W7Y4C','FAN60874','Free',976,6837.37,'Occasional','Credit Card'
'MEM_5RU09','FAN69648','Basic',106,8005.15,'Occasional','PayPal'
'MEM_DKTX5','FAN68504','Basic',862,6066.50,'Daily','Credit Card'
'MEM_4DIC2','FAN27103','Premium',789,5828.32,'Occasional','PayPal'
'MEM_YLJQU','FAN37271','Free',345,7916.68,'Weekly','Credit Card'
'MEM_6CQTF','FAN68838','Basic',130,9453.06,'Weekly','Crypto'
'MEM_ZZJ2T','FAN24759','Premium',949,5365.39,'Daily','Crypto'
'MEM_C4PVC','FAN81094','Premium',1054,7208.46,'Daily','Credit Card'
'MEM_7W0F3','FAN51831','Basic',528,2245.00,'Monthly','Mobile Payment'
'MEM_LZ1SR','FAN28008','Premium',956,9745.63,'Occasional','Mobile Payment'
'MEM_L5SZQ','FAN77861','Diamond',11,4393.90,'Monthly','Crypto'
'MEM_XAWEM','FAN76668','Free',332,8678.72,'Occasional','Crypto'
'MEM_BK0TS','FAN66376','Basic',75,7925.61,'Weekly','PayPal'
'MEM_MGC87','FAN61384','Basic',873,9613.65,'Daily','PayPal'
'MEM_HDHP0','FAN18744','Basic',546,8826.45,'Monthly','Crypto'
'MEM_7R5SQ','FAN99669','Diamond',357,2888.91,'Weekly','PayPal'
'MEM_UAKWX','FAN21722','Free',434,5382.88,'Monthly','Mobile Payment'
'MEM_G576V','FAN44608','Free',51,8350.85,'Weekly','Credit Card'
'MEM_386Y0','FAN63594','Premium',812,9217.76,'Monthly','Mobile Payment'
'MEM_TI9CE','FAN27741','Diamond',254,7110.78,'Monthly','Mobile Payment'
'MEM_GQEDZ','FAN15507','Premium',294,9056.94,'Weekly','Mobile Payment'
'MEM_HQ9NU','FAN12051','Basic',876,6900.59,'Daily','Crypto'
'MEM_W2XZ6','FAN92436','Basic',268,4336.46,'Daily','Credit Card'
'MEM_QOHHU','FAN53141','Premium',823,9439.68,'Weekly','Crypto'
'MEM_BLABN','FAN13591','Free',347,9501.79,'Occasional','Mobile Payment'
'MEM_598TZ','FAN99103','Basic',525,7179.36,'Daily','Crypto'
'MEM_AD2FX','FAN28744','Premium',641,4852.39,'Daily','Crypto'
'MEM_1RF4L','FAN47252','Diamond',258,6671.06,'Weekly','Credit Card'
'MEM_ELK4X','FAN94492','Premium',902,83.47,'Monthly','Mobile Payment'
'MEM_DBHK7','FAN22036','Diamond',892,3853.36,'Daily','PayPal'
'MEM_LDHND','FAN52003','Diamond',425,9456.84,'Monthly','Mobile Payment'
'MEM_ROGM4','FAN11317','Basic',492,598.51,'Monthly','Credit Card'
'MEM_V9A1Q','FAN59236','Premium',516,5926.81,'Occasional','Credit Card'
'MEM_TTVYE','FAN60516','Free',184,7889.66,'Daily','PayPal'
'MEM_2IX8C','FAN71556','Diamond',613,3234.15,'Weekly','PayPal'
'MEM_L0QWM','FAN46190','Diamond',997,7912.78,'Weekly','Crypto'
'MEM_AQM9F','FAN59260','Premium',516,8260.21,'Occasional','Crypto'
'MEM_1A218','FAN51349','Diamond',885,3898.80,'Daily','Mobile Payment'
'MEM_J8KS3','FAN36157','Free',818,5069.81,'Monthly','Credit Card'
'MEM_43W1W','FAN34183','Diamond',364,3501.82,'Monthly','Credit Card'
'MEM_ASJ0J','FAN43658','Premium',11,3997.94,'Weekly','Mobile Payment'
'MEM_KFQOE','FAN97946','Diamond',950,705.10,'Daily','Mobile Payment'
'MEM_OZW1C','FAN27859','Premium',492,1993.46,'Monthly','Mobile Payment'
'MEM_86083','FAN49655','Free',1077,9905.01,'Daily','Credit Card'
'MEM_XCJH7','FAN87976','Basic',1056,485.31,'Weekly','PayPal'
'MEM_YNJZR','FAN54146','Premium',1013,3380.13,'Daily','PayPal'
'MEM_V9X5S','FAN92757','Basic',160,4885.26,'Daily','Mobile Payment'
'MEM_9F3NA','FAN67797','Free',230,2741.40,'Weekly','Crypto'
'MEM_BNCVS','FAN12011','Premium',821,1467.69,'Monthly','Credit Card'
'MEM_VLT3W','FAN26120','Diamond',1038,3546.20,'Monthly','Credit Card'
'MEM_2LA5B','FAN99676','Basic',689,7041.77,'Occasional','Crypto'
'MEM_YDZM1','FAN51670','Premium',877,661.76,'Weekly','Mobile Payment'
'MEM_MC5IR','FAN66107','Basic',811,6883.55,'Daily','Mobile Payment'
'MEM_PAJAF','FAN89784','Free',357,5949.50,'Monthly','PayPal'
'MEM_5H6ZC','FAN86852','Free',228,2649.78,'Monthly','Credit Card'
'MEM_BXKEM','FAN49739','Basic',93,9651.86,'Weekly','Credit Card'
'MEM_1M13K','FAN43030','Free',470,2427.25,'Weekly','Crypto'
'MEM_ACI6K','FAN23581','Diamond',379,5658.87,'Weekly','Credit Card'
'MEM_VYQZB','FAN68005','Diamond',907,6191.22,'Monthly','PayPal'
'MEM_2F8MT','FAN65950','Premium',529,842.74,'Occasional','Credit Card'
'MEM_MTWN2','FAN63168','Diamond',669,7377.63,'Occasional','PayPal'
'MEM_H7FDZ','FAN78696','Basic',337,8740.27,'Weekly','Crypto'
'MEM_3VKG2','FAN20470','Free',826,4195.48,'Occasional','Credit Card'
'MEM_DFFYZ','FAN46160','Diamond',34,6627.70,'Weekly','PayPal'
'MEM_3T1OT','FAN89766','Basic',704,1472.09,'Occasional','PayPal'
'MEM_Z77YJ','FAN78201','Premium',283,5703.89,'Monthly','Credit Card'
'MEM_ZBK1D','FAN97792','Basic',712,8755.66,'Daily','Credit Card'
'MEM_H8ROC','FAN82613','Basic',297,7733.69,'Occasional','Credit Card'
'MEM_JZNRI','FAN18339','Basic',179,8755.59,'Weekly','Crypto'
'MEM_U8VVH','FAN61553','Diamond',708,6862.01,'Occasional','Credit Card'
'MEM_6OVKN','FAN85941','Free',696,7683.44,'Daily','Credit Card'
'MEM_O2GO6','FAN42992','Free',396,2299.48,'Weekly','Mobile Payment'
'MEM_8HEA0','FAN51996','Diamond',65,230.61,'Daily','Credit Card'
'MEM_ETLXP','FAN23094','Basic',710,8034.16,'Occasional','Crypto'
'MEM_9O19B','FAN55335','Premium',366,5763.73,'Daily','Credit Card'
'MEM_5TN93','FAN46421','Diamond',453,8460.03,'Daily','Credit Card'
'MEM_76366','FAN25030','Diamond',405,4194.97,'Monthly','Mobile Payment'
'MEM_3JZK1','FAN58628','Premium',492,3053.50,'Daily','Crypto'
'MEM_86Q89','FAN81203','Basic',469,1914.24,'Weekly','Crypto'
'MEM_ZPZXY','FAN52487','Premium',233,581.58,'Occasional','PayPal'
'MEM_OT1LP','FAN53666','Free',982,6701.96,'Weekly','Credit Card'
'MEM_0HVB7','FAN76015','Premium',485,5190.49,'Weekly','Credit Card'
'MEM_YGL3Z','FAN45518','Basic',1016,6331.55,'Monthly','Credit Card'
'MEM_6Y3SV','FAN20179','Diamond',669,8289.89,'Monthly','Crypto'
'MEM_R791N','FAN21619','Diamond',202,7865.73,'Weekly','Crypto'
'MEM_BEL47','FAN91620','Basic',192,1193.66,'Daily','PayPal'
'MEM_8W0T9','FAN56603','Basic',908,5920.14,'Weekly','Credit Card'
'MEM_AWMY4','FAN30619','Diamond',865,1843.02,'Daily','Credit Card'
'MEM_KCYM3','FAN53411','Free',406,2618.43,'Weekly','PayPal'
'MEM_AR49B','FAN41372','Free',709,4430.31,'Daily','Credit Card'
'MEM_3E7XZ','FAN88144','Basic',1034,9851.41,'Monthly','Mobile Payment'
'MEM_9S6RO','FAN17305','Basic',231,1368.87,'Weekly','Credit Card'
'MEM_JF52P','FAN13101','Diamond',1037,2390.29,'Occasional','Credit Card'
'MEM_6XL4Y','FAN24328','Diamond',929,1405.05,'Occasional','Crypto'
'MEM_KYS3I','FAN44737','Diamond',216,2975.93,'Occasional','PayPal'
'MEM_8HRH7','FAN41668','Diamond',545,3271.65,'Occasional','Credit Card'
'MEM_I2NXQ','FAN60962','Free',942,6313.99,'Daily','Mobile Payment'
'MEM_X1GV9','FAN84725','Premium',411,4125.50,'Occasional','Crypto'
'MEM_EABVR','FAN90086','Diamond',261,6953.00,'Monthly','Crypto'
'MEM_MUTY2','FAN93514','Basic',597,3793.50,'Occasional','PayPal'
'MEM_YW0VK','FAN74146','Free',868,3861.21,'Monthly','Credit Card'
'MEM_PZQFD','FAN79529','Premium',176,234.46,'Weekly','Crypto'
'MEM_KDM6K','FAN63754','Premium',1021,1398.42,'Weekly','Crypto'
'MEM_D89BT','FAN31704','Diamond',302,8404.53,'Weekly','Credit Card'
'MEM_XGYGC','FAN71571','Basic',638,8092.48,'Occasional','PayPal'
'MEM_00EKB','FAN49768','Basic',216,174.46,'Daily','Mobile Payment'
'MEM_0VEN9','FAN55033','Free',142,9686.85,'Daily','Mobile Payment'
'MEM_6L5W0','FAN65906','Premium',624,534.79,'Monthly','PayPal'
'MEM_VKD7T','FAN48718','Diamond',950,8158.58,'Daily','Mobile Payment'
'MEM_E1YOP','FAN79066','Free',663,7186.76,'Monthly','Mobile Payment'
'MEM_X8D8A','FAN62595','Free',940,3832.08,'Weekly','PayPal'
'MEM_MKTA3','FAN75077','Basic',191,751.01,'Daily','Credit Card'
'MEM_YM4JW','FAN63233','Diamond',395,7988.11,'Monthly','Credit Card'
'MEM_C2Z2H','FAN45096','Premium',699,6984.83,'Monthly','PayPal'
'MEM_HHJNZ','FAN38674','Diamond',1055,843.93,'Monthly','Crypto'
'MEM_NWTBF','FAN56016','Basic',4,6127.41,'Monthly','PayPal'
'MEM_PKW1S','FAN10916','Free',139,9470.64,'Occasional','Credit Card'
'MEM_FHC65','FAN38502','Free',451,4338.41,'Weekly','Crypto'
'MEM_X1NRR','FAN16964','Basic',741,5014.02,'Weekly','Crypto'
'MEM_X4UDP','FAN39184','Premium',393,4495.08,'Monthly','Mobile Payment'
'MEM_8682M','FAN65810','Premium',226,563.84,'Occasional','Mobile Payment'
'MEM_WR9RH','FAN96589','Free',202,4401.98,'Weekly','Credit Card'
'MEM_GZGBF','FAN43604','Diamond',996,8900.17,'Daily','Mobile Payment'
'MEM_Q7IXN','FAN62703','Basic',706,5205.96,'Occasional','PayPal'
'MEM_ZOMQ3','FAN60774','Premium',59,1586.36,'Monthly','Mobile Payment'
'MEM_NNO2E','FAN12477','Free',229,5127.79,'Monthly','Mobile Payment'
'MEM_0XQ2P','FAN75403','Basic',910,5353.19,'Daily','Credit Card'
'MEM_GC64C','FAN59244','Basic',209,8743.12,'Daily','Mobile Payment'
'MEM_XYBK2','FAN72548','Basic',1093,2029.22,'Weekly','Credit Card'
'MEM_3TJKU','FAN19483','Premium',516,770.47,'Monthly','PayPal'
'MEM_M4BDP','FAN99292','Basic',1018,788.79,'Weekly','Crypto'
'MEM_XUOD5','FAN91089','Free',637,281.59,'Occasional','Credit Card'
'MEM_CCIYF','FAN24007','Premium',11,2880.02,'Occasional','Mobile Payment'
'MEM_EKEGK','FAN63324','Basic',926,1484.16,'Weekly','Crypto'
'MEM_X4I0C','FAN36922','Free',996,3442.71,'Daily','PayPal'
'MEM_1QDUA','FAN51164','Diamond',464,86.71,'Monthly','Crypto'
'MEM_12JRS','FAN68377','Free',989,9164.61,'Occasional','Mobile Payment'
'MEM_BZH3O','FAN23664','Free',367,411.44,'Monthly','PayPal'
'MEM_SA7X8','FAN78063','Basic',419,9420.00,'Weekly','Credit Card'
'MEM_4CTOD','FAN18993','Basic',872,6154.73,'Daily','PayPal'
'MEM_Y6KM0','FAN28303','Diamond',496,5382.51,'Monthly','PayPal'
'MEM_MP9JY','FAN97009','Premium',643,8455.54,'Monthly','PayPal'
'MEM_WZFO4','FAN15580','Free',396,5129.78,'Weekly','Credit Card'
'MEM_6Z29K','FAN46523','Basic',72,8604.73,'Occasional','Credit Card'
'MEM_7Y2E2','FAN59610','Basic',725,3656.85,'Daily','Mobile Payment'
'MEM_RQ257','FAN56380','Basic',699,6349.49,'Occasional','Mobile Payment'
'MEM_5K3VZ','FAN58333','Premium',94,5707.86,'Occasional','PayPal'
'MEM_FRL3F','FAN59436','Diamond',595,2523.80,'Monthly','Credit Card'
'MEM_AO1F8','FAN86203','Basic',337,6821.96,'Daily','Mobile Payment'
'MEM_436FP','FAN41131','Diamond',682,4849.24,'Daily','Mobile Payment'
'MEM_8YFEF','FAN86181','Diamond',856,8598.37,'Weekly','Credit Card'
'MEM_AF04G','FAN88304','Premium',629,2489.32,'Daily','Crypto'
'MEM_W5DFO','FAN45147','Free',611,1070.57,'Daily','PayPal'
'MEM_JG3BJ','FAN42953','Premium',285,3125.63,'Monthly','PayPal'
'MEM_J5WO1','FAN21366','Free',225,4342.88,'Daily','PayPal'
'MEM_JVALP','FAN90360','Basic',804,6537.77,'Weekly','Crypto'
'MEM_190C4','FAN45285','Diamond',108,2937.58,'Weekly','Crypto'
'MEM_D64N5','FAN26229','Premium',1092,1474.10,'Daily','Credit Card'
'MEM_RKVEF','FAN66644','Basic',568,5944.90,'Occasional','Credit Card'
'MEM_OCWJ5','FAN44048','Premium',641,715.63,'Occasional','Credit Card'
'MEM_QC93D','FAN31492','Free',504,6067.22,'Daily','Mobile Payment'
'MEM_TNS8A','FAN83678','Diamond',910,4542.92,'Daily','Mobile Payment'
'MEM_966JK','FAN36400','Basic',392,7980.33,'Daily','Crypto'
'MEM_EV1RL','FAN57811','Free',895,1980.17,'Occasional','Credit Card'
'MEM_P56T0','FAN55979','Premium',520,3092.54,'Occasional','PayPal'
'MEM_T8FUS','FAN70384','Basic',896,6633.87,'Occasional','Mobile Payment'
'MEM_RATYZ','FAN44885','Premium',126,3967.12,'Occasional','Mobile Payment'
'MEM_QPIZR','FAN66812','Premium',39,9764.90,'Occasional','Credit Card'
'MEM_S224Z','FAN70032','Diamond',546,5613.27,'Daily','Crypto'
'MEM_RGVBG','FAN90613','Premium',375,2720.99,'Monthly','Mobile Payment'
'MEM_3NTNI','FAN34715','Basic',385,9040.63,'Monthly','Mobile Payment'
'MEM_L9JCI','FAN40183','Basic',354,6115.45,'Monthly','Mobile Payment'
'MEM_TQ8OB','FAN66046','Premium',336,9366.41,'Daily','Mobile Payment'
'MEM_1E41H','FAN24513','Diamond',925,8554.43,'Daily','PayPal'
'MEM_VIEJQ','FAN72081','Diamond',428,3018.05,'Occasional','Mobile Payment'
'MEM_YWKL3','FAN76070','Premium',999,7705.61,'Occasional','Crypto'
'MEM_CRUV8','FAN47137','Premium',164,5926.87,'Monthly','Credit Card'
'MEM_Z1QFD','FAN95371','Diamond',157,5014.93,'Occasional','Mobile Payment'
'MEM_6WBO3','FAN49702','Diamond',962,8369.38,'Weekly','Credit Card'
'MEM_VCILQ','FAN38970','Basic',678,9005.59,'Occasional','Crypto'
'MEM_LJF9R','FAN37549','Basic',821,5300.23,'Monthly','Mobile Payment'
'MEM_YIQKW','FAN61818','Free',848,2780.69,'Daily','PayPal'
'MEM_JPWW3','FAN77646','Basic',370,3971.39,'Occasional','Crypto'
'MEM_ANBGN','FAN36888','Basic',1016,8347.62,'Daily','Crypto'
'MEM_SXRJ1','FAN62510','Basic',913,1507.43,'Occasional','Mobile Payment'
'MEM_D7IO0','FAN34364','Premium',68,5350.89,'Occasional','Crypto'
'MEM_96R0F','FAN26123','Free',661,1531.01,'Occasional','PayPal'
'MEM_YMTAM','FAN56718','Free',594,543.88,'Monthly','Crypto'
'MEM_JOC42','FAN28015','Free',668,2452.09,'Monthly','Mobile Payment'
'MEM_KFTZV','FAN57363','Diamond',173,7500.52,'Occasional','Mobile Payment'
'MEM_ARR3J','FAN33610','Premium',65,3701.13,'Weekly','Mobile Payment'
'MEM_ECF8V','FAN88967','Premium',848,7630.25,'Monthly','Credit Card'
'MEM_4EWR4','FAN48271','Premium',897,50.47,'Daily','Mobile Payment'
'MEM_H8FTO','FAN30852','Free',1059,5928.98,'Daily','Crypto'
'MEM_1OO27','FAN56436','Diamond',23,4203.41,'Daily','Credit Card'
'MEM_FPHIM','FAN46700','Basic',976,8713.77,'Occasional','Crypto'
'MEM_49A2K','FAN58092','Free',202,5275.40,'Monthly','Credit Card'
'MEM_RI81L','FAN12424','Free',948,5624.39,'Occasional','Mobile Payment'
'MEM_GEDWS','FAN47749','Free',515,259.00,'Occasional','Credit Card'
'MEM_5EOF0','FAN38539','Basic',742,16.34,'Monthly','Credit Card'
'MEM_E9LOO','FAN65815','Free',391,5219.05,'Monthly','Credit Card'
'MEM_XEAXT','FAN68185','Premium',104,1049.06,'Weekly','PayPal'
'MEM_IQTMG','FAN34026','Premium',75,1548.95,'Occasional','PayPal'
'MEM_151NO','FAN21277','Diamond',290,2460.09,'Daily','Credit Card'
'MEM_8K3IC','FAN28135','Diamond',198,1721.17,'Weekly','Mobile Payment'
'MEM_MMFTK','FAN69419','Free',891,5022.53,'Weekly','Crypto'
'MEM_C1ZC0','FAN85956','Basic',879,8400.68,'Monthly','Credit Card'
'MEM_XPIAE','FAN79004','Free',17,3382.30,'Weekly','Mobile Payment'
'MEM_79LAK','FAN98560','Free',861,7285.95,'Monthly','Crypto'
'MEM_S30C5','FAN19885','Premium',71,1799.33,'Monthly','Mobile Payment'
'MEM_UGKHQ','FAN40606','Basic',135,1737.04,'Weekly','PayPal'
'MEM_CIZJP','FAN73978','Free',659,821.70,'Weekly','Credit Card'
'MEM_MZFN7','FAN50413','Diamond',588,7154.93,'Daily','Crypto'
'MEM_J2X4G','FAN23531','Basic',977,1605.43,'Monthly','PayPal'
'MEM_OTCWZ','FAN13537','Premium',302,8734.56,'Daily','PayPal'
'MEM_GDIFN','FAN58630','Premium',609,8223.31,'Occasional','Credit Card'
'MEM_4F21Q','FAN90725','Basic',1074,5309.61,'Monthly','Crypto'
'MEM_FTXVT','FAN81198','Free',383,6651.92,'Monthly','PayPal'
'MEM_9OKE6','FAN14739','Diamond',82,4854.46,'Weekly','Credit Card'
'MEM_CWQDT','FAN48612','Premium',377,4410.62,'Monthly','Credit Card'
'MEM_04NY0','FAN96410','Free',203,6015.87,'Occasional','PayPal'
'MEM_N4FRX','FAN17467','Premium',1024,8713.46,'Daily','Crypto'
'MEM_QGGC4','FAN88321','Diamond',175,9045.16,'Weekly','PayPal'
'MEM_L1VOU','FAN15468','Premium',1037,4835.89,'Occasional','Crypto'
'MEM_XIO22','FAN64547','Free',668,5522.06,'Daily','Credit Card'
'MEM_579LQ','FAN97648','Diamond',34,8672.84,'Monthly','Credit Card'
'MEM_K7DJZ','FAN45038','Basic',370,5268.22,'Daily','Crypto'
'MEM_4CED0','FAN39245','Premium',528,927.05,'Occasional','PayPal'
'MEM_YUDSJ','FAN93517','Free',490,3027.18,'Weekly','Mobile Payment'
'MEM_DBS32','FAN91180','Diamond',264,7929.83,'Occasional','Crypto'
'MEM_0CYJW','FAN54382','Premium',471,1189.31,'Occasional','Mobile Payment'
'MEM_8UBHJ','FAN98913','Premium',659,267.14,'Daily','PayPal'
'MEM_P19JP','FAN71338','Free',552,9597.01,'Monthly','Credit Card'
'MEM_NXKV9','FAN17554','Free',999,1768.67,'Weekly','PayPal'
'MEM_Q2LCI','FAN74624','Diamond',1037,8272.07,'Monthly','Credit Card'
'MEM_GYE7M','FAN60478','Diamond',991,7319.39,'Weekly','Crypto'
'MEM_V7EEJ','FAN74992','Basic',451,3843.58,'Monthly','Credit Card'
'MEM_ZEP42','FAN88883','Diamond',75,8817.95,'Monthly','Credit Card'
'MEM_FXS60','FAN11326','Basic',121,1789.57,'Monthly','PayPal'
'MEM_SBDP0','FAN75900','Free',778,3127.69,'Daily','Crypto'
'MEM_GDT67','FAN11936','Basic',617,8494.42,'Occasional','PayPal'
'MEM_S6YW0','FAN39621','Free',593,4877.05,'Occasional','Credit Card'
'MEM_82O09','FAN98039','Basic',1057,6777.31,'Weekly','Mobile Payment'
'MEM_RE0X0','FAN69067','Basic',1083,84.30,'Monthly','Credit Card'
'MEM_9URGV','FAN10080','Premium',114,2905.67,'Daily','Crypto'
'MEM_EOIPO','FAN30513','Free',108,8369.55,'Occasional','Crypto'
'MEM_RMSBK','FAN17198','Diamond',832,1387.78,'Occasional','PayPal'
'MEM_KZRYS','FAN51206','Free',310,2669.78,'Daily','Crypto'
'MEM_5P9K2','FAN63493','Diamond',462,8261.66,'Weekly','Crypto'
'MEM_JHCBM','FAN67005','Diamond',167,211.91,'Occasional','Credit Card'
'MEM_O0D91','FAN26628','Basic',543,4057.79,'Monthly','Mobile Payment'
'MEM_U2HRV','FAN54072','Basic',574,7211.65,'Occasional','PayPal'
'MEM_0NQ5L','FAN77941','Diamond',235,3115.77,'Weekly','Crypto'
'MEM_GO1R5','FAN44565','Premium',784,7222.72,'Occasional','PayPal'
'MEM_1MJBJ','FAN42095','Basic',712,1996.81,'Monthly','Crypto'
'MEM_S9ABQ','FAN77056','Basic',336,3788.95,'Weekly','PayPal'
'MEM_35QMY','FAN37779','Diamond',940,2394.93,'Occasional','Credit Card'
'MEM_ZVEZO','FAN71822','Diamond',85,1816.17,'Occasional','Crypto'
'MEM_FWM7G','FAN71077','Free',236,5685.56,'Weekly','Crypto'
'MEM_TWSX3','FAN93890','Basic',911,9060.06,'Occasional','PayPal'
'MEM_PJ0RO','FAN11859','Diamond',649,3584.87,'Daily','PayPal'
'MEM_3DDMP','FAN20347','Diamond',491,8719.03,'Daily','Mobile Payment'
'MEM_0E42M','FAN39455','Diamond',430,5081.20,'Weekly','Credit Card'
'MEM_AMO5K','FAN15049','Premium',1037,3933.03,'Weekly','Credit Card'
'MEM_SVHMB','FAN60223','Premium',804,446.75,'Weekly','Credit Card'
'MEM_B9GXM','FAN12824','Basic',778,4609.47,'Occasional','PayPal'
'MEM_76DWB','FAN70067','Diamond',1062,7168.90,'Daily','Mobile Payment'
'MEM_CESU1','FAN51909','Basic',928,2952.96,'Occasional','Mobile Payment'
'MEM_KJG3R','FAN98618','Diamond',1050,4183.61,'Daily','Credit Card'
'MEM_BRWT7','FAN31513','Diamond',639,7907.53,'Monthly','Mobile Payment'
'MEM_ID5GK','FAN71235','Premium',299,1768.69,'Weekly','Crypto'
'MEM_ZOTW1','FAN12562','Premium',450,5104.81,'Monthly','Mobile Payment'
'MEM_U22MQ','FAN12904','Premium',995,4160.94,'Weekly','Mobile Payment'
'MEM_HXQIY','FAN65695','Basic',367,9119.27,'Daily','Mobile Payment'
'MEM_71VAM','FAN39194','Premium',17,3940.95,'Monthly','Mobile Payment'
'MEM_V0UVV','FAN62804','Basic',428,8532.78,'Monthly','Credit Card'
'MEM_UAUPD','FAN30968','Premium',417,7677.98,'Daily','Mobile Payment'
'MEM_RLD8K','FAN47763','Free',914,3367.44,'Daily','PayPal'
'MEM_QVT2B','FAN47924','Basic',365,7807.26,'Daily','Mobile Payment'
'MEM_JE75K','FAN78615','Premium',939,8696.45,'Weekly','Credit Card'
'MEM_4OARH','FAN23319','Basic',844,4880.91,'Daily','Mobile Payment'
'MEM_M4L9Z','FAN75313','Premium',687,933.13,'Occasional','PayPal'
'MEM_CI3IB','FAN13928','Basic',376,8278.58,'Weekly','Credit Card'
'MEM_X6BF3','FAN19149','Free',436,8707.41,'Daily','Credit Card'
'MEM_87N1G','FAN51871','Diamond',543,4433.31,'Weekly','Mobile Payment'
'MEM_RHT5M','FAN65837','Diamond',1022,3699.49,'Daily','PayPal'
'MEM_76DRJ','FAN90369','Free',202,1414.34,'Daily','PayPal'
'MEM_Q2DOF','FAN81397','Diamond',953,7650.64,'Occasional','Credit Card'
'MEM_IUI7K','FAN66955','Premium',1005,4565.83,'Weekly','Crypto'
'MEM_KMBFZ','FAN60167','Diamond',220,9221.36,'Weekly','Mobile Payment'
'MEM_E8G7I','FAN34797','Diamond',778,94.16,'Weekly','Crypto'
'MEM_QBB3B','FAN91910','Basic',1000,9445.10,'Occasional','PayPal'
'MEM_W1TL6','FAN79067','Basic',802,4701.61,'Daily','PayPal'
'MEM_S62W4','FAN46679','Free',815,244.42,'Occasional','Credit Card'
'MEM_DDCXW','FAN46760','Diamond',153,5275.73,'Monthly','PayPal'
'MEM_5XXTB','FAN34422','Free',15,4948.24,'Daily','PayPal'
'MEM_XAU77','FAN68116','Diamond',871,9834.83,'Weekly','Mobile Payment'
'MEM_PQBGH','FAN82569','Diamond',74,1948.23,'Weekly','Credit Card'
'MEM_KHJM8','FAN76337','Free',466,3330.55,'Occasional','Credit Card'
'MEM_RGPQ1','FAN92697','Free',1033,2632.48,'Monthly','Crypto'
'MEM_5U594','FAN38959','Diamond',929,1084.62,'Weekly','PayPal'
'MEM_1IEIS','FAN74260','Diamond',863,1561.62,'Occasional','Crypto'
'MEM_FJZ8D','FAN29831','Premium',129,583.85,'Daily','PayPal'
'MEM_ATOG5','FAN51858','Free',615,9833.31,'Weekly','Credit Card'
'MEM_UJLS9','FAN80566','Premium',3,1560.40,'Daily','Credit Card'
'MEM_YP5GG','FAN63646','Premium',932,1314.84,'Weekly','PayPal'
'MEM_TIX55','FAN14036','Basic',398,7410.69,'Occasional','Crypto'
'MEM_S34W3','FAN97007','Basic',956,9655.37,'Occasional','PayPal'
'MEM_6VTDF','FAN77515','Premium',710,2945.32,'Occasional','Credit Card'
'MEM_8H7NJ','FAN49225','Premium',166,4674.09,'Weekly','Credit Card'
'MEM_DG4Z6','FAN72641','Basic',222,4002.99,'Occasional','Credit Card'
'MEM_I6SH2','FAN83146','Basic',543,2059.60,'Daily','Credit Card'
'MEM_9H7IP','FAN73110','Premium',876,146.96,'Daily','Crypto'
'MEM_7X5UI','FAN78228','Diamond',545,6687.72,'Daily','PayPal'
'MEM_A1NTG','FAN51094','Diamond',999,1610.65,'Weekly','Credit Card'
'MEM_M6GEE','FAN61277','Diamond',796,5158.22,'Monthly','PayPal'
'MEM_71DR5','FAN86050','Free',266,8837.74,'Occasional','PayPal'
'MEM_F9DOT','FAN85645','Premium',728,6310.69,'Daily','Mobile Payment'
'MEM_XHU2T','FAN35910','Diamond',913,6823.59,'Daily','PayPal'
'MEM_B3GQO','FAN34837','Diamond',397,4087.79,'Occasional','PayPal'
'MEM_XBB04','FAN80370','Premium',753,3180.42,'Occasional','Crypto'
'MEM_C6H8Q','FAN19885','Diamond',940,7270.42,'Daily','Crypto'
'MEM_ZY1Z4','FAN61482','Free',69,4102.15,'Weekly','Crypto'
'MEM_19GSB','FAN41218','Diamond',722,1976.51,'Occasional','Credit Card'
'MEM_MEBSS','FAN41580','Diamond',313,2084.89,'Weekly','Mobile Payment'
'MEM_4Q6KH','FAN63158','Diamond',334,6157.28,'Monthly','PayPal'
'MEM_TBTXJ','FAN97866','Premium',473,1158.01,'Monthly','Credit Card'
'MEM_W1H8J','FAN20462','Premium',148,2326.40,'Monthly','Credit Card'
'MEM_UMG7O','FAN14375','Free',315,8977.39,'Daily','Credit Card'
'MEM_0EXUI','FAN18832','Free',745,8548.90,'Occasional','Credit Card'
'MEM_PYAKT','FAN20353','Basic',361,7500.72,'Daily','Credit Card'
'MEM_UYG2T','FAN63468','Diamond',779,2205.99,'Weekly','Crypto'
'MEM_YM8LX','FAN95916','Diamond',387,185.18,'Weekly','PayPal'
'MEM_LDWI2','FAN88631','Free',699,8180.91,'Occasional','Credit Card'
'MEM_8OKFU','FAN95477','Premium',438,6431.19,'Occasional','PayPal'
'MEM_3CE27','FAN31747','Basic',379,270.06,'Monthly','Crypto'
'MEM_LPDXF','FAN42803','Diamond',318,3695.56,'Weekly','Credit Card'
'MEM_991GF','FAN19946','Free',949,5043.20,'Daily','Credit Card'
'MEM_IPULY','FAN47784','Free',28,9628.58,'Weekly','PayPal'
'MEM_Q583Q','FAN59017','Premium',541,5842.90,'Occasional','PayPal'
'MEM_WHMEH','FAN99517','Diamond',95,9410.83,'Occasional','Credit Card'
'MEM_6CFX4','FAN10010','Diamond',812,4895.86,'Occasional','Mobile Payment'
'MEM_3U86U','FAN22317','Premium',667,5327.35,'Monthly','Credit Card'
'MEM_1YRLA','FAN94960','Diamond',540,5305.63,'Daily','Mobile Payment'
'MEM_M35KR','FAN34096','Free',550,9713.57,'Occasional','Crypto'
'MEM_GLCHY','FAN34943','Premium',160,4999.26,'Weekly','PayPal'
'MEM_6LRTG','FAN55982','Free',545,2604.60,'Occasional','Mobile Payment'
'MEM_16QUJ','FAN82517','Diamond',79,7718.86,'Occasional','PayPal'
'MEM_BTMFD','FAN65980','Free',822,4329.91,'Daily','Credit Card'
'MEM_E6MFN','FAN75452','Basic',38,9304.09,'Monthly','PayPal'
'MEM_0GZ5I','FAN72565','Basic',860,1647.21,'Occasional','Mobile Payment'
'MEM_39ZD2','FAN81472','Diamond',481,3901.18,'Weekly','Credit Card'
'MEM_IX15Q','FAN21762','Free',730,7238.52,'Monthly','Credit Card'
'MEM_G39BL','FAN38080','Premium',883,4783.12,'Weekly','Credit Card'
'MEM_09SUV','FAN23926','Free',559,4745.42,'Monthly','Crypto'
'MEM_2HB4S','FAN11477','Free',364,232.33,'Monthly','Crypto'
'MEM_8F7PC','FAN80947','Diamond',978,4371.07,'Monthly','Crypto'
'MEM_89ZO1','FAN42255','Diamond',994,2934.21,'Weekly','Mobile Payment'
'MEM_X39EY','FAN61698','Free',214,9429.03,'Daily','Credit Card'
'MEM_JCT8I','FAN69797','Free',202,6624.99,'Daily','Crypto'
'MEM_MNM3A','FAN99818','Free',145,1475.25,'Monthly','Crypto'
'MEM_EF7RI','FAN40870','Premium',57,3962.77,'Occasional','Crypto'
'MEM_IJKL7','FAN59126','Free',1076,6621.42,'Weekly','Credit Card'
'MEM_TMGWO','FAN21568','Basic',885,6937.51,'Daily','Crypto'
'MEM_XWCQT','FAN26230','Diamond',410,453.95,'Weekly','PayPal'
'MEM_7P9RH','FAN64590','Basic',718,3315.12,'Daily','Credit Card'
'MEM_UD9ML','FAN32730','Premium',22,7765.34,'Occasional','Crypto'
'MEM_TSXHS','FAN77588','Free',183,7007.28,'Occasional','Credit Card'
'MEM_3KUMJ','FAN27718','Basic',21,1060.33,'Daily','Crypto'
'MEM_3XDYO','FAN98318','Free',933,6272.74,'Daily','Crypto'
'MEM_QZZTZ','FAN27710','Basic',439,9696.72,'Daily','Credit Card'
'MEM_2ZMED','FAN78628','Free',61,1758.45,'Daily','Credit Card'
'MEM_EYBOL','FAN96032','Premium',801,9289.16,'Monthly','Crypto'
'MEM_QBRG3','FAN39296','Premium',764,2699.48,'Daily','Mobile Payment'
'MEM_OH9OJ','FAN97239','Free',500,2493.68,'Daily','Mobile Payment'
'MEM_N4WFR','FAN89586','Diamond',538,153.20,'Weekly','Crypto'
'MEM_CON97','FAN36610','Diamond',781,2179.75,'Weekly','Mobile Payment'
'MEM_NJKGN','FAN37329','Diamond',277,5418.70,'Daily','Crypto'
'MEM_K6AGA','FAN85920','Diamond',61,378.01,'Occasional','Crypto'
'MEM_PWOWL','FAN29872','Diamond',234,393.70,'Monthly','Crypto'
'MEM_AST0W','FAN43845','Free',1,2097.10,'Weekly','PayPal'
'MEM_RYV54','FAN33640','Basic',1057,9023.85,'Daily','Crypto'
'MEM_R0XED','FAN69449','Free',700,3871.05,'Daily','Mobile Payment'
'MEM_OTW14','FAN72095','Free',173,5626.71,'Occasional','Crypto'
'MEM_P9IAQ','FAN94149','Premium',919,4419.40,'Occasional','PayPal'
'MEM_HOMZF','FAN25169','Free',1062,904.71,'Weekly','Crypto'
'MEM_SB58S','FAN57756','Diamond',569,7424.98,'Monthly','Mobile Payment'
'MEM_RP10Z','FAN33002','Free',350,2943.95,'Monthly','Credit Card'
'MEM_A4TUJ','FAN29926','Diamond',613,1235.79,'Weekly','Credit Card'
'MEM_ZR3Y0','FAN20403','Diamond',1041,9917.77,'Occasional','Credit Card'
'MEM_SRS1N','FAN65155','Free',103,7613.95,'Monthly','Credit Card'
'MEM_95ILE','FAN78194','Basic',26,3644.97,'Monthly','Credit Card'
'MEM_NAVX1','FAN76857','Free',733,453.47,'Daily','Mobile Payment'
'MEM_Q2FPA','FAN64623','Diamond',259,9118.44,'Monthly','Crypto'
'MEM_YUEJL','FAN54657','Basic',251,3161.79,'Occasional','Credit Card'
'MEM_2IMMV','FAN68913','Basic',236,6088.89,'Daily','Crypto'
'MEM_0ZFY0','FAN25620','Premium',871,5542.44,'Weekly','PayPal'
'MEM_V8J6Q','FAN46541','Free',33,3861.41,'Weekly','Crypto'
'MEM_49IBN','FAN13968','Basic',930,7567.65,'Monthly','PayPal'
'MEM_E34CE','FAN78152','Diamond',405,3530.35,'Weekly','Mobile Payment'
'MEM_717QW','FAN77843','Free',85,8977.67,'Daily','Credit Card'
'MEM_EOJ3O','FAN81903','Free',913,2009.83,'Daily','Mobile Payment'
'MEM_DO0BT','FAN63463','Basic',568,5138.30,'Daily','PayPal'
'MEM_LW1T8','FAN82252','Premium',21,8406.97,'Daily','Credit Card'
'MEM_RMJNV','FAN72551','Premium',712,3415.35,'Occasional','PayPal'
'MEM_2W7Y3','FAN83560','Premium',735,3051.97,'Weekly','Crypto'
'MEM_CM7CT','FAN29039','Basic',113,8665.76,'Weekly','PayPal'
'MEM_P7SWM','FAN85706','Free',900,7152.85,'Occasional','Credit Card'
'MEM_KT0QF','FAN87273','Free',661,3273.54,'Weekly','PayPal'
'MEM_DEUAV','FAN22593','Diamond',730,2773.96,'Monthly','Mobile Payment'
'MEM_WT6LA','FAN27275','Diamond',572,3070.80,'Occasional','PayPal'
'MEM_RL03H','FAN66600','Basic',772,8008.76,'Occasional','Crypto'
'MEM_ZXIOC','FAN95413','Diamond',210,6033.61,'Monthly','PayPal'
'MEM_57BHZ','FAN28080','Free',331,5227.70,'Monthly','Credit Card'
'MEM_N5JA8','FAN29642','Free',442,1725.77,'Daily','Mobile Payment'
