'SESS_H5R5F  ','FA410087    ','Burst','Medium',13.0,4759.73,322488,58.62,NULL
'SESS_331DO  ','FA122676    ','Burst','High',87.9,1882.65,701816,9.90,NULL
'SESS_LYBFV  ','FA731882    ','Burst','High',99.2,1993.14,675414,59.04,NULL
'SESS_CYLMN  ','FA626376    ','Bot-like','High',88.3,8599.52,742086,84.24,NULL
'SESS_IQ7VQ  ','FA460461    ','Burst','High',90.8,8452.39,130502,52.27,NULL
'SESS_PU720  ','FA362256    ','Random','Medium',70.2,2298.71,247936,76.60,NULL
'SESS_8K4Z0  ','FA849131    ','Random','Low',62.3,4291.73,258562,73.21,NULL
'SESS_VLU12  ','FA325870    ','Bot-like','Low',10.0,8153.16,41965,57.86,NULL
'SESS_XE1YR  ','FA447714    ','Bot-like','Suspicious',26.9,1913.37,1437,12.61,NULL
'SESS_NNERM  ','FA816610    ','Bot-like','Medium',54.6,6047.94,190757,77.26,NULL
'SESS_3IOLM  ','FA610919    ','Regular','Suspicious',60.4,3203.67,749777,99.10,NULL
'SESS_NA3I3  ','FA204500    ','Bot-like','High',15.5,8527.87,924546,92.38,NULL
'SESS_7WDRX  ','FA145986    ','Burst','Low',36.2,551.48,758632,10.49,NULL
'SESS_F2XBQ  ','FA806136    ','Regular','Medium',39.1,2736.10,938958,57.61,NULL
'SESS_R4YLZ  ','FA464619    ','Bot-like','Medium',78.4,4616.14,357563,86.24,NULL
'SESS_P5B1P  ','FA108504    ','Random','Suspicious',45.7,7641.20,496008,51.13,NULL
'SESS_WZATT  ','FA305113    ','Bot-like','Medium',10.4,6215.86,293001,24.68,NULL
'SESS_JZFKT  ','FA103459    ','Regular','Medium',30.7,8948.37,9419,50.28,NULL
'SESS_QANC2  ','FA312206    ','Regular','High',84.5,1378.00,735881,57.04,NULL
'SESS_0Q459  ','FA880761    ','Regular','Low',30.1,6496.98,978403,10.74,NULL
'SESS_QXB3R  ','FA762303    ','Burst','Low',29.8,8136.90,635439,27.70,NULL
'SESS_YW8N6  ','FA222561    ','Bot-like','High',86.3,8421.75,354364,20.83,NULL
'SESS_DQRR2  ','FA764882    ','Bot-like','Low',39.0,8642.13,265954,42.14,NULL
'SESS_BSDWV  ','FA242277    ','Random','Medium',57.9,9379.08,722407,40.31,NULL
'SESS_70NED  ','FA480164    ','Regular','Low',26.0,1366.37,375905,88.65,NULL
'SESS_AF2MG  ','FA388855    ','Random','Low',33.6,3844.13,485526,19.98,NULL
'SESS_0LG93  ','FA867295    ','Regular','Medium',67.0,5511.06,760816,99.48,NULL
'SESS_QA12U  ','FA881359    ','Burst','Low',65.6,4111.13,76435,89.01,NULL
'SESS_MUMF7  ','FA907297    ','Random','Medium',43.4,2690.24,747778,68.10,NULL
'SESS_EFNYI  ','FA547506    ','Regular','Suspicious',68.4,2920.80,177301,75.34,NULL
'SESS_JQX0K  ','FA161257    ','Random','Medium',29.8,2458.64,604455,72.38,NULL
'SESS_K4MKL  ','FA976751    ','Regular','Low',54.8,1553.65,511696,27.34,NULL
'SESS_IA2CV  ','FA948745    ','Regular','Medium',82.1,3044.96,825028,49.06,NULL
'SESS_IV63Y  ','FA543814    ','Bot-like','Suspicious',26.5,692.50,697709,73.23,NULL
'SESS_NMO55  ','FA267579    ','Bot-like','Medium',84.4,3233.26,665257,79.44,NULL
'SESS_I4ZK1  ','FA123409    ','Burst','Low',54.4,9702.01,662532,55.54,NULL
'SESS_KKSX7  ','FA922512    ','Bot-like','Suspicious',27.3,4845.28,120211,64.22,NULL
'SESS_ATL9R  ','FA522086    ','Burst','Low',84.8,2351.10,750950,54.57,NULL
'SESS_IP6T8  ','FA306576    ','Burst','Low',24.6,6197.98,471534,47.20,NULL
'SESS_SNUX9  ','FA217440    ','Random','High',13.4,3926.26,868494,4.37,NULL
'SESS_W5RE6  ','FA168130    ','Random','High',35.3,1078.94,33587,17.98,NULL
'SESS_PJS1V  ','FA564598    ','Bot-like','Low',91.3,7526.47,998635,26.69,NULL
'SESS_JOKZV  ','FA500284    ','Random','Suspicious',24.7,226.33,237222,6.40,NULL
'SESS_0V1WX  ','FA573121    ','Random','High',82.4,7687.28,803989,73.66,NULL
'SESS_RYX41  ','FA638968    ','Random','Low',78.9,7412.03,261648,90.92,NULL
'SESS_77EZL  ','FA992002    ','Burst','Medium',62.3,1416.01,816613,34.69,NULL
'SESS_23BB5  ','FA625358    ','Random','Medium',75.2,7701.32,378819,83.69,NULL
'SESS_GY2DT  ','FA508809    ','Regular','Suspicious',79.1,2047.04,350053,99.39,NULL
'SESS_FFB8T  ','FA492014    ','Burst','High',81.0,4321.40,77077,31.59,NULL
'SESS_IUILO  ','FA267178    ','Regular','Low',92.6,5152.81,215219,15.46,NULL
'SESS_QF6BO  ','FA324357    ','Random','Low',39.0,9283.32,289349,0.23,NULL
'SESS_2CZX9  ','FA164406    ','Bot-like','Low',91.1,7679.66,408811,61.62,NULL
'SESS_G4TIT  ','FA187304    ','Regular','Low',96.7,4481.61,73155,86.20,NULL
'SESS_ZU5N3  ','FA777567    ','Burst','Suspicious',44.6,6155.35,53221,61.97,NULL
'SESS_X6J1I  ','FA391016    ','Regular','Suspicious',54.0,7835.82,709180,49.63,NULL
'SESS_6UPJH  ','FA278977    ','Bot-like','High',25.9,6299.66,782926,61.22,NULL
'SESS_EPA1F  ','FA789218    ','Random','High',77.5,6553.35,220795,1.74,NULL
'SESS_R8OLM  ','FA962938    ','Bot-like','Low',87.7,4353.86,610736,51.15,NULL
'SESS_R3AYW  ','FA259192    ','Regular','Medium',77.2,2795.57,846966,42.07,NULL
'SESS_ZCY60  ','FA398835    ','Regular','Medium',0.8,238.98,517491,56.87,NULL
'SESS_IO3XX  ','FA279606    ','Random','Low',7.2,1544.17,300091,16.37,NULL
'SESS_GE478  ','FA212788    ','Random','Low',50.5,9236.48,570199,81.55,NULL
'SESS_F04XH  ','FA403763    ','Regular','Suspicious',16.2,5956.99,310573,87.81,NULL
'SESS_GZZVP  ','FA250207    ','Bot-like','Suspicious',10.3,8589.91,762533,95.58,NULL
'SESS_671TQ  ','FA458773    ','Regular','Low',88.2,5353.84,267939,35.58,NULL
'SESS_9TWR8  ','FA142240    ','Bot-like','Low',88.5,379.39,487015,63.36,NULL
'SESS_S67YH  ','FA973776    ','Burst','Medium',91.2,1029.19,907967,56.41,NULL
'SESS_P0PMW  ','FA970068    ','Bot-like','High',52.1,398.56,398182,41.73,NULL
'SESS_M950W  ','FA587430    ','Regular','Low',94.4,923.81,571440,76.09,NULL
'SESS_LXS16  ','FA479789    ','Bot-like','High',56.3,8097.77,835644,38.16,NULL
'SESS_98CLZ  ','FA340291    ','Bot-like','Low',36.8,1856.95,665883,49.54,NULL
'SESS_VE55K  ','FA362276    ','Random','Low',53.3,9946.43,689304,89.32,NULL
'SESS_RS8LK  ','FA559759    ','Bot-like','Low',63.9,2853.38,30437,27.56,NULL
'SESS_YDYKW  ','FA800722    ','Regular','High',92.0,2652.94,602140,65.84,NULL
'SESS_EDUMP  ','FA960818    ','Bot-like','Low',72.6,1071.38,273038,17.27,NULL
'SESS_2DOZU  ','FA641974    ','Bot-like','Low',14.1,9626.89,531677,63.49,NULL
'SESS_1IBAJ  ','FA104303    ','Bot-like','High',76.3,1357.90,91147,60.81,NULL
'SESS_B0MQK  ','FA266829    ','Random','Low',30.8,4794.13,660110,23.80,NULL
'SESS_P8S5M  ','FA311091    ','Random','High',96.5,4604.15,338665,21.23,NULL
'SESS_OGHV6  ','FA577529    ','Bot-like','Low',59.1,5172.94,867002,67.42,NULL
'SESS_V0XG8  ','FA211751    ','Regular','Medium',71.1,946.85,716178,83.02,NULL
'SESS_3MAHQ  ','FA693258    ','Bot-like','Suspicious',30.5,8561.95,123192,94.24,NULL
'SESS_XDAOQ  ','FA345814    ','Regular','Suspicious',28.2,4548.75,388213,39.56,NULL
'SESS_MELS8  ','FA924715    ','Regular','Suspicious',94.8,7597.00,583923,59.92,NULL
'SESS_Q4VB8  ','FA332504    ','Random','Low',98.1,9000.25,582845,27.63,NULL
'SESS_5HMYM  ','FA736578    ','Regular','Low',55.9,4483.09,858680,88.65,NULL
'SESS_67ZSM  ','FA344340    ','Bot-like','High',85.3,1085.08,538646,34.96,NULL
'SESS_N941W  ','FA647912    ','Regular','Suspicious',61.5,6533.69,65704,83.94,NULL
'SESS_8V4VW  ','FA157805    ','Burst','High',45.3,4441.28,42788,12.93,NULL
'SESS_GXWK0  ','FA665309    ','Bot-like','Suspicious',11.7,5278.78,930597,98.52,NULL
'SESS_6FXDE  ','FA563491    ','Random','Suspicious',64.9,4629.78,385009,79.51,NULL
'SESS_ERPOO  ','FA564801    ','Burst','Suspicious',10.9,6845.72,921865,90.64,NULL
'SESS_Z1B0Z  ','FA963937    ','Regular','Suspicious',80.7,2706.28,985524,41.76,NULL
'SESS_2N3V7  ','FA752467    ','Regular','Suspicious',1.4,3039.62,782499,23.93,NULL
'SESS_JKHK3  ','FA262007    ','Random','Low',56.4,219.19,111662,65.78,NULL
'SESS_W6D7P  ','FA184905    ','Random','Medium',86.5,5017.23,194945,94.48,NULL
'SESS_OULFW  ','FA483620    ','Random','High',82.3,6947.86,305176,74.77,NULL
'SESS_RNCJR  ','FA562580    ','Regular','Suspicious',30.7,2449.36,136961,13.66,NULL
'SESS_IBMJN  ','FA959752    ','Regular','High',41.8,7549.31,920199,95.63,NULL
'SESS_DMY8B  ','FA264462    ','Bot-like','Medium',39.0,8819.59,512075,41.37,NULL
'SESS_C6SQ2  ','FA821287    ','Regular','Suspicious',1.6,2737.17,150908,45.50,NULL
'SESS_SE38T  ','FA990991    ','Bot-like','Suspicious',56.7,4844.67,513685,11.64,NULL
'SESS_LIN2I  ','FA517548    ','Regular','High',22.6,4032.81,384173,18.57,NULL
'SESS_ON11H  ','FA253101    ','Random','High',69.0,5595.91,605325,34.05,NULL
'SESS_R26MZ  ','FA415498    ','Bot-like','High',22.3,2475.83,585134,0.43,NULL
'SESS_EFQS4  ','FA577760    ','Random','Low',18.4,5649.30,611530,77.42,NULL
'SESS_5ZS21  ','FA230421    ','Burst','Suspicious',78.8,5714.51,234852,87.69,NULL
'SESS_O2RAH  ','FA590817    ','Burst','High',93.5,7819.84,694662,84.73,NULL
'SESS_GU6BR  ','FA695363    ','Regular','Low',85.5,5328.36,239016,1.25,NULL
'SESS_6232F  ','FA439758    ','Burst','Low',49.5,928.72,166851,20.67,NULL
'SESS_1BI67  ','FA378920    ','Bot-like','Medium',1.8,1845.73,666338,71.41,NULL
'SESS_H9WJG  ','FA167463    ','Random','Low',95.8,2620.76,216207,2.04,NULL
'SESS_D70PG  ','FA963775    ','Burst','Medium',47.3,5552.70,236847,55.44,NULL
'SESS_SU8IA  ','FA199747    ','Regular','Medium',29.1,1389.02,675306,41.92,NULL
'SESS_7943Z  ','FA316324    ','Regular','Suspicious',84.3,7407.65,893730,60.00,NULL
'SESS_ACT2I  ','FA862012    ','Bot-like','Suspicious',31.9,8455.43,802220,66.69,NULL
'SESS_FHRD1  ','FA956717    ','Random','High',93.7,7427.90,924485,52.46,NULL
'SESS_VGFDA  ','FA786147    ','Regular','Suspicious',82.8,5896.74,972170,29.62,NULL
'SESS_WU79G  ','FA490699    ','Burst','High',90.8,1662.99,972753,24.58,NULL
'SESS_A5HIT  ','FA586244    ','Regular','Suspicious',54.3,6782.47,107496,32.70,NULL
'SESS_35CY8  ','FA867362    ','Burst','Suspicious',89.7,9868.82,95317,90.38,NULL
'SESS_4BLNM  ','FA671661    ','Bot-like','Medium',94.4,8657.37,942503,62.98,NULL
'SESS_D3MA5  ','FA759928    ','Random','Low',12.1,9818.57,249904,15.86,NULL
'SESS_RKXV4  ','FA544018    ','Random','Medium',92.3,5149.19,171596,64.47,NULL
'SESS_PQGN5  ','FA959109    ','Burst','Low',43.4,3042.10,334577,44.10,NULL
'SESS_ZM12P  ','FA691957    ','Regular','High',53.5,1065.83,9290,69.46,NULL
'SESS_OPOXD  ','FA452493    ','Regular','High',19.7,2116.83,680848,69.38,NULL
'SESS_HC0K1  ','FA859490    ','Bot-like','High',39.2,7427.36,125035,48.01,NULL
'SESS_0GULK  ','FA398365    ','Random','High',42.1,2385.22,646269,26.29,NULL
'SESS_7GUNB  ','FA555802    ','Random','Suspicious',20.8,4966.91,670342,65.66,NULL
'SESS_IR79R  ','FA268506    ','Regular','High',42.2,677.46,192821,40.13,NULL
'SESS_7XX09  ','FA115302    ','Burst','High',56.1,6134.29,200390,84.81,NULL
'SESS_S7YPH  ','FA246328    ','Bot-like','Low',16.9,4667.52,523943,21.10,NULL
'SESS_CH6RU  ','FA840654    ','Bot-like','Low',30.6,1794.45,190605,21.48,NULL
'SESS_NQADA  ','FA975212    ','Bot-like','Low',69.3,9177.50,316449,65.83,NULL
'SESS_39Y3M  ','FA762907    ','Regular','Low',44.2,8549.66,370144,44.65,NULL
'SESS_XRKTD  ','FA778357    ','Random','Low',82.5,9043.93,744267,0.50,NULL
'SESS_37EC5  ','FA679295    ','Burst','Low',38.4,3819.25,141214,88.63,NULL
'SESS_2ISVH  ','FA564641    ','Random','Medium',65.6,822.91,15295,99.67,NULL
'SESS_RVD4J  ','FA778859    ','Regular','Low',2.6,5260.81,15137,38.46,NULL
'SESS_67MFN  ','FA285777    ','Burst','Low',59.0,1893.63,960332,21.71,NULL
'SESS_QN6ZY  ','FA679566    ','Bot-like','High',58.6,3863.16,141148,15.50,NULL
'SESS_Z2HE3  ','FA209782    ','Regular','Low',19.8,9453.28,609159,67.02,NULL
'SESS_6P727  ','FA512417    ','Bot-like','Medium',28.7,2067.70,329543,54.28,NULL
'SESS_MXLN9  ','FA589068    ','Burst','High',96.4,5162.35,269041,49.30,NULL
'SESS_DX7CY  ','FA668691    ','Random','High',38.0,5615.79,702305,29.42,NULL
'SESS_CUIZ1  ','FA590286    ','Regular','Suspicious',55.0,5946.13,276448,91.62,NULL
'SESS_TQZU4  ','FA783125    ','Random','Low',85.9,6788.47,775152,48.86,NULL
'SESS_AZN21  ','FA874691    ','Burst','Medium',17.8,9282.59,637692,19.36,NULL
'SESS_RPJIT  ','FA486581    ','Burst','Suspicious',50.3,9652.64,605924,31.85,NULL
'SESS_5MDPM  ','FA518867    ','Burst','Suspicious',54.0,2624.83,525684,15.62,NULL
'SESS_D190F  ','FA821082    ','Regular','Suspicious',35.7,8835.30,627987,84.48,NULL
'SESS_B5MBQ  ','FA639519    ','Bot-like','Low',4.9,6319.47,260810,51.99,NULL
'SESS_2AF33  ','FA138151    ','Regular','Low',29.9,910.10,405107,81.78,NULL
'SESS_6Y6BG  ','FA323877    ','Bot-like','Medium',82.6,4396.95,879592,60.68,NULL
'SESS_Z7Z73  ','FA648044    ','Regular','Suspicious',67.7,4202.21,263336,3.18,NULL
'SESS_0DZ3S  ','FA200675    ','Bot-like','Low',78.5,2711.52,14908,50.69,NULL
'SESS_GLS15  ','FA139588    ','Burst','Suspicious',46.8,3574.29,878260,19.24,NULL
'SESS_2A753  ','FA977751    ','Random','Suspicious',63.2,2287.43,894152,18.93,NULL
'SESS_SJXT6  ','FA672751    ','Burst','High',37.7,9183.52,884659,25.69,NULL
'SESS_98LWR  ','FA371632    ','Burst','Low',22.2,2820.05,169535,90.31,NULL
'SESS_B4P1Q  ','FA960840    ','Random','Medium',43.1,1119.60,99025,26.49,NULL
'SESS_AIVNQ  ','FA889935    ','Bot-like','Suspicious',57.3,1951.52,174890,9.89,NULL
'SESS_B4O3W  ','FA816489    ','Burst','Low',81.6,1690.73,256054,87.21,NULL
'SESS_N3SDG  ','FA874334    ','Random','Suspicious',9.4,1293.66,731378,38.20,NULL
'SESS_RIPPF  ','FA540645    ','Bot-like','Low',55.5,5866.38,637626,1.87,NULL
'SESS_29A2V  ','FA316928    ','Random','Low',14.0,5550.74,34927,94.59,NULL
'SESS_MBP28  ','FA562547    ','Burst','High',2.6,9850.96,637224,24.93,NULL
'SESS_STY4C  ','FA443145    ','Regular','Medium',58.4,9926.11,235912,17.42,NULL
'SESS_44NHP  ','FA389735    ','Random','Low',34.1,9810.02,499530,4.22,NULL
'SESS_I6G7P  ','FA557734    ','Burst','High',98.1,3868.13,607111,94.28,NULL
'SESS_QUCWV  ','FA626462    ','Burst','Suspicious',90.8,2904.15,786297,8.09,NULL
'SESS_HPYO3  ','FA743795    ','Random','Low',18.0,1207.83,422205,40.24,NULL
'SESS_1AC9F  ','FA272177    ','Random','Low',3.7,9621.29,706746,81.28,NULL
'SESS_72CLD  ','FA663984    ','Regular','High',58.9,3111.33,337431,46.39,NULL
'SESS_ADY2Y  ','FA258682    ','Random','High',98.5,2558.83,830274,35.89,NULL
'SESS_RTJFE  ','FA164588    ','Bot-like','High',30.6,6255.34,290648,94.94,NULL
'SESS_B5EHG  ','FA763778    ','Bot-like','Low',71.2,9486.42,920852,40.95,NULL
'SESS_3P0Q3  ','FA349343    ','Random','Low',90.7,667.87,913010,76.63,NULL
'SESS_XQ8JG  ','FA527915    ','Bot-like','Low',54.0,3538.21,868325,47.82,NULL
'SESS_Z0XMD  ','FA888934    ','Regular','High',15.4,9036.52,421292,65.14,NULL
'SESS_6FWXV  ','FA814186    ','Random','Low',74.4,3871.17,502922,39.58,NULL
'SESS_KPN8S  ','FA497186    ','Random','Medium',89.6,6410.30,485862,43.48,NULL
'SESS_DH0NI  ','FA534164    ','Random','High',89.0,8510.07,735583,1.78,NULL
'SESS_7XQ3D  ','FA199969    ','Burst','Suspicious',88.6,3244.34,600567,18.87,NULL
'SESS_0KTAZ  ','FA146189    ','Burst','Low',60.4,3025.54,238663,83.17,NULL
'SESS_L3OR2  ','FA809147    ','Random','Low',94.2,926.86,344203,82.99,NULL
'SESS_OD893  ','FA627604    ','Bot-like','Low',33.3,104.01,200282,11.21,NULL
'SESS_QQOE9  ','FA150801    ','Regular','Medium',99.0,4083.18,600632,52.86,NULL
'SESS_9EAOX  ','FA749455    ','Regular','Suspicious',39.7,8377.05,32597,90.45,NULL
'SESS_AVIIR  ','FA679113    ','Burst','High',65.9,7413.05,657133,74.04,NULL
'SESS_CN3MK  ','FA604718    ','Random','High',88.1,7116.42,353104,3.36,NULL
'SESS_M1S8H  ','FA911346    ','Burst','High',98.9,8653.07,901199,5.85,NULL
'SESS_R374H  ','FA785245    ','Burst','Medium',41.8,9308.93,83210,36.33,NULL
'SESS_KIXOE  ','FA833871    ','Burst','Suspicious',21.7,9440.80,104685,42.46,NULL
'SESS_USNSG  ','FA677439    ','Random','Medium',55.0,1565.62,842872,81.58,NULL
'SESS_GLW1G  ','FA996846    ','Random','Low',90.9,1304.42,819763,9.13,NULL
'SESS_PEU1W  ','FA864753    ','Regular','High',84.2,3259.23,806857,24.43,NULL
'SESS_ERF7L  ','FA476915    ','Bot-like','Suspicious',9.3,5868.35,296181,8.89,NULL
'SESS_LUTEF  ','FA792990    ','Regular','High',66.2,180.60,322687,15.02,NULL
'SESS_4SOEO  ','FA116099    ','Regular','Low',50.0,7247.96,796361,64.67,NULL
'SESS_KT0MZ  ','FA542058    ','Regular','High',11.9,2203.24,540983,73.86,NULL
'SESS_OINRR  ','FA748209    ','Random','Medium',84.2,776.14,732226,20.76,NULL
'SESS_JEUC1  ','FA247938    ','Random','Medium',88.4,8914.43,748382,57.72,NULL
'SESS_V949U  ','FA162414    ','Regular','Low',33.1,3865.57,634034,76.09,NULL
'SESS_AW39B  ','FA496155    ','Bot-like','Suspicious',70.7,980.33,551036,10.54,NULL
'SESS_ZZJDH  ','FA659706    ','Burst','Medium',73.6,3237.96,35425,20.79,NULL
'SESS_PU03W  ','FA813611    ','Random','Medium',16.2,6922.48,604497,15.13,NULL
'SESS_3I4I3  ','FA922840    ','Burst','High',51.3,7912.95,187590,98.77,NULL
'SESS_CAF6B  ','FA801291    ','Bot-like','Suspicious',21.7,2881.12,67225,51.73,NULL
'SESS_WF55Q  ','FA438071    ','Regular','Suspicious',46.5,4435.95,137908,14.98,NULL
'SESS_MK2RE  ','FA458250    ','Burst','High',22.6,9682.30,204316,44.35,NULL
'SESS_SU508  ','FA319556    ','Regular','High',20.9,3300.88,515489,98.23,NULL
'SESS_JO2W1  ','FA628851    ','Burst','Low',20.3,6461.66,255353,32.89,NULL
'SESS_FELQJ  ','FA866477    ','Bot-like','Low',8.3,310.32,156146,36.61,NULL
'SESS_N209E  ','FA459922    ','Burst','Suspicious',25.2,3122.23,979237,77.42,NULL
'SESS_QWNCQ  ','FA420160    ','Regular','Suspicious',30.6,3399.47,382509,87.10,NULL
'SESS_0CDAC  ','FA782328    ','Bot-like','Medium',9.4,3968.63,302003,90.65,NULL
'SESS_9TS8R  ','FA912036    ','Bot-like','Low',43.8,2170.28,404168,53.31,NULL
'SESS_52IRQ  ','FA717336    ','Random','Low',69.4,2482.00,890521,35.11,NULL
'SESS_VH8GH  ','FA760316    ','Burst','Suspicious',94.6,2952.55,684877,1.39,NULL
'SESS_W03QY  ','FA544753    ','Regular','Suspicious',51.0,551.96,306621,43.79,NULL
'SESS_9C3XZ  ','FA814570    ','Bot-like','Suspicious',44.9,7636.83,761712,94.78,NULL
'SESS_F8BM8  ','FA400776    ','Regular','Medium',41.2,3501.36,346697,39.53,NULL
'SESS_OUXGG  ','FA863777    ','Random','Medium',63.2,5218.33,138276,11.87,NULL
'SESS_DTYC1  ','FA965135    ','Burst','High',43.7,7452.52,881641,65.18,NULL
'SESS_7QNTT  ','FA310190    ','Random','Low',91.2,1926.24,921090,57.31,NULL
'SESS_Z9AOH  ','FA690759    ','Regular','High',56.5,4941.89,449502,37.35,NULL
'SESS_WQPIR  ','FA819227    ','Bot-like','High',55.4,9159.73,893859,88.82,NULL
'SESS_A3WQI  ','FA316537    ','Random','High',9.4,3171.11,918314,58.89,NULL
'SESS_J0DOA  ','FA297384    ','Random','High',32.9,6832.03,14506,19.96,NULL
'SESS_3O75D  ','FA214088    ','Random','Medium',43.5,2684.90,305388,54.27,NULL
'SESS_6061P  ','FA585640    ','Bot-like','Low',35.3,6752.12,991123,42.97,NULL
'SESS_D0SVH  ','FA939144    ','Burst','High',71.3,1632.17,22004,30.48,NULL
'SESS_S4PWN  ','FA925780    ','Random','High',43.0,1515.30,304893,69.86,NULL
'SESS_TJY9U  ','FA966807    ','Random','Low',57.0,5498.94,430980,98.99,NULL
'SESS_5AYVI  ','FA114001    ','Burst','High',50.1,4830.10,84942,16.67,NULL
'SESS_6VHL7  ','FA826590    ','Random','High',35.2,9328.57,937915,54.27,NULL
'SESS_0H1P1  ','FA939525    ','Bot-like','Low',34.9,837.29,915178,15.48,NULL
'SESS_7VNLV  ','FA657063    ','Regular','Medium',71.9,6140.66,224911,76.24,NULL
'SESS_U2THE  ','FA537700    ','Burst','Medium',48.7,723.72,161376,57.08,NULL
'SESS_IFT3X  ','FA196008    ','Random','High',4.6,2540.66,82975,94.79,NULL
'SESS_C4BGW  ','FA876240    ','Burst','Suspicious',5.4,5590.79,713202,8.92,NULL
'SESS_C9338  ','FA983852    ','Regular','Suspicious',43.7,1728.68,417674,73.33,NULL
'SESS_CW3QO  ','FA748001    ','Bot-like','Low',37.5,3770.59,896178,14.00,NULL
'SESS_IB8WF  ','FA173317    ','Random','Low',36.3,8060.37,943424,45.97,NULL
'SESS_EK3RR  ','FA745112    ','Burst','High',41.1,6019.68,828118,7.90,NULL
'SESS_0XKWZ  ','FA688169    ','Regular','Medium',87.8,462.62,882024,73.30,NULL
'SESS_813E9  ','FA607255    ','Regular','Low',95.6,5511.02,72351,60.96,NULL
'SESS_Z2SEE  ','FA452452    ','Regular','Suspicious',78.5,2535.07,887708,17.14,NULL
'SESS_MALTB  ','FA344507    ','Regular','Low',44.7,2030.75,419151,96.42,NULL
'SESS_6LMYK  ','FA697580    ','Bot-like','Medium',48.5,1919.32,340579,0.26,NULL
'SESS_9SV5O  ','FA107495    ','Burst','High',36.2,7311.98,325666,85.41,NULL
'SESS_JI74D  ','FA592052    ','Random','Suspicious',9.1,7835.95,960648,31.77,NULL
'SESS_TEHX4  ','FA718533    ','Random','High',37.4,1928.37,743715,87.57,NULL
'SESS_J7POI  ','FA589246    ','Random','Low',70.5,2433.59,142448,9.53,NULL
'SESS_Q1H6S  ','FA135534    ','Bot-like','Medium',67.4,6404.05,205589,24.86,NULL
'SESS_USAJX  ','FA751792    ','Regular','Medium',94.6,152.78,593134,22.99,NULL
'SESS_AY0V4  ','FA917160    ','Regular','Suspicious',47.3,391.28,255584,37.60,NULL
'SESS_ZWRMN  ','FA896547    ','Regular','Suspicious',78.9,1576.89,149674,33.66,NULL
'SESS_9KEN8  ','FA664798    ','Burst','Suspicious',79.7,7583.30,266496,50.48,NULL
'SESS_J9PV6  ','FA163815    ','Bot-like','Medium',85.4,7774.63,880127,8.67,NULL
'SESS_66U7S  ','FA109284    ','Random','Low',8.5,4212.08,335585,59.27,NULL
'SESS_JAEKT  ','FA931420    ','Regular','High',24.1,3046.89,817892,19.27,NULL
'SESS_IHJI8  ','FA840126    ','Regular','Low',94.6,3168.17,592894,27.58,NULL
'SESS_W9FQ8  ','FA255841    ','Bot-like','High',39.9,7601.66,601268,91.82,NULL
'SESS_BADRQ  ','FA246780    ','Regular','Low',79.6,8402.77,842483,60.26,NULL
'SESS_UD6EP  ','FA270872    ','Burst','Suspicious',6.4,1229.19,652841,96.05,NULL
'SESS_PQA9R  ','FA171467    ','Bot-like','Suspicious',55.3,2705.86,214342,12.95,NULL
'SESS_Y5EOM  ','FA795742    ','Random','High',61.2,3846.44,490022,69.70,NULL
'SESS_YHDWV  ','FA156395    ','Regular','High',43.2,6637.13,360086,7.04,NULL
'SESS_DT0H8  ','FA347038    ','Random','Suspicious',53.9,7739.00,14986,2.12,NULL
'SESS_T4Z2W  ','FA465814    ','Bot-like','High',50.4,8904.36,247629,92.43,NULL
'SESS_Q00FU  ','FA361290    ','Burst','Suspicious',22.9,3356.36,856732,3.10,NULL
'SESS_R99B8  ','FA216341    ','Bot-like','Medium',23.4,238.61,394529,24.36,NULL
'SESS_IQI3U  ','FA475695    ','Bot-like','Suspicious',53.3,254.50,450818,69.50,NULL
'SESS_J4A3K  ','FA208466    ','Bot-like','Suspicious',54.3,9081.45,227177,80.67,NULL
'SESS_3PJ8B  ','FA115374    ','Burst','Medium',18.9,6763.97,48327,93.13,NULL
'SESS_BJJ1G  ','FA292132    ','Bot-like','Medium',48.5,2856.41,166559,87.95,NULL
'SESS_U6YIE  ','FA380421    ','Random','Medium',71.1,5752.06,726328,48.08,NULL
'SESS_FSIWG  ','FA433496    ','Bot-like','High',72.2,9092.62,459631,14.29,NULL
'SESS_FEUA3  ','FA208164    ','Random','Low',3.3,7352.64,237601,38.09,NULL
'SESS_K0RY8  ','FA592254    ','Burst','Low',37.0,4146.67,425785,24.61,NULL
'SESS_MUJD6  ','FA449335    ','Bot-like','Medium',93.1,1981.63,523282,66.56,NULL
'SESS_OIBXP  ','FA487063    ','Burst','Low',99.5,536.48,21503,59.78,NULL
'SESS_MK2OA  ','FA318192    ','Bot-like','Suspicious',9.0,4099.95,755407,66.38,NULL
'SESS_XIJFM  ','FA709450    ','Bot-like','Low',91.3,2962.28,730912,68.59,NULL
'SESS_MCXCL  ','FA699401    ','Regular','Suspicious',20.4,4263.62,88305,14.74,NULL
'SESS_AZT4Y  ','FA135386    ','Burst','High',79.6,8665.99,571289,98.83,NULL
'SESS_X0LGY  ','FA726388    ','Random','Medium',12.6,5597.03,616560,60.00,NULL
'SESS_TRWDX  ','FA225992    ','Regular','Low',49.8,4064.47,247853,15.32,NULL
'SESS_UC1DB  ','FA603701    ','Random','Medium',92.5,3068.96,119636,76.54,NULL
'SESS_PRYZW  ','FA429985    ','Regular','High',10.5,8720.73,827101,58.95,NULL
'SESS_L8EMZ  ','FA379800    ','Bot-like','Low',15.9,1507.60,507397,47.60,NULL
'SESS_MD6X0  ','FA228975    ','Regular','Low',69.4,3811.93,168147,47.47,NULL
'SESS_RGROA  ','FA150960    ','Regular','Suspicious',66.3,5842.38,875022,89.53,NULL
'SESS_4O5V5  ','FA299719    ','Regular','High',35.9,8188.16,438805,10.01,NULL
'SESS_GNQU0  ','FA205418    ','Bot-like','High',33.9,482.94,617056,88.29,NULL
'SESS_R0N91  ','FA938427    ','Random','High',26.6,1288.09,219728,2.67,NULL
'SESS_ZK8P7  ','FA556924    ','Regular','Low',15.3,9936.37,555507,35.77,NULL
'SESS_A7ZOD  ','FA240193    ','Regular','Medium',5.4,9350.21,32629,9.92,NULL
'SESS_IM4L6  ','FA278513    ','Regular','Low',89.2,9333.96,321371,0.84,NULL
'SESS_0IHLN  ','FA795978    ','Bot-like','Medium',97.2,3796.23,668254,89.88,NULL
'SESS_EMI2K  ','FA903584    ','Bot-like','Suspicious',7.4,2938.23,704956,47.87,NULL
'SESS_3UF89  ','FA764973    ','Regular','High',10.7,215.99,876116,28.26,NULL
'SESS_DI4Q9  ','FA378364    ','Random','Medium',40.1,9370.07,589606,11.24,NULL
'SESS_EBL6G  ','FA971710    ','Burst','Low',36.7,3691.49,438801,51.57,NULL
'SESS_WWZIF  ','FA693255    ','Bot-like','High',20.4,3939.09,548598,16.29,NULL
'SESS_IITQZ  ','FA508948    ','Regular','Low',68.9,2732.87,825039,35.52,NULL
'SESS_JJ6DL  ','FA339684    ','Burst','High',72.2,7063.00,212687,81.61,NULL
'SESS_MNRAC  ','FA547626    ','Burst','High',18.9,8207.07,522143,59.45,NULL
'SESS_F1Z3K  ','FA114922    ','Random','Suspicious',71.9,3040.10,367262,24.30,NULL
'SESS_HP3F0  ','FA913085    ','Regular','Medium',47.1,9851.39,241482,90.93,NULL
'SESS_R72D5  ','FA603532    ','Regular','Medium',36.1,545.05,171358,33.93,NULL
'SESS_IPF1E  ','FA278812    ','Bot-like','Low',14.2,3387.59,140380,8.27,NULL
'SESS_BSJV2  ','FA369704    ','Bot-like','Suspicious',15.3,1154.33,923895,91.09,NULL
'SESS_K27CJ  ','FA915032    ','Random','Low',50.3,605.96,216412,66.94,NULL
'SESS_H5TET  ','FA735343    ','Burst','High',63.5,2439.49,305305,18.77,NULL
'SESS_R3FQ0  ','FA724422    ','Random','Low',71.8,463.66,507298,62.15,NULL
'SESS_14DIE  ','FA306317    ','Random','High',26.6,9303.94,670334,3.72,NULL
'SESS_JF15E  ','FA444479    ','Burst','Low',2.5,7276.80,570982,56.66,NULL
'SESS_344CT  ','FA495049    ','Regular','High',1.6,1457.48,432024,80.56,NULL
'SESS_ML89I  ','FA962142    ','Burst','Medium',69.7,9343.12,727125,70.10,NULL
'SESS_KGSGW  ','FA919211    ','Burst','Medium',34.0,412.85,324668,61.10,NULL
'SESS_6DYKT  ','FA552384    ','Regular','High',72.6,7089.22,522792,88.18,NULL
'SESS_ELB4P  ','FA752432    ','Regular','Medium',6.5,5510.34,737215,6.78,NULL
'SESS_WNUBO  ','FA378477    ','Burst','Suspicious',87.2,1843.05,330317,59.09,NULL
'SESS_SIB7V  ','FA467225    ','Regular','Medium',44.1,7668.79,209499,22.60,NULL
'SESS_BO9A8  ','FA731288    ','Burst','Low',49.0,3744.46,620371,29.23,NULL
'SESS_CVNTA  ','FA332475    ','Burst','Suspicious',55.2,1478.01,68977,40.13,NULL
'SESS_U2XG2  ','FA956402    ','Burst','High',9.3,7391.19,679345,93.12,NULL
'SESS_0P5Y9  ','FA887461    ','Bot-like','Suspicious',85.3,7909.41,671360,39.56,NULL
'SESS_KMKZD  ','FA419318    ','Random','Suspicious',12.9,7066.83,476266,44.31,NULL
'SESS_ETAFI  ','FA342551    ','Burst','Suspicious',40.8,9663.10,124131,39.03,NULL
'SESS_5VI90  ','FA370602    ','Burst','High',68.0,9622.29,263303,21.46,NULL
'SESS_FWC2K  ','FA541589    ','Bot-like','High',22.3,6814.54,902024,38.96,NULL
'SESS_PM6X8  ','FA966500    ','Random','Low',56.3,8364.58,643355,41.64,NULL
'SESS_4C7PI  ','FA577755    ','Bot-like','Low',70.1,6249.87,410620,72.14,NULL
'SESS_D4VFR  ','FA925932    ','Bot-like','Low',88.4,3536.01,746964,55.43,NULL
'SESS_UVSFT  ','FA756564    ','Burst','High',42.2,1328.40,546703,32.37,NULL
'SESS_O59Z6  ','FA312982    ','Burst','Suspicious',76.5,9598.04,705769,73.97,NULL
'SESS_78OCN  ','FA916910    ','Random','Medium',94.3,8539.22,565100,98.09,NULL
'SESS_UYKGW  ','FA308000    ','Bot-like','Low',53.1,9580.30,917417,76.39,NULL
'SESS_4WC07  ','FA477374    ','Regular','High',10.5,8566.14,482589,43.72,NULL
'SESS_1EYII  ','FA254719    ','Regular','Suspicious',11.2,6686.50,819784,63.31,NULL
'SESS_WHJNQ  ','FA542552    ','Random','Low',22.4,2215.33,34098,52.34,NULL
'SESS_88TCL  ','FA451406    ','Regular','Suspicious',76.3,6980.53,686124,93.54,NULL
'SESS_XHNX9  ','FA422970    ','Random','Suspicious',24.0,6745.17,811461,59.03,NULL
'SESS_CE6ZN  ','FA826646    ','Bot-like','High',84.8,8000.02,672168,96.12,NULL
'SESS_ADUUM  ','FA835088    ','Burst','Medium',95.0,1576.62,212487,53.05,NULL
'SESS_9UMZW  ','FA993942    ','Random','Medium',93.1,4640.12,858907,87.47,NULL
'SESS_CXYS7  ','FA263565    ','Random','Suspicious',59.6,2922.31,530607,85.88,NULL
'SESS_UT2RB  ','FA759316    ','Random','Medium',58.9,2992.49,651036,46.54,NULL
'SESS_0DIGC  ','FA290238    ','Random','High',72.1,8064.14,64088,44.98,NULL
'SESS_5X54C  ','FA759721    ','Random','Low',38.4,7225.17,390357,2.59,NULL
'SESS_L4PEP  ','FA294426    ','Random','Suspicious',78.8,3950.41,562486,78.03,NULL
'SESS_RLBM4  ','FA332240    ','Regular','Medium',21.7,8740.20,690040,33.30,NULL
'SESS_6S3JS  ','FA804906    ','Random','Low',13.1,7698.46,185788,0.86,NULL
'SESS_R746G  ','FA870018    ','Bot-like','Medium',25.6,1039.59,232477,60.32,NULL
'SESS_LT085  ','FA224740    ','Bot-like','Medium',70.0,807.83,716377,98.74,NULL
'SESS_EHGBO  ','FA410657    ','Burst','Low',68.4,6021.95,425343,94.43,NULL
'SESS_C9V4E  ','FA423199    ','Random','Low',89.1,8166.64,637064,98.84,NULL
'SESS_BZATJ  ','FA546931    ','Random','Suspicious',90.8,6248.95,794845,0.73,NULL
'SESS_2RTLK  ','FA968218    ','Regular','Medium',28.1,3236.24,113964,35.41,NULL
'SESS_M2TCU  ','FA124744    ','Bot-like','Low',11.9,715.81,254742,89.70,NULL
'SESS_1I55G  ','FA984845    ','Bot-like','Medium',64.0,3776.74,362956,4.83,NULL
'SESS_OOU7O  ','FA631417    ','Random','High',67.3,8231.59,777314,86.54,NULL
'SESS_0FLWS  ','FA576515    ','Random','Low',32.7,5207.14,873863,19.51,NULL
'SESS_WPP13  ','FA429810    ','Burst','Low',3.9,1011.14,233522,73.36,NULL
'SESS_IGKEN  ','FA346759    ','Regular','High',38.0,2103.17,648176,20.86,NULL
'SESS_SUBY6  ','FA570946    ','Burst','Suspicious',70.2,3442.52,397167,23.72,NULL
'SESS_C39S7  ','FA217669    ','Random','Low',69.5,2650.52,927418,39.36,NULL
'SESS_6B1KJ  ','FA204457    ','Regular','Suspicious',62.3,7494.14,206137,60.15,NULL
'SESS_XXBJG  ','FA969826    ','Regular','High',46.7,1942.07,852902,27.95,NULL
'SESS_W14PW  ','FA927944    ','Random','Medium',6.1,9526.38,440295,48.98,NULL
'SESS_1ZQ5R  ','FA532506    ','Random','High',64.6,441.80,30220,22.91,NULL
'SESS_5CYBO  ','FA941967    ','Random','High',73.3,2135.14,481053,59.59,NULL
'SESS_4ALIQ  ','FA660323    ','Bot-like','Medium',85.8,6663.97,121465,85.02,NULL
'SESS_K9SYU  ','FA166803    ','Random','Low',40.5,4388.39,442375,20.10,NULL
'SESS_H0ISZ  ','FA799446    ','Regular','Low',47.5,6343.11,64565,35.69,NULL
'SESS_8P581  ','FA621155    ','Burst','Suspicious',8.5,6801.09,151590,89.10,NULL
'SESS_3167A  ','FA855712    ','Burst','Low',99.0,4244.07,189591,62.57,NULL
'SESS_U6TDY  ','FA314467    ','Bot-like','Medium',89.7,3050.18,238352,52.80,NULL
'SESS_ZKCNX  ','FA290923    ','Burst','Low',79.0,1256.35,944138,65.48,NULL
'SESS_T2AZ7  ','FA807796    ','Burst','Medium',73.2,212.49,343562,54.17,NULL
'SESS_HSZL0  ','FA679770    ','Bot-like','High',46.5,3936.01,579148,80.67,NULL
'SESS_TLSYP  ','FA771233    ','Bot-like','Suspicious',32.5,3412.75,546961,32.07,NULL
'SESS_NA62C  ','FA897991    ','Random','Medium',19.9,5923.88,74689,44.14,NULL
'SESS_C97LD  ','FA707572    ','Bot-like','High',0.9,3679.82,328361,79.51,NULL
'SESS_2D72M  ','FA542980    ','Bot-like','High',44.5,4171.78,752026,44.53,NULL
'SESS_F3EMS  ','FA813162    ','Bot-like','Medium',22.1,4341.63,446251,60.91,NULL
'SESS_YJJW0  ','FA147168    ','Regular','Medium',28.4,7273.61,793148,38.00,NULL
'SESS_JBIEA  ','FA749845    ','Random','Low',20.1,2365.59,284638,9.89,NULL
'SESS_6WZY1  ','FA927991    ','Bot-like','Low',56.5,3268.62,460615,44.31,NULL
'SESS_K2JAX  ','FA532059    ','Regular','Medium',25.7,9468.38,472409,26.61,NULL
'SESS_D6BG9  ','FA716750    ','Bot-like','Low',24.0,1027.91,260232,68.39,NULL
'SESS_DHSOH  ','FA972165    ','Bot-like','Suspicious',84.5,1329.47,756522,19.83,NULL
'SESS_L58K2  ','FA861232    ','Regular','Medium',60.2,3.76,176647,76.77,NULL
'SESS_G3MME  ','FA726626    ','Burst','Suspicious',17.2,5350.97,227967,62.63,NULL
'SESS_FZC6G  ','FA902178    ','Random','High',48.6,6658.94,959419,64.89,NULL
'SESS_8KPHH  ','FA211239    ','Regular','High',31.1,1105.06,769691,77.38,NULL
'SESS_L9EFR  ','FA143589    ','Bot-like','Suspicious',66.8,6841.48,948996,30.07,NULL
'SESS_5MA1R  ','FA254870    ','Burst','Medium',11.1,5722.67,129383,51.75,NULL
'SESS_AMG1J  ','FA824571    ','Random','Low',38.3,9813.12,700404,61.80,NULL
'SESS_05N5D  ','FA519783    ','Bot-like','Medium',15.6,9235.72,227787,12.23,NULL
'SESS_54DW1  ','FA891473    ','Regular','Medium',20.9,107.50,611547,2.14,NULL
'SESS_Y9QY9  ','FA406444    ','Regular','High',14.6,7331.47,609551,56.53,NULL
'SESS_WO8NY  ','FA237283    ','Bot-like','Low',98.6,3891.45,568786,0.21,NULL
'SESS_UKUP7  ','FA848262    ','Burst','Medium',83.4,1578.46,543442,82.43,NULL
'SESS_ISGAL  ','FA158641    ','Regular','Medium',90.7,9671.11,405124,85.12,NULL
'SESS_06J9V  ','FA495860    ','Regular','High',3.9,8303.91,122916,81.73,NULL
'SESS_Q3IM3  ','FA562223    ','Regular','Low',36.8,2052.12,725831,43.82,NULL
'SESS_X74OG  ','FA209121    ','Random','Suspicious',18.2,2729.45,151718,53.77,NULL
'SESS_B915K  ','FA731465    ','Burst','Medium',70.5,3533.89,264831,0.91,NULL
'SESS_J0QC2  ','FA900541    ','Random','High',34.8,6882.30,312577,99.63,NULL
'SESS_JY873  ','FA286241    ','Random','Low',22.8,590.13,510184,69.58,NULL
'SESS_QE5MI  ','FA280619    ','Burst','Suspicious',4.8,5060.22,920031,3.35,NULL
'SESS_2H004  ','FA346382    ','Random','Suspicious',9.8,9668.72,796602,20.85,NULL
'SESS_PWLBH  ','FA452143    ','Bot-like','Medium',60.3,4092.92,436729,35.79,NULL
'SESS_WAW9T  ','FA833174    ','Regular','High',20.2,4937.64,884910,63.80,NULL
'SESS_U0PBE  ','FA568645    ','Bot-like','High',22.5,2362.66,499961,47.19,NULL
'SESS_QXMZU  ','FA809852    ','Burst','High',32.5,8929.61,893275,96.56,NULL
'SESS_ZTFHP  ','FA743643    ','Burst','Suspicious',22.6,3880.94,999411,20.73,NULL
'SESS_R9I3S  ','FA170356    ','Regular','Suspicious',39.3,3127.13,496031,83.40,NULL
'SESS_BDT25  ','FA133864    ','Regular','High',92.3,3000.10,697714,49.29,NULL
'SESS_UNLRS  ','FA894848    ','Burst','Low',55.6,8799.82,640328,13.89,NULL
'SESS_JXVW3  ','FA356902    ','Regular','High',48.3,4941.79,272138,83.20,NULL
'SESS_KK48S  ','FA373662    ','Bot-like','Low',84.2,5128.79,176173,26.49,NULL
'SESS_93VK2  ','FA187644    ','Burst','Low',18.8,2998.33,131461,52.20,NULL
'SESS_KHEDI  ','FA296812    ','Random','High',34.7,9125.81,427195,92.18,NULL
'SESS_EN4T6  ','FA794215    ','Burst','Suspicious',6.3,8253.25,785074,54.22,NULL
'SESS_2IU91  ','FA584321    ','Bot-like','High',92.7,7733.23,458412,15.04,NULL
'SESS_L0T81  ','FA452715    ','Random','Medium',46.8,1899.67,566152,23.71,NULL
'SESS_69HRL  ','FA897280    ','Regular','Medium',18.4,4776.39,966125,42.65,NULL
'SESS_4PNCO  ','FA604781    ','Random','Medium',28.3,9535.27,422434,60.41,NULL
'SESS_ZOJ44  ','FA737292    ','Bot-like','Suspicious',93.2,1738.50,64363,80.45,NULL
'SESS_WIYPU  ','FA916255    ','Random','Low',16.0,85.64,875586,30.50,NULL
'SESS_I7WOV  ','FA929750    ','Burst','Medium',67.1,2441.06,276269,24.77,NULL
'SESS_4NB2Y  ','FA575586    ','Regular','High',18.0,6224.90,480196,84.02,NULL
'SESS_YVSS1  ','FA237640    ','Regular','Low',19.5,60.33,380144,32.91,NULL
'SESS_4UKMV  ','FA435385    ','Bot-like','High',76.7,9289.00,304241,0.33,NULL
'SESS_V2IBW  ','FA753467    ','Regular','Low',53.1,7264.73,413875,13.20,NULL
'SESS_SMTLN  ','FA992470    ','Bot-like','High',73.0,1087.30,33724,20.52,NULL
'SESS_HW8MC  ','FA157316    ','Burst','High',62.1,8849.41,384605,45.91,NULL
'SESS_A7VDY  ','FA602428    ','Bot-like','Low',59.4,7223.46,600874,59.42,NULL
'SESS_UV8MD  ','FA731065    ','Random','Suspicious',8.6,840.36,339259,46.60,NULL
'SESS_EFHL1  ','FA304654    ','Burst','Suspicious',98.4,7097.08,353881,31.28,NULL
'SESS_TMCEZ  ','FA417209    ','Burst','Low',98.0,5673.16,651690,49.78,NULL
'SESS_KACLE  ','FA133983    ','Random','Low',21.1,8625.63,795951,14.48,NULL
'SESS_UKP9X  ','FA161127    ','Bot-like','Low',89.7,5252.61,727230,44.22,NULL
'SESS_W82BD  ','FA701466    ','Bot-like','High',22.3,17.05,290658,92.52,NULL
'SESS_FFXLT  ','FA394386    ','Random','Suspicious',41.9,8291.39,840640,39.95,NULL
'SESS_Z6G7L  ','FA894881    ','Burst','High',23.5,653.62,144597,41.97,NULL
'SESS_JI4QO  ','FA418609    ','Bot-like','High',84.1,7044.90,31565,37.82,NULL
'SESS_N4HWD  ','FA173359    ','Burst','Suspicious',61.7,5248.51,960923,18.34,NULL
'SESS_398NG  ','FA578810    ','Bot-like','Suspicious',52.2,8899.76,104387,78.02,NULL
'SESS_XNMX1  ','FA657240    ','Regular','High',27.5,2334.66,341005,3.69,NULL
'SESS_GIVUO  ','FA832528    ','Bot-like','Low',94.1,552.96,311858,92.93,NULL
'SESS_OSJ3Z  ','FA758240    ','Regular','High',81.1,280.41,213546,79.28,NULL
'SESS_FJM2B  ','FA573897    ','Regular','Suspicious',35.2,6692.57,465177,80.92,NULL
'SESS_2D81G  ','FA695848    ','Bot-like','High',84.5,4533.90,214708,48.12,NULL
'SESS_MNTCF  ','FA106463    ','Regular','Suspicious',63.3,8968.04,838859,85.85,NULL
'SESS_EBN6M  ','FA938109    ','Random','Suspicious',45.0,3906.92,845996,90.58,NULL
'SESS_YDBNJ  ','FA820567    ','Burst','High',60.3,8195.61,299489,75.67,NULL
'SESS_T7403  ','FA248027    ','Burst','High',34.4,3412.01,192453,95.22,NULL
'SESS_MLQXM  ','FA469969    ','Regular','Low',86.2,9666.74,832073,42.62,NULL
'SESS_OF7LE  ','FA791795    ','Random','High',11.8,4552.31,843083,31.35,NULL
'SESS_JRMHD  ','FA638174    ','Random','Suspicious',31.8,2918.76,410371,60.96,NULL
'SESS_3NXAP  ','FA358452    ','Random','High',83.6,6956.45,251682,54.56,NULL
'SESS_JEMNP  ','FA923415    ','Regular','Suspicious',32.4,2684.90,307772,3.72,NULL
'SESS_BF9J5  ','FA797725    ','Bot-like','High',87.7,1470.10,113462,79.01,NULL
'SESS_IO8HW  ','FA624025    ','Bot-like','Medium',56.1,2269.99,204705,91.65,NULL
'SESS_W5XBC  ','FA557106    ','Burst','High',56.7,7150.95,77310,37.27,NULL
'SESS_B4PDK  ','FA630309    ','Regular','Suspicious',38.7,9554.07,827199,55.31,NULL
'SESS_WRX2X  ','FA544277    ','Random','High',9.8,8777.60,781615,25.62,NULL
'SESS_K81S0  ','FA234325    ','Bot-like','Suspicious',39.2,7611.92,581077,76.89,NULL
'SESS_X2LC5  ','FA929167    ','Bot-like','Medium',28.6,3797.59,520538,63.59,NULL
'SESS_YEZ1E  ','FA564257    ','Burst','Suspicious',34.0,1501.59,348333,69.54,NULL
'SESS_KS227  ','FA693113    ','Regular','Suspicious',25.2,1509.41,468029,79.61,NULL
'SESS_VX7B8  ','FA202793    ','Bot-like','Low',25.0,5981.37,6679,10.43,NULL
'SESS_U1103  ','FA213862    ','Random','Medium',51.6,8584.91,198140,44.75,NULL
'SESS_E68DR  ','FA244890    ','Random','Low',70.7,9202.40,531839,94.83,NULL
'SESS_OALN3  ','FA294656    ','Burst','High',54.3,8274.61,383702,12.27,NULL
'SESS_7N12T  ','FA686239    ','Bot-like','High',52.5,849.44,462423,6.84,NULL
'SESS_3BN7B  ','FA954138    ','Random','Medium',89.8,2882.35,772445,65.23,NULL
'SESS_RYWAW  ','FA864959    ','Burst','High',1.9,2912.18,964003,71.71,NULL
'SESS_70CQ5  ','FA240173    ','Burst','Medium',73.9,6937.54,793838,82.83,NULL
'SESS_HAS9Y  ','FA718537    ','Regular','High',61.7,314.81,130489,63.45,NULL
'SESS_HSUAK  ','FA609942    ','Bot-like','Medium',40.1,9801.68,633928,96.99,NULL
'SESS_IRGBY  ','FA473313    ','Burst','Medium',0.2,7213.18,473992,78.53,NULL
'SESS_YY6QQ  ','FA642008    ','Burst','High',88.3,1305.03,699468,12.66,NULL
'SESS_TP48L  ','FA189426    ','Burst','Medium',73.1,9472.85,283383,20.76,NULL
'SESS_CBLN8  ','FA315429    ','Burst','Low',70.7,7865.31,742390,97.09,NULL
'SESS_64AGE  ','FA222926    ','Random','Low',12.3,4808.28,425678,40.86,NULL
'SESS_A9XT7  ','FA321396    ','Regular','High',97.5,8304.21,80336,66.90,NULL
'SESS_R0KW0  ','FA393463    ','Bot-like','High',15.2,5357.17,441643,58.65,NULL
'SESS_RW0DX  ','FA749683    ','Bot-like','Medium',63.6,6.68,571516,29.57,NULL
'SESS_B5XQL  ','FA810523    ','Bot-like','Low',80.4,8769.75,149250,35.03,NULL
'SESS_ASPCP  ','FA697814    ','Bot-like','Medium',29.2,9723.76,38926,85.28,NULL
'SESS_ZPRIN  ','FA268739    ','Regular','High',22.0,6913.12,242828,28.87,NULL
'SESS_F3M92  ','FA709000    ','Burst','Suspicious',37.8,4990.63,440820,87.19,NULL
'SESS_C5TRM  ','FA580281    ','Random','Medium',16.8,6771.34,369205,54.58,NULL
'SESS_PKMVF  ','FA354879    ','Burst','High',27.3,6460.46,116775,11.32,NULL
'SESS_50F65  ','FA470938    ','Burst','High',36.1,1811.44,846049,92.51,NULL
'SESS_GH9II  ','FA290016    ','Bot-like','Suspicious',83.0,1473.76,498941,79.91,NULL
'SESS_8GUQR  ','FA551245    ','Bot-like','Suspicious',68.5,1170.51,787383,80.69,NULL
'SESS_73Q8Z  ','FA536671    ','Regular','Low',61.3,6918.54,958194,20.39,NULL
'SESS_GMBI3  ','FA600152    ','Burst','Medium',47.7,518.62,160798,64.19,NULL
'SESS_UFKAM  ','FA322399    ','Random','High',65.8,4592.15,691124,20.72,NULL
'SESS_4ESVG  ','FA174071    ','Burst','Low',87.4,185.31,725293,62.07,NULL
'SESS_DAI0R  ','FA241729    ','Bot-like','Suspicious',0.5,6528.21,468075,28.97,NULL
'SESS_T873L  ','FA381767    ','Random','Suspicious',76.2,4167.83,438312,55.31,NULL
'SESS_X91TB  ','FA746260    ','Burst','Suspicious',69.9,7807.86,333237,10.62,NULL
'SESS_6VWN0  ','FA636666    ','Random','Suspicious',47.2,1574.69,111384,37.69,NULL
'SESS_QHJBH  ','FA995603    ','Bot-like','Medium',26.6,1751.01,416595,33.36,NULL
'SESS_8ZUEW  ','FA362214    ','Regular','Suspicious',35.8,8046.63,780642,15.83,NULL
'SESS_2OZ1L  ','FA746494    ','Burst','Low',16.8,1470.83,77641,76.51,NULL
'SESS_RIO3X  ','FA641110    ','Burst','High',97.5,4826.80,190884,60.62,NULL
'SESS_IQTPK  ','FA133190    ','Burst','Medium',29.4,2993.21,481031,99.25,NULL
'SESS_ZO9F5  ','FA448434    ','Burst','Low',9.6,951.24,72945,39.66,NULL
'SESS_MWO5F  ','FA809026    ','Bot-like','Medium',9.5,9760.66,107905,86.33,NULL
'SESS_66I9Z  ','FA712202    ','Random','Medium',24.2,361.27,438441,78.23,NULL
'SESS_R7AED  ','FA233722    ','Burst','Medium',85.2,1513.12,81740,40.02,NULL
'SESS_22Y69  ','FA235546    ','Bot-like','Low',1.4,9783.17,451746,70.98,NULL
'SESS_1NLFM  ','FA265155    ','Bot-like','Suspicious',25.9,7159.62,875556,17.86,NULL
'SESS_ZXFPW  ','FA450093    ','Random','Low',70.4,729.85,767442,42.96,NULL
'SESS_6AAW6  ','FA431901    ','Bot-like','Low',4.2,9738.72,803179,70.65,NULL
'SESS_QS935  ','FA424436    ','Burst','Low',98.6,9920.11,51557,70.07,NULL
'SESS_YSIZV  ','FA679525    ','Regular','Medium',55.9,4367.97,555888,35.65,NULL
'SESS_2Y06I  ','FA506530    ','Regular','Medium',36.6,1199.62,139594,58.51,NULL
'SESS_J2XK2  ','FA624204    ','Burst','Suspicious',72.2,2066.06,411546,84.79,NULL
'SESS_90ZPS  ','FA343878    ','Bot-like','Medium',43.2,6090.37,669843,97.81,NULL
'SESS_T7THJ  ','FA785740    ','Burst','High',80.3,9054.21,691686,86.27,NULL
'SESS_XAZRE  ','FA336916    ','Random','Medium',14.2,4623.76,955070,11.03,NULL
'SESS_L7PKD  ','FA307993    ','Random','Low',15.3,1165.40,605315,78.22,NULL
'SESS_OPODM  ','FA317493    ','Regular','Low',54.7,217.38,573157,77.76,NULL
'SESS_R9UKL  ','FA904329    ','Regular','Medium',60.3,2132.09,639063,11.80,NULL
'SESS_W1WWA  ','FA527832    ','Random','Medium',15.4,7286.04,420477,96.69,NULL
'SESS_P2RIK  ','FA807643    ','Burst','Suspicious',43.7,4453.78,782296,12.12,NULL
'SESS_KOWBS  ','FA286886    ','Random','Low',90.8,8124.31,70734,11.20,NULL
'SESS_PE2AA  ','FA941759    ','Burst','Low',1.8,5129.54,102668,52.76,NULL
'SESS_7XK8Y  ','FA149851    ','Bot-like','Medium',6.9,8005.59,128045,59.09,NULL
'SESS_33PEM  ','FA502454    ','Regular','High',44.9,3996.53,902980,39.82,NULL
'SESS_M0P1R  ','FA811422    ','Burst','Medium',24.3,8438.42,343473,11.00,NULL
'SESS_0W01B  ','FA958435    ','Bot-like','High',48.5,9329.40,751537,97.04,NULL
'SESS_M0U50  ','FA454857    ','Random','High',24.3,1994.03,476673,86.81,NULL
'SESS_RS5DK  ','FA746792    ','Random','Suspicious',2.5,3332.99,764301,34.91,NULL
'SESS_9CFTM  ','FA658329    ','Regular','Medium',6.3,8128.77,498013,47.17,NULL
'SESS_IR3BZ  ','FA414837    ','Bot-like','Medium',96.8,9676.40,746499,20.22,NULL
'SESS_DSNN0  ','FA534373    ','Regular','High',44.8,2712.51,117332,43.68,NULL
'SESS_9LJ9A  ','FA686132    ','Regular','Low',35.4,6084.40,34126,41.03,NULL
'SESS_8LF3J  ','FA997706    ','Bot-like','Medium',99.8,1137.04,179829,80.99,NULL
'SESS_RAOLB  ','FA741746    ','Random','Suspicious',84.8,1372.96,712364,80.23,NULL
'SESS_PD112  ','FA362898    ','Bot-like','High',1.7,9214.71,966578,72.44,NULL
'SESS_ZVETK  ','FA915752    ','Random','Suspicious',1.1,9052.14,347173,89.65,NULL
'SESS_UNYN3  ','FA582194    ','Random','Medium',42.3,2159.58,356898,0.91,NULL
'SESS_UUPBR  ','FA463768    ','Regular','Suspicious',44.8,2748.10,77587,89.25,NULL
'SESS_LM7JU  ','FA907841    ','Random','Suspicious',42.7,65.38,540606,57.73,NULL
'SESS_QACJO  ','FA426548    ','Burst','Medium',39.3,3631.14,829446,22.80,NULL
'SESS_55VPO  ','FA772591    ','Bot-like','Medium',91.6,7841.62,268046,58.75,NULL
'SESS_NEHU4  ','FA399196    ','Regular','High',91.9,7440.26,463633,92.11,NULL
'SESS_F23ZO  ','FA593014    ','Bot-like','High',89.6,3869.86,673625,16.94,NULL
'SESS_BMGNQ  ','FA915103    ','Regular','Suspicious',26.2,6098.72,857208,74.50,NULL
'SESS_E7309  ','FA189221    ','Random','Suspicious',48.3,7820.57,961698,40.52,NULL
'SESS_3QT3H  ','FA355019    ','Bot-like','Medium',42.6,6783.28,331828,50.19,NULL
'SESS_1O26R  ','FA552131    ','Random','Low',40.8,7147.12,987469,10.60,NULL
'SESS_W5JF0  ','FA171674    ','Regular','Low',32.3,7959.50,107294,33.45,NULL
'SESS_YD5Q5  ','FA715607    ','Burst','High',31.1,6412.76,85883,42.99,NULL
'SESS_32PM4  ','FA355988    ','Burst','Suspicious',62.7,1951.71,853937,53.15,NULL
'SESS_EJTA0  ','FA835698    ','Regular','Medium',51.3,5136.46,934000,94.23,NULL
'SESS_8K8QB  ','FA373118    ','Burst','High',76.8,3361.96,976325,40.28,NULL
'SESS_58UPF  ','FA495796    ','Burst','Suspicious',59.3,7578.45,332503,95.31,NULL
'SESS_2K2C1  ','FA619863    ','Random','Low',75.1,892.32,6247,40.48,NULL
'SESS_4JKOG  ','FA167547    ','Burst','High',10.1,4245.86,483563,44.59,NULL
'SESS_BMCXO  ','FA409060    ','Regular','Medium',81.7,3530.90,229964,85.09,NULL
'SESS_JR08X  ','FA306944    ','Bot-like','Medium',72.0,4311.48,699846,3.67,NULL
'SESS_5DZCG  ','FA649737    ','Random','High',23.2,1207.24,826525,53.00,NULL
'SESS_G59AM  ','FA527650    ','Bot-like','Medium',57.6,4246.45,720652,31.21,NULL
'SESS_KA0DY  ','FA294135    ','Burst','Suspicious',15.5,7305.72,624137,97.58,NULL
'SESS_D62A3  ','FA516563    ','Random','Suspicious',28.4,4749.11,111940,84.52,NULL
'SESS_FKSHW  ','FA530315    ','Random','Medium',29.1,3244.51,31737,2.03,NULL
'SESS_H92RJ  ','FA149094    ','Random','Suspicious',28.1,6689.68,828521,14.68,NULL
'SESS_2MTON  ','FA566146    ','Regular','Medium',77.8,9856.64,522190,46.45,NULL
'SESS_ER8OP  ','FA749949    ','Burst','Low',83.8,7880.67,344692,22.34,NULL
'SESS_G8W1P  ','FA839666    ','Regular','Medium',1.4,2520.04,620488,43.54,NULL
'SESS_G3JZ8  ','FA736680    ','Burst','Low',91.3,457.40,63339,98.74,NULL
'SESS_U4PAR  ','FA884744    ','Regular','Suspicious',92.0,6182.60,921613,49.91,NULL
'SESS_R0OL0  ','FA878844    ','Random','Low',46.2,1948.47,250655,63.33,NULL
'SESS_DVVXK  ','FA346278    ','Regular','Medium',17.8,5250.15,540522,44.63,NULL
'SESS_YE160  ','FA840959    ','Random','Suspicious',6.3,5782.73,769873,71.45,NULL
'SESS_XPBYW  ','FA542786    ','Regular','Suspicious',4.6,2859.59,3697,45.21,NULL
'SESS_2C7BH  ','FA967914    ','Random','Medium',53.6,2818.65,606944,20.05,NULL
'SESS_AL5LS  ','FA248612    ','Regular','Low',74.1,580.95,43668,35.41,NULL
'SESS_FS9NJ  ','FA528323    ','Random','Low',40.8,7783.88,229166,69.77,NULL
'SESS_4I09G  ','FA589826    ','Random','Low',95.8,3380.74,425719,8.99,NULL
'SESS_ZDPBJ  ','FA860915    ','Regular','High',9.3,2955.28,327255,73.12,NULL
'SESS_830EB  ','FA291069    ','Bot-like','Low',70.0,8243.51,542108,35.05,NULL
'SESS_T76WH  ','FA908141    ','Regular','Medium',12.6,8304.90,855265,48.61,NULL
'SESS_379GJ  ','FA871727    ','Random','Suspicious',69.0,8126.42,262966,87.21,NULL
'SESS_E3VI7  ','FA133244    ','Regular','Suspicious',79.3,1954.47,845256,69.14,NULL
'SESS_UDWH8  ','FA493152    ','Random','Medium',48.7,4927.27,952650,21.15,NULL
'SESS_OS97F  ','FA593648    ','Random','High',41.3,3035.90,952827,81.85,NULL
'SESS_7LLHL  ','FA321160    ','Random','High',34.4,3083.33,264373,93.30,NULL
'SESS_A2FLG  ','FA909662    ','Bot-like','Medium',37.0,9824.54,858971,85.89,NULL
'SESS_AOEZL  ','FA191258    ','Random','High',4.9,4448.74,396367,81.10,NULL
'SESS_SHVTJ  ','FA221277    ','Regular','Low',7.4,7846.53,300245,48.37,NULL
'SESS_KPECT  ','FA712575    ','Regular','Low',11.7,8646.61,512233,37.83,NULL
'SESS_U200I  ','FA829783    ','Regular','Suspicious',45.2,4977.52,174132,37.38,NULL
'SESS_B8IT3  ','FA628248    ','Regular','Low',30.8,1503.03,200901,31.94,NULL
'SESS_G3G87  ','FA124326    ','Burst','Medium',21.1,5535.63,454862,70.78,NULL
'SESS_DXAQ7  ','FA611992    ','Bot-like','Suspicious',28.8,219.66,677249,87.51,NULL
'SESS_4RZEO  ','FA958277    ','Bot-like','Suspicious',48.3,3542.08,667484,29.46,NULL
'SESS_J7MUS  ','FA277822    ','Burst','Suspicious',63.2,682.36,202628,9.47,NULL
'SESS_6Y8N2  ','FA278081    ','Regular','High',82.9,9748.66,739459,68.47,NULL
'SESS_85B89  ','FA830148    ','Bot-like','Low',93.8,9983.81,568914,55.87,NULL
'SESS_S08Y3  ','FA986922    ','Bot-like','Low',64.5,6404.15,705957,93.95,NULL
'SESS_38AQD  ','FA743544    ','Random','Medium',98.3,9159.85,280627,61.40,NULL
'SESS_V9P6H  ','FA517927    ','Regular','Low',41.9,1887.00,927698,86.56,NULL
'SESS_VSCY8  ','FA919151    ','Burst','High',68.4,8868.98,775573,95.41,NULL
'SESS_2NVMV  ','FA585812    ','Bot-like','Low',95.9,9291.70,198048,15.07,NULL
'SESS_0TGL2  ','FA714882    ','Bot-like','High',94.6,9751.45,350962,23.55,NULL
'SESS_CFPVR  ','FA389140    ','Random','Low',71.1,748.79,123438,45.60,NULL
'SESS_RC6ZY  ','FA768304    ','Regular','Low',29.2,795.88,367315,46.92,NULL
'SESS_IYS0N  ','FA393451    ','Regular','High',30.0,1319.20,187253,92.09,NULL
'SESS_4S0TC  ','FA386635    ','Random','Medium',52.5,7141.44,118838,59.71,NULL
'SESS_V8HVG  ','FA783044    ','Bot-like','Low',57.5,1621.62,173876,8.85,NULL
'SESS_H9ABJ  ','FA360677    ','Regular','High',98.2,5628.54,226457,13.93,NULL
'SESS_MB1GY  ','FA310809    ','Regular','Suspicious',55.4,686.67,368896,44.18,NULL
'SESS_B8Y27  ','FA880288    ','Burst','Suspicious',61.6,2481.85,910420,30.67,NULL
'SESS_S60G7  ','FA247217    ','Burst','Suspicious',25.9,5734.30,924080,28.69,NULL
'SESS_LJPXM  ','FA751215    ','Regular','Medium',74.3,458.86,812388,29.04,NULL
'SESS_E2M5T  ','FA888457    ','Burst','Suspicious',72.2,9494.32,337956,72.73,NULL
'SESS_3NEH8  ','FA654691    ','Random','Low',94.7,9637.98,725950,46.43,NULL
'SESS_XYK4W  ','FA118896    ','Burst','Suspicious',95.9,1315.83,212712,55.64,NULL
'SESS_XA7T3  ','FA212377    ','Burst','Suspicious',98.0,2632.92,751917,12.63,NULL
'SESS_LP1GP  ','FA925303    ','Random','Medium',51.5,3732.24,908624,60.30,NULL
'SESS_6B4GL  ','FA675388    ','Random','Medium',43.9,5594.81,276114,58.37,NULL
'SESS_43V5J  ','FA306365    ','Regular','Low',82.2,3590.99,29416,51.97,NULL
'SESS_U4SY5  ','FA397842    ','Regular','High',65.1,3712.82,352606,63.54,NULL
'SESS_Z4M1A  ','FA148198    ','Burst','Suspicious',39.7,7107.18,312897,14.47,NULL
'SESS_2V339  ','FA411057    ','Random','High',49.5,3217.36,376567,1.12,NULL
'SESS_LBV9T  ','FA789479    ','Burst','Medium',63.4,5365.09,534742,66.47,NULL
'SESS_4C78G  ','FA637704    ','Random','High',62.6,1671.28,675514,62.42,NULL
'SESS_Y03V0  ','FA764573    ','Bot-like','Medium',9.7,5124.75,383142,56.17,NULL
'SESS_8U6XL  ','FA769852    ','Bot-like','Medium',45.1,8033.50,798607,41.74,NULL
'SESS_Y2XL4  ','FA851705    ','Random','Medium',98.9,5747.10,224077,38.59,NULL
'SESS_DIAXQ  ','FA694021    ','Burst','Low',19.4,5873.83,347225,70.58,NULL
'SESS_FTPPL  ','FA553942    ','Burst','Medium',20.7,7477.66,171223,71.53,NULL
'SESS_0MNK0  ','FA289458    ','Random','Suspicious',41.5,6228.80,823251,23.50,NULL
'SESS_KGVH6  ','FA319008    ','Burst','Medium',91.6,9701.18,17080,39.31,NULL
'SESS_O1F2P  ','FA287986    ','Bot-like','Suspicious',39.4,8037.18,228797,77.56,NULL
'SESS_HCN9L  ','FA269636    ','Bot-like','Low',62.7,8954.20,648253,76.70,NULL
'SESS_FR0NR  ','FA599269    ','Burst','Low',82.7,6320.20,354053,25.82,NULL
'SESS_34PBB  ','FA305923    ','Bot-like','Suspicious',7.2,4928.37,698313,2.99,NULL
'SESS_W27HV  ','FA453413    ','Regular','Medium',94.4,7651.31,86217,2.76,NULL
'SESS_VU5WA  ','FA555364    ','Burst','Suspicious',0.0,6021.01,608552,49.75,NULL
'SESS_LCFNZ  ','FA790065    ','Random','High',34.4,1687.45,925488,98.65,NULL
'SESS_JW32X  ','FA598455    ','Regular','Suspicious',99.2,187.03,226679,23.06,NULL
'SESS_7FEOC  ','FA571064    ','Regular','Medium',12.6,1847.38,847903,19.31,NULL
'SESS_GXTNJ  ','FA547134    ','Burst','Medium',28.7,3626.03,847214,77.42,NULL
'SESS_MP9O3  ','FA872606    ','Burst','Suspicious',15.9,7375.56,997946,13.83,NULL
'SESS_UXS96  ','FA787521    ','Random','Medium',72.2,4857.32,950506,64.34,NULL
'SESS_GTR2V  ','FA803869    ','Random','Suspicious',80.2,1684.81,126545,16.85,NULL
'SESS_ZDDXN  ','FA551378    ','Regular','Low',70.5,7504.38,562111,23.06,NULL
'SESS_0H0Q3  ','FA413121    ','Regular','Suspicious',83.9,2023.68,965057,65.06,NULL
'SESS_BU1D3  ','FA655288    ','Regular','Suspicious',39.0,2582.18,320738,42.41,NULL
'SESS_X7U9Q  ','FA367746    ','Random','High',12.2,7056.13,976935,61.25,NULL
'SESS_V9PPL  ','FA472677    ','Regular','Medium',38.5,9974.43,511557,49.48,NULL
'SESS_B2SVQ  ','FA960403    ','Random','Suspicious',26.6,1694.83,75953,33.33,NULL
'SESS_GTM4P  ','FA167501    ','Random','Medium',7.0,2296.23,375295,74.55,NULL
'SESS_1LZYG  ','FA131054    ','Burst','Medium',74.6,7489.97,474502,72.66,NULL
'SESS_PYPDT  ','FA287160    ','Bot-like','Low',55.4,3324.82,158459,31.03,NULL
'SESS_1UHGV  ','FA826745    ','Regular','Low',28.7,2316.07,914996,50.89,NULL
'SESS_J3AP6  ','FA897387    ','Random','Suspicious',69.2,2995.93,348694,70.36,NULL
'SESS_XPLEE  ','FA777930    ','Random','Medium',37.0,3500.28,680907,26.42,NULL
'SESS_85SPV  ','FA776877    ','Random','High',18.8,380.74,908471,82.81,NULL
'SESS_2GGQ7  ','FA103537    ','Burst','Suspicious',43.2,4583.00,918437,84.40,NULL
'SESS_Q8V5S  ','FA220261    ','Bot-like','Medium',42.8,4228.96,996147,85.16,NULL
'SESS_BGF7B  ','FA261145    ','Random','Low',6.5,5586.09,485027,47.80,NULL
'SESS_4EUR6  ','FA756218    ','Burst','Suspicious',87.6,2150.09,44914,37.93,NULL
'SESS_IGT2D  ','FA375333    ','Bot-like','Medium',60.0,2048.16,412287,45.78,NULL
'SESS_2588M  ','FA449430    ','Random','Suspicious',60.9,3803.82,874123,24.92,NULL
'SESS_KNAOL  ','FA424175    ','Burst','Low',50.5,677.79,903960,56.89,NULL
'SESS_QQ5OM  ','FA483071    ','Regular','Suspicious',47.6,2622.81,947182,8.04,NULL
'SESS_485U1  ','FA294386    ','Burst','High',15.5,5173.87,992925,61.45,NULL
'SESS_0284I  ','FA633872    ','Regular','Suspicious',58.0,6771.96,468231,21.68,NULL
'SESS_W04H2  ','FA401531    ','Bot-like','Suspicious',51.4,6213.24,552470,72.96,NULL
'SESS_WCTPJ  ','FA771337    ','Random','Medium',81.1,5200.24,392185,33.38,NULL
'SESS_MKN5H  ','FA950465    ','Bot-like','Low',76.8,5117.81,441763,57.67,NULL
'SESS_4WMBN  ','FA801618    ','Regular','Low',31.6,3111.49,751083,84.14,NULL
'SESS_SYFEU  ','FA435918    ','Bot-like','Medium',48.2,3218.37,805890,14.30,NULL
'SESS_X4YYR  ','FA149419    ','Random','High',31.6,2337.27,255820,48.22,NULL
'SESS_16I2H  ','FA602557    ','Random','Low',20.2,3397.76,70243,44.06,NULL
'SESS_MIUFE  ','FA459516    ','Random','Medium',46.9,1997.97,554259,55.28,NULL
'SESS_EU7E1  ','FA211916    ','Regular','Suspicious',24.2,1314.91,170358,40.68,NULL
'SESS_MB46N  ','FA563691    ','Regular','Low',75.1,6483.88,323507,48.18,NULL
'SESS_U871G  ','FA100923    ','Bot-like','Medium',64.4,7246.08,981679,3.90,NULL
'SESS_NQ9PR  ','FA567637    ','Random','High',67.1,6148.24,201643,18.76,NULL
'SESS_KV1YD  ','FA149611    ','Burst','Medium',75.3,2392.53,850531,10.95,NULL
'SESS_8BIJ1  ','FA520943    ','Random','Suspicious',69.5,5394.88,301143,28.32,NULL
'SESS_YT7Y9  ','FA670692    ','Regular','Low',3.8,872.07,236344,37.11,NULL
'SESS_QCP99  ','FA757629    ','Burst','High',91.1,738.03,29365,52.09,NULL
'SESS_ZYTMT  ','FA795918    ','Bot-like','Low',70.1,1811.81,687434,9.84,NULL
'SESS_V0DQ0  ','FA623042    ','Random','High',40.0,8150.09,173065,36.27,NULL
'SESS_7Q53O  ','FA774049    ','Bot-like','High',98.4,3507.06,781595,26.07,NULL
'SESS_ZHIJB  ','FA825570    ','Random','Medium',36.1,1799.05,947190,17.76,NULL
'SESS_VDVM5  ','FA250365    ','Burst','High',6.4,3902.33,20217,37.11,NULL
'SESS_6WJVB  ','FA609418    ','Regular','Medium',8.4,5735.37,815757,47.51,NULL
'SESS_AI2VG  ','FA286865    ','Regular','Low',33.0,3225.70,243729,22.55,NULL
'SESS_03NZL  ','FA726065    ','Burst','Low',26.9,7710.09,568809,93.90,NULL
'SESS_6V6K3  ','FA309226    ','Bot-like','Medium',6.1,9531.81,348115,3.33,NULL
'SESS_P66J3  ','FA384005    ','Burst','Suspicious',7.2,5515.40,288835,88.85,NULL
'SESS_LRLQI  ','FA641138    ','Random','Low',32.3,3170.52,206792,68.07,NULL
'SESS_PNATW  ','FA673271    ','Bot-like','Low',83.6,7488.60,778694,50.63,NULL
'SESS_XF7V0  ','FA318783    ','Regular','Medium',50.2,3599.58,967597,5.84,NULL
'SESS_SIMIM  ','FA256223    ','Random','Suspicious',40.5,6513.08,823164,1.21,NULL
'SESS_KWFR3  ','FA893454    ','Bot-like','Suspicious',50.5,3785.97,551058,91.35,NULL
'SESS_Z2V82  ','FA380900    ','Burst','Suspicious',55.6,2833.05,155169,88.65,NULL
'SESS_ERXPR  ','FA986300    ','Random','Suspicious',51.4,9094.21,930779,22.68,NULL
'SESS_ZLGMC  ','FA396997    ','Burst','Low',46.1,5407.35,518095,24.58,NULL
'SESS_Y7UGI  ','FA700906    ','Burst','Low',22.1,2355.90,997873,39.31,NULL
'SESS_Q9ANO  ','FA696173    ','Bot-like','High',68.4,358.42,122700,83.92,NULL
'SESS_ZQKKF  ','FA332328    ','Bot-like','Low',87.3,6822.34,939975,43.90,NULL
'SESS_LEIBU  ','FA325409    ','Random','High',79.6,1090.78,632634,33.48,NULL
'SESS_WPWYF  ','FA492602    ','Bot-like','Suspicious',91.0,5753.87,756501,56.27,NULL
'SESS_BAQ5I  ','FA611989    ','Regular','Low',13.1,1712.68,475399,9.55,NULL
'SESS_8QX7M  ','FA718944    ','Random','Medium',1.1,4037.70,834492,77.69,NULL
'SESS_MP4RZ  ','FA127780    ','Burst','Low',61.4,2515.48,310404,89.48,NULL
'SESS_WHXHN  ','FA167331    ','Burst','High',24.6,8778.39,558616,89.15,NULL
'SESS_ZO0GN  ','FA450169    ','Burst','Medium',86.7,3663.40,519884,71.43,NULL
'SESS_4III8  ','FA355595    ','Random','Low',78.1,3493.69,485917,3.01,NULL
'SESS_URWYP  ','FA696545    ','Regular','Low',84.3,5155.77,608405,6.70,NULL
'SESS_0YZW2  ','FA775878    ','Random','Medium',72.6,2141.00,489572,25.95,NULL
'SESS_9R6CN  ','FA250052    ','Bot-like','Medium',38.1,2963.67,322646,72.85,NULL
'SESS_5G9CD  ','FA234409    ','Random','Suspicious',50.7,5337.97,665210,16.11,NULL
'SESS_GGEED  ','FA386227    ','Random','High',67.9,8401.36,719859,14.63,NULL
'SESS_BPCRM  ','FA988761    ','Random','Medium',30.9,5469.02,265837,24.94,NULL
'SESS_V71F7  ','FA981409    ','Bot-like','Suspicious',59.9,5030.06,409985,10.68,NULL
'SESS_XH7JP  ','FA398780    ','Regular','Suspicious',58.9,5895.93,358361,77.04,NULL
'SESS_5XLK1  ','FA205013    ','Bot-like','Low',55.9,165.40,701978,20.12,NULL
'SESS_BA6L4  ','FA283245    ','Burst','High',57.8,3529.17,443400,56.07,NULL
'SESS_XEK0S  ','FA394943    ','Burst','Low',51.6,1558.10,640013,79.11,NULL
'SESS_EGD9X  ','FA555928    ','Bot-like','High',69.6,8117.10,465263,29.95,NULL
'SESS_9GABG  ','FA633371    ','Random','Medium',61.0,7123.61,139744,99.56,NULL
'SESS_FFZPV  ','FA356283    ','Regular','Suspicious',83.2,7763.15,274945,67.06,NULL
'SESS_MP26K  ','FA277695    ','Bot-like','High',3.8,2693.61,14583,46.21,NULL
'SESS_ZB6PJ  ','FA920359    ','Random','Medium',76.7,9394.26,222883,60.01,NULL
'SESS_CW6RC  ','FA682010    ','Burst','Suspicious',71.8,4124.04,146754,77.39,NULL
'SESS_SBJOV  ','FA719560    ','Bot-like','High',82.3,2589.80,925728,15.82,NULL
'SESS_DU8SS  ','FA787900    ','Burst','High',16.8,543.41,427256,76.03,NULL
'SESS_7XQR0  ','FA468991    ','Burst','Low',36.3,7171.31,460275,67.73,NULL
'SESS_I8635  ','FA423008    ','Bot-like','Low',13.5,717.97,445258,81.07,NULL
'SESS_SMGA3  ','FA183049    ','Regular','High',16.0,6428.34,498994,16.19,NULL
'SESS_DVC6Q  ','FA380187    ','Random','Medium',7.5,6454.90,744045,60.62,NULL
'SESS_T24QD  ','FA196732    ','Random','High',16.8,3147.90,153977,36.40,NULL
'SESS_2443P  ','FA466532    ','Regular','High',82.8,1690.97,611035,66.39,NULL
'SESS_1ERLC  ','FA374729    ','Random','Low',70.5,8996.25,643951,30.76,NULL
'SESS_EZDJI  ','FA479989    ','Burst','Low',67.1,4411.75,517776,11.66,NULL
'SESS_QMC2N  ','FA113359    ','Bot-like','Suspicious',59.0,1899.86,177586,81.99,NULL
'SESS_SE3JK  ','FA166656    ','Random','High',64.0,508.69,414,38.39,NULL
'SESS_EPECC  ','FA978728    ','Random','Low',65.4,1592.54,892507,77.01,NULL
'SESS_NJRX7  ','FA402946    ','Burst','Low',51.6,9650.09,336989,86.34,NULL
'SESS_RAZ69  ','FA585522    ','Bot-like','High',92.4,9895.07,471235,36.76,NULL
'SESS_JCKCB  ','FA787926    ','Burst','Medium',78.0,8447.16,460532,67.94,NULL
'SESS_TFE10  ','FA677594    ','Burst','Low',44.2,5927.06,283032,56.51,NULL
'SESS_XL9YM  ','FA422309    ','Random','Low',33.8,6429.00,972198,23.53,NULL
'SESS_4WN0U  ','FA838197    ','Regular','Medium',98.8,3809.80,917523,15.44,NULL
'SESS_GZTTZ  ','FA268362    ','Regular','Low',69.5,7933.96,195655,33.92,NULL
'SESS_W7Q7G  ','FA918957    ','Random','Low',95.3,7511.40,726294,23.73,NULL
'SESS_2PXU4  ','FA716842    ','Bot-like','Low',70.6,7434.31,2765,26.55,NULL
'SESS_TR413  ','FA103382    ','Regular','Medium',34.9,7225.18,973383,45.66,NULL
'SESS_9FL3L  ','FA556190    ','Bot-like','Medium',40.0,4458.29,380909,43.40,NULL
'SESS_M4NWB  ','FA820360    ','Bot-like','High',75.2,6622.69,960003,85.01,NULL
'SESS_Y6Q32  ','FA732623    ','Random','High',65.4,4864.93,443768,96.23,NULL
'SESS_XJ96U  ','FA448328    ','Burst','Low',31.7,5629.31,365795,99.79,NULL
'SESS_4AAVZ  ','FA146937    ','Bot-like','High',86.2,5052.71,562016,2.86,NULL
'SESS_C16YZ  ','FA854125    ','Random','Low',11.3,5469.81,928622,63.89,NULL
'SESS_NHP0T  ','FA288263    ','Regular','Low',94.2,6727.75,625119,44.37,NULL
'SESS_2HQEN  ','FA710229    ','Bot-like','Low',18.5,2635.06,933008,1.27,NULL
'SESS_LKLH5  ','FA822696    ','Regular','Low',20.0,3107.67,618707,17.12,NULL
'SESS_7MOJQ  ','FA940129    ','Random','Medium',7.4,3438.59,776073,49.17,NULL
'SESS_M5ME0  ','FA991773    ','Regular','Medium',65.2,2080.35,136661,52.16,NULL
'SESS_7RGGT  ','FA146837    ','Burst','Medium',75.6,4076.25,557519,49.67,NULL
'SESS_SMPEA  ','FA510646    ','Random','High',37.2,8614.74,544310,87.16,NULL
'SESS_T9SST  ','FA497023    ','Bot-like','Medium',34.5,9232.87,966645,80.71,NULL
'SESS_QP400  ','FA983986    ','Burst','Medium',19.5,9010.07,85751,59.75,NULL
'SESS_28683  ','FA331628    ','Bot-like','Suspicious',73.0,6660.14,441380,16.07,NULL
'SESS_7V238  ','FA643549    ','Burst','High',53.9,7566.24,313792,91.66,NULL
'SESS_F5XZF  ','FA677822    ','Bot-like','Medium',88.2,6592.46,212230,38.60,NULL
'SESS_E7URD  ','FA974216    ','Random','Low',44.8,353.98,324483,49.35,NULL
'SESS_5F67H  ','FA493127    ','Random','Suspicious',36.4,1998.07,530357,95.99,NULL
'SESS_3C3PR  ','FA911471    ','Burst','High',43.2,6304.63,293239,15.50,NULL
'SESS_470WP  ','FA300029    ','Burst','High',61.8,1378.60,552796,91.82,NULL
'SESS_59I4H  ','FA226034    ','Regular','Low',69.0,6356.79,924538,96.79,NULL
'SESS_93RCF  ','FA999054    ','Regular','High',47.2,5366.24,863826,37.31,NULL
'SESS_WN06Q  ','FA240463    ','Regular','Suspicious',42.7,238.19,580146,5.28,NULL
'SESS_RJ3N9  ','FA454284    ','Burst','Suspicious',5.1,925.33,50091,93.70,NULL
'SESS_JKKLF  ','FA120958    ','Random','High',14.8,2613.38,180614,38.13,NULL
'SESS_HHZ5X  ','FA466172    ','Burst','Low',83.9,1197.56,736018,5.44,NULL
'SESS_UKQ2N  ','FA638520    ','Bot-like','High',11.0,3440.37,408722,12.95,NULL
'SESS_OBBAO  ','FA573360    ','Random','Suspicious',54.2,8943.28,213493,47.14,NULL
'SESS_LD0MA  ','FA864741    ','Burst','Low',90.2,893.67,265490,22.57,NULL
'SESS_AJQTN  ','FA903894    ','Burst','High',37.8,3054.00,151671,30.27,NULL
'SESS_MK567  ','FA108263    ','Random','Medium',62.3,5431.67,504471,41.28,NULL
'SESS_A41KI  ','FA744364    ','Bot-like','Medium',15.2,9914.41,501597,27.82,NULL
'SESS_JNHOW  ','FA647474    ','Random','Medium',51.6,5689.26,893183,16.81,NULL
'SESS_SD0JL  ','FA322085    ','Bot-like','Medium',29.9,8679.40,533494,75.15,NULL
'SESS_JYVUL  ','FA597406    ','Burst','High',77.0,22.69,452753,44.87,NULL
'SESS_YU2VP  ','FA572366    ','Burst','High',57.1,8136.48,435993,74.07,NULL
'SESS_0BG4A  ','FA678441    ','Random','Medium',13.6,4969.94,945423,11.21,NULL
'SESS_O8FOA  ','FA853931    ','Bot-like','High',4.0,2406.96,255626,61.73,NULL
'SESS_XO7JR  ','FA715818    ','Random','Low',40.1,4484.56,223285,70.78,NULL
'SESS_AKC68  ','FA212272    ','Bot-like','High',89.7,5733.17,887485,88.12,NULL
'SESS_OF4H2  ','FA468728    ','Regular','Medium',7.1,5918.07,424374,68.03,NULL
'SESS_FBS0K  ','FA466156    ','Bot-like','High',71.0,5095.18,581106,94.74,NULL
'SESS_AV3QG  ','FA137224    ','Burst','Medium',88.0,3252.03,86219,1.35,NULL
'SESS_QTUSW  ','FA957532    ','Bot-like','Suspicious',58.9,8898.44,150969,90.33,NULL
'SESS_4M5ZE  ','FA222619    ','Burst','High',48.2,1653.40,885738,35.86,NULL
'SESS_PWKIR  ','FA771389    ','Bot-like','High',42.6,9020.98,420354,83.15,NULL
'SESS_3RUJR  ','FA201916    ','Burst','Medium',36.6,9887.74,560011,49.85,NULL
'SESS_2WQYI  ','FA960678    ','Burst','Low',47.5,7429.14,189530,94.08,NULL
'SESS_66J1B  ','FA747211    ','Random','Suspicious',53.1,8444.14,82080,42.39,NULL
'SESS_6WOS3  ','FA795840    ','Random','Medium',14.0,8172.32,892978,73.61,NULL
'SESS_4YMNV  ','FA806919    ','Burst','Suspicious',8.7,4014.61,323247,36.83,NULL
'SESS_XKC29  ','FA398317    ','Burst','High',83.0,9751.50,802461,36.69,NULL
'SESS_RGJRS  ','FA283074    ','Random','Low',60.4,1269.36,321849,95.92,NULL
'SESS_H2SJJ  ','FA688159    ','Regular','Medium',59.8,6300.46,305962,81.11,NULL
'SESS_772BJ  ','FA313658    ','Bot-like','Low',44.6,21.97,416767,35.62,NULL
'SESS_6O4S0  ','FA873005    ','Random','High',98.0,6347.20,961873,83.46,NULL
'SESS_PYSEK  ','FA114694    ','Regular','High',67.1,3167.95,27817,39.54,NULL
'SESS_JYVST  ','FA148910    ','Regular','Medium',7.8,4820.10,914599,63.07,NULL
'SESS_F1XRI  ','FA754119    ','Bot-like','High',77.5,3984.00,114845,29.52,NULL
'SESS_PPE0A  ','FA402153    ','Bot-like','Low',79.8,5204.90,782827,88.01,NULL
'SESS_9327Q  ','FA164410    ','Bot-like','Low',89.3,7085.53,195474,17.35,NULL
'SESS_JFNTQ  ','FA377595    ','Bot-like','Medium',57.6,6738.77,603117,26.62,NULL
'SESS_YSCIE  ','FA455095    ','Burst','High',56.1,3121.87,300097,77.40,NULL
'SESS_E4V4T  ','FA438797    ','Regular','Low',91.2,1490.10,179705,33.26,NULL
'SESS_8N3Q0  ','FA885050    ','Regular','High',50.0,8308.52,979901,41.71,NULL
'SESS_7YDT2  ','FA839437    ','Bot-like','Suspicious',44.9,7740.63,41333,5.02,NULL
'SESS_3B46T  ','FA674915    ','Burst','Low',90.8,2759.46,448324,38.45,NULL
'SESS_IALHQ  ','FA752240    ','Regular','High',34.2,9758.32,395703,50.17,NULL
'SESS_GBCX6  ','FA810237    ','Random','High',4.5,2679.91,901955,73.14,NULL
'SESS_VGTFZ  ','FA333945    ','Bot-like','High',86.5,7385.83,673382,42.51,NULL
'SESS_XPE3K  ','FA467524    ','Burst','High',58.9,2506.44,805705,19.06,NULL
'SESS_8WHJ9  ','FA483860    ','Bot-like','Suspicious',83.6,3487.96,929010,30.12,NULL
'SESS_N7U58  ','FA356017    ','Random','Low',95.6,737.66,637745,28.76,NULL
'SESS_FKON7  ','FA863640    ','Bot-like','High',39.9,7869.35,603059,11.82,NULL
'SESS_ZQ6SX  ','FA367763    ','Burst','Suspicious',16.1,9047.12,69866,38.61,NULL
'SESS_EBV5N  ','FA474257    ','Burst','Suspicious',90.8,6873.64,443104,69.48,NULL
'SESS_M33A7  ','FA427590    ','Regular','Suspicious',93.4,2324.82,304597,32.76,NULL
'SESS_PB361  ','FA603462    ','Regular','Medium',90.9,3334.61,925380,17.25,NULL
'SESS_OK1ZZ  ','FA820889    ','Bot-like','High',10.1,4831.32,849715,15.28,NULL
'SESS_808OC  ','FA576171    ','Bot-like','Low',16.7,2198.70,488167,67.89,NULL
'SESS_S73LU  ','FA617519    ','Random','Suspicious',17.7,5995.24,218304,36.05,NULL
'SESS_7MKGQ  ','FA789253    ','Bot-like','Suspicious',61.7,2705.77,30541,33.78,NULL
'SESS_1BGYW  ','FA423307    ','Random','Suspicious',6.7,168.85,101102,25.05,NULL
'SESS_FUN6J  ','FA634954    ','Random','Suspicious',31.3,369.19,13884,0.30,NULL
'SESS_BR4S5  ','FA798407    ','Regular','High',96.7,2847.10,476937,66.48,NULL
'SESS_6LBMC  ','FA577046    ','Random','Low',63.0,253.84,225017,61.94,NULL
'SESS_JKM3J  ','FA410396    ','Bot-like','Low',34.8,7797.51,934759,35.24,NULL
'SESS_W9IBH  ','FA573180    ','Regular','Medium',40.4,6463.19,671926,2.34,NULL
'SESS_RCN2T  ','FA551762    ','Bot-like','Suspicious',5.7,9686.53,527075,36.12,NULL
'SESS_FZMWW  ','FA540650    ','Regular','Suspicious',59.7,7461.90,340775,36.24,NULL
'SESS_UGKVI  ','FA654021    ','Burst','High',23.1,4123.71,803146,26.69,NULL
'SESS_UTZSU  ','FA753843    ','Bot-like','Medium',57.9,1351.68,353897,82.46,NULL
'SESS_BPQUG  ','FA830254    ','Regular','Suspicious',2.8,2674.61,418744,15.30,NULL
'SESS_BJ2CK  ','FA131180    ','Random','Medium',1.2,1523.89,92309,62.21,NULL
'SESS_4HZXW  ','FA201099    ','Regular','Suspicious',45.6,3201.70,738629,83.68,NULL
'SESS_3CUR6  ','FA365327    ','Burst','High',56.2,4387.30,168617,86.76,NULL
'SESS_ZU1AC  ','FA684611    ','Random','Medium',20.5,3847.03,572261,39.07,NULL
'SESS_MXHTP  ','FA451917    ','Bot-like','Low',59.6,1893.52,848679,90.83,NULL
'SESS_1N1HZ  ','FA543870    ','Random','Suspicious',47.7,4782.57,249478,52.29,NULL
'SESS_6IHW7  ','FA101389    ','Regular','Suspicious',99.5,8536.83,793565,75.70,NULL
'SESS_URM3L  ','FA639549    ','Regular','High',67.9,8979.17,651159,1.81,NULL
'SESS_FKUYP  ','FA744171    ','Random','High',6.0,7324.11,697636,88.59,NULL
'SESS_OGFSX  ','FA348901    ','Burst','Low',8.4,2376.71,853992,63.36,NULL
'SESS_1RVNM  ','FA681637    ','Random','Suspicious',28.4,3447.15,852466,21.14,NULL
'SESS_92JN4  ','FA281014    ','Regular','Low',14.0,3272.06,150372,44.63,NULL
'SESS_E2BE8  ','FA285056    ','Random','Suspicious',30.9,8158.16,175288,87.89,NULL
'SESS_65UGM  ','FA904063    ','Burst','Low',9.1,6105.90,254566,22.42,NULL
'SESS_KO65W  ','FA801231    ','Random','Suspicious',7.8,1012.73,896037,64.01,NULL
'SESS_SM4UB  ','FA296254    ','Bot-like','Low',95.3,9244.58,274118,60.22,NULL
'SESS_6EIS3  ','FA796129    ','Random','Low',48.8,5450.75,536661,3.03,NULL
'SESS_PMQ8K  ','FA343097    ','Random','Low',31.4,5346.54,773732,26.74,NULL
'SESS_FESDW  ','FA437116    ','Random','High',83.8,1290.67,852983,49.26,NULL
'SESS_7W3BU  ','FA455158    ','Random','Medium',99.5,4216.20,555902,28.46,NULL
'SESS_F471S  ','FA455398    ','Burst','High',18.6,2919.89,673305,26.01,NULL
'SESS_50D3Q  ','FA374951    ','Regular','High',11.4,1866.89,907925,53.45,NULL
'SESS_U3UA1  ','FA781201    ','Burst','Medium',35.6,1541.51,888141,40.29,NULL
'SESS_W34OB  ','FA838982    ','Burst','High',15.4,9245.49,98086,10.82,NULL
'SESS_681ZJ  ','FA705375    ','Random','High',10.4,5867.14,375437,52.59,NULL
'SESS_P8NPH  ','FA764009    ','Bot-like','Suspicious',91.0,8623.46,74364,82.54,NULL
'SESS_AAOG1  ','FA593465    ','Burst','Low',75.4,8180.28,221986,74.24,NULL
'SESS_V23S3  ','FA628597    ','Regular','Low',5.6,4438.03,462053,25.07,NULL
'SESS_NKBAP  ','FA457749    ','Regular','Medium',16.4,4201.41,95459,19.19,NULL
'SESS_2QRG3  ','FA287728    ','Regular','Low',54.6,475.56,580066,7.51,NULL
'SESS_VTQPV  ','FA691684    ','Burst','High',26.5,8590.34,956103,51.81,NULL
'SESS_KYOZ5  ','FA600952    ','Burst','High',66.0,9014.28,590452,61.28,NULL
'SESS_R6VNO  ','FA282066    ','Regular','Medium',10.8,8538.52,195932,14.10,NULL
'SESS_508FY  ','FA908399    ','Random','Suspicious',45.8,7333.02,360305,23.88,NULL
'SESS_YDRQM  ','FA533716    ','Bot-like','High',30.0,4678.65,389065,87.98,NULL
'SESS_1MX3F  ','FA814628    ','Random','Suspicious',13.2,6469.22,253061,59.60,NULL
'SESS_PRHXS  ','FA853058    ','Regular','Low',88.6,6079.62,351713,89.70,NULL
'SESS_S5K3W  ','FA746737    ','Bot-like','Medium',11.7,4737.93,176650,30.67,NULL
'SESS_OEOXJ  ','FA899918    ','Regular','Suspicious',63.3,2826.65,569119,27.46,NULL
'SESS_RSF7Q  ','FA600084    ','Random','Medium',18.1,6589.06,204318,36.81,NULL
'SESS_383NM  ','FA885473    ','Bot-like','Suspicious',62.0,2436.80,752559,71.34,NULL
'SESS_NK7B1  ','FA597690    ','Bot-like','Low',21.4,5620.26,897326,18.62,NULL
'SESS_J00UM  ','FA697965    ','Regular','Medium',48.8,4218.48,810051,25.20,NULL
'SESS_958N7  ','FA633275    ','Random','Suspicious',32.6,1626.09,427467,23.63,NULL
'SESS_Z182Q  ','FA284352    ','Random','Suspicious',81.7,5728.73,571697,86.64,NULL
'SESS_KO2B1  ','FA777326    ','Regular','High',40.3,5339.69,604803,57.22,NULL
'SESS_BCIYV  ','FA556390    ','Random','High',55.7,1327.08,687936,18.26,NULL
'SESS_SZLJ3  ','FA486743    ','Burst','Suspicious',25.5,1105.43,308679,59.86,NULL
'SESS_VC8PF  ','FA181935    ','Random','High',70.5,7115.92,587912,18.12,NULL
'SESS_M28LE  ','FA318042    ','Regular','Low',95.0,5595.15,50490,43.05,NULL
'SESS_N65HG  ','FA400485    ','Regular','High',40.6,2970.99,27430,96.61,NULL
'SESS_QWY7Q  ','FA581148    ','Burst','Low',31.7,3810.75,340862,32.78,NULL
'SESS_OIRN7  ','FA422898    ','Regular','Suspicious',98.6,4651.33,522664,38.63,NULL
'SESS_AXVLJ  ','FA806890    ','Bot-like','Suspicious',42.9,9058.27,30449,78.51,NULL
'SESS_V73NX  ','FA132598    ','Random','Low',83.4,716.94,757927,49.76,NULL
'SESS_X2B87  ','FA108387    ','Burst','Low',86.3,8104.42,999880,72.14,NULL
'SESS_ZQXMC  ','FA653578    ','Burst','Low',38.4,4869.22,839637,86.31,NULL
'SESS_PT3LZ  ','FA481959    ','Burst','High',11.3,8822.86,688145,18.56,NULL
'SESS_LPZY2  ','FA716207    ','Regular','Medium',19.3,6562.47,360659,5.55,NULL
'SESS_G7YRA  ','FA515413    ','Burst','Low',53.1,3273.15,122905,97.27,NULL
'SESS_O4JII  ','FA450498    ','Random','Medium',46.4,6398.27,586853,70.39,NULL
'SESS_W3SHN  ','FA982060    ','Bot-like','Medium',90.7,9184.30,965857,29.25,NULL
'SESS_FE38A  ','FA706812    ','Random','Suspicious',17.1,9201.44,883053,40.34,NULL
'SESS_RY6YL  ','FA137047    ','Random','High',27.2,7601.13,306285,23.94,NULL
'SESS_UEPMS  ','FA401123    ','Random','Suspicious',69.2,844.63,148718,15.48,NULL
'SESS_A1JM8  ','FA742437    ','Bot-like','High',55.9,6763.98,136654,11.05,NULL
'SESS_12651  ','FA910874    ','Burst','High',9.1,4943.12,447553,98.05,NULL
'SESS_6IBCA  ','FA549267    ','Burst','Medium',47.3,825.27,87105,62.14,NULL
'SESS_GC99J  ','FA701473    ','Bot-like','Medium',9.7,1774.70,52618,10.08,NULL
'SESS_WZQ5S  ','FA820901    ','Burst','Medium',85.4,9306.75,27750,84.77,NULL
'SESS_8SLPK  ','FA789098    ','Burst','Suspicious',18.7,8463.21,49041,17.90,NULL
'SESS_UGYKD  ','FA175640    ','Burst','Suspicious',74.6,6170.53,306114,65.76,NULL
'SESS_USYWJ  ','FA902923    ','Regular','Low',56.5,1810.69,781547,23.17,NULL
'SESS_F4K1L  ','FA506758    ','Random','Medium',90.8,3161.17,494351,25.63,NULL
'SESS_K1EDQ  ','FA611869    ','Burst','High',92.4,3762.98,263508,33.42,NULL
'SESS_7S48N  ','FA157140    ','Regular','High',86.0,3452.87,276470,16.81,NULL
'SESS_7X20C  ','FA324075    ','Bot-like','High',34.7,7876.75,717178,97.77,NULL
'SESS_HK6T3  ','FA619418    ','Regular','Low',38.8,4930.20,455745,95.69,NULL
'SESS_U4ULX  ','FA433679    ','Bot-like','High',2.7,8567.81,283867,93.73,NULL
'SESS_BGYG1  ','FA734207    ','Regular','Medium',47.6,9121.64,940576,52.17,NULL
'SESS_UNKG6  ','FA814005    ','Burst','High',54.3,1542.84,39790,44.65,NULL
'SESS_Z1AL4  ','FA172132    ','Random','Medium',61.4,2510.14,327115,56.86,NULL
'SESS_BH6WS  ','FA842132    ','Random','High',62.8,6067.61,120113,99.24,NULL
'SESS_4917A  ','FA626828    ','Bot-like','High',85.8,3086.53,495426,26.60,NULL
'SESS_BKLM0  ','FA241881    ','Burst','Medium',30.0,9101.62,16951,41.39,NULL
'SESS_67A2B  ','FA274503    ','Regular','Low',21.1,8833.84,496770,44.85,NULL
'SESS_26N4X  ','FA294724    ','Burst','Medium',99.9,9907.58,851994,43.57,NULL
'SESS_LHBBS  ','FA596259    ','Random','Suspicious',50.3,7296.75,317692,54.33,NULL
'SESS_QYO1C  ','FA841350    ','Random','Medium',79.0,6785.33,954591,66.13,NULL
'SESS_WPKXP  ','FA616887    ','Regular','Suspicious',97.9,4396.78,579053,50.32,NULL
'SESS_SSEXL  ','FA874733    ','Regular','High',20.8,6210.41,865955,12.27,NULL
'SESS_QX74M  ','FA831359    ','Bot-like','Medium',69.7,9674.31,962173,93.93,NULL
'SESS_JMTSR  ','FA333293    ','Regular','Suspicious',51.2,591.22,466308,39.89,NULL
'SESS_U5DAK  ','FA748301    ','Burst','Suspicious',38.4,2886.71,805058,69.15,NULL
'SESS_NVOMY  ','FA359131    ','Regular','Suspicious',47.4,4109.81,638201,51.52,NULL
'SESS_86B5Q  ','FA147214    ','Burst','Suspicious',33.4,6764.68,120524,32.23,NULL
'SESS_V5F56  ','FA958900    ','Random','High',19.2,6247.07,69260,41.44,NULL
'SESS_ZEALG  ','FA792050    ','Bot-like','Suspicious',97.1,9860.05,848455,6.95,NULL
'SESS_IX6U8  ','FA262570    ','Random','High',6.6,7835.92,93561,76.91,NULL
'SESS_GC4AD  ','FA829977    ','Random','Suspicious',45.0,1512.90,802836,37.44,NULL
'SESS_O17WT  ','FA971309    ','Burst','Suspicious',82.9,5839.03,848786,48.43,NULL
'SESS_CA7ZS  ','FA145996    ','Random','Suspicious',80.3,3309.42,691514,85.63,NULL
'SESS_Q2Y5I  ','FA462067    ','Bot-like','Suspicious',96.5,704.01,224223,84.68,NULL
'SESS_0Y0W5  ','FA251659    ','Burst','Suspicious',6.2,2641.76,565579,34.76,NULL
'SESS_WQ8J0  ','FA605494    ','Bot-like','High',40.6,6762.58,360405,95.78,NULL
'SESS_UCLMJ  ','FA454478    ','Bot-like','High',97.7,6724.76,180495,12.47,NULL
'SESS_SJCC5  ','FA847274    ','Bot-like','Low',48.0,9723.06,189270,21.05,NULL
'SESS_Z3H71  ','FA553628    ','Bot-like','Suspicious',78.0,9646.89,145821,68.92,NULL
'SESS_C2IOC  ','FA424527    ','Bot-like','Suspicious',88.6,5649.68,926659,86.02,NULL
'SESS_V1IUJ  ','FA896075    ','Regular','Low',55.2,8428.20,323816,37.19,NULL
'SESS_YJGRL  ','FA644161    ','Regular','Low',8.0,7971.53,639101,3.50,NULL
'SESS_5LI8R  ','FA292914    ','Random','High',26.3,7330.22,907247,84.46,NULL
'SESS_BQK6F  ','FA704510    ','Random','Suspicious',76.8,7237.97,753171,30.26,NULL
'SESS_BDITV  ','FA530280    ','Burst','High',34.1,9776.23,562837,34.44,NULL
'SESS_E2617  ','FA413695    ','Regular','Medium',6.3,4341.65,396958,48.50,NULL
'SESS_ZDH9Z  ','FA470526    ','Random','Low',27.6,7034.99,215039,41.70,NULL
'SESS_28SXF  ','FA551985    ','Regular','Suspicious',13.7,754.38,204149,35.47,NULL
'SESS_FPET5  ','FA698726    ','Regular','Suspicious',58.0,3257.94,177791,7.51,NULL
'SESS_PZ7AL  ','FA258526    ','Bot-like','High',33.6,9837.65,955299,6.46,NULL
'SESS_84XYG  ','FA713303    ','Regular','High',57.5,8171.82,979508,0.20,NULL
'SESS_VFW4P  ','FA568356    ','Regular','Low',55.6,7560.23,771545,34.23,NULL
'SESS_3VYT5  ','FA935245    ','Regular','Suspicious',28.4,6622.35,848471,6.65,NULL
'SESS_RLDJW  ','FA350970    ','Bot-like','Low',15.6,326.98,567579,29.51,NULL
'SESS_UEYDL  ','FA396026    ','Regular','High',21.6,5114.98,664449,58.87,NULL
'SESS_Y1PHB  ','FA173988    ','Burst','Medium',58.4,1746.90,257462,64.85,NULL
'SESS_X6JJF  ','FA458791    ','Burst','Low',55.5,8562.26,412106,54.39,NULL
'SESS_2O0UD  ','FA704239    ','Bot-like','High',12.0,8511.70,539318,23.47,NULL
'SESS_LI9XF  ','FA798450    ','Bot-like','Suspicious',58.6,6667.78,76546,4.45,NULL
'SESS_3OJ9X  ','FA107171    ','Random','High',61.7,4694.98,127433,58.06,NULL
'SESS_KYJ3D  ','FA393225    ','Random','Suspicious',86.6,3697.58,154616,8.12,NULL
'SESS_I6312  ','FA989128    ','Burst','Low',26.6,1015.81,159805,49.78,NULL
'SESS_161VG  ','FA850259    ','Burst','Low',64.9,6038.38,68601,96.16,NULL
